    93 2.75467 0.14264  0.15452   7.78 -10.12   516 1272 Gefion       
   255 2.74576 0.12564  0.16173  10.21  -4.32   516 1272 Gefion       
  1272 2.78382 0.12900  0.15669  12.84   0.00   516 1272 Gefion       
  1751 2.78991 0.13207  0.15876  11.86   0.32   516 1272 Gefion       
  1839 2.80003 0.14121  0.15827  11.94   0.83   516 1272 Gefion       
  2053 2.80219 0.12906  0.15304  11.74   1.03   516 1272 Gefion       
  2157 2.78343 0.12902  0.15969  11.91  -0.02   516 1272 Gefion       
  2185 2.70895 0.12509  0.15504  11.43  -4.84   516 1272 Gefion       
  2373 2.79526 0.13493  0.16031  12.26   0.51   516 1272 Gefion       
  2386 2.81426 0.13404  0.15970  11.60   1.82   516 1272 Gefion       
  2493 2.78887 0.13164  0.15859  12.43   0.21   516 1272 Gefion       
  2521 2.79380 0.12648  0.15603  11.56   0.61   516 1272 Gefion       
  2631 2.79768 0.13327  0.15859  11.80   0.76   516 1272 Gefion       
  2801 2.80080 0.13563  0.15660  11.69   0.98   516 1272 Gefion       
  2875 2.79765 0.13992  0.16363  12.11   0.66   516 1272 Gefion       
  2905 2.80383 0.12886  0.15505  11.93   1.03   516 1272 Gefion       
  2911 2.79420 0.13118  0.15762  11.55   0.64   516 1272 Gefion       
  2977 2.78465 0.13489  0.15760  12.34   0.04   516 1272 Gefion       
  3724 2.76392 0.12402  0.15596  11.55  -1.22   516 1272 Gefion       
  3788 2.79231 0.12640  0.15655  12.03   0.42   516 1272 Gefion       
  3860 2.80584 0.12460  0.16006  11.60   1.32   516 1272 Gefion       
  3910 2.79443 0.13609  0.15717  11.80   0.58   516 1272 Gefion       
  3964 2.75701 0.13297  0.15717  12.86  -0.90   516 1272 Gefion       
  4096 2.80968 0.12431  0.15569  12.55   1.00   516 1272 Gefion       
  4182 2.79936 0.13119  0.15635  12.04   0.76   516 1272 Gefion       
  4417 2.75857 0.14494  0.16189  11.87  -1.33   516 1272 Gefion       
  4702 2.79344 0.13175  0.15782  12.44   0.39   516 1272 Gefion       
  5159 2.78914 0.13078  0.15786  12.93   0.17   516 1272 Gefion       
  5401 2.79602 0.13419  0.15990  11.94   0.63   516 1272 Gefion       
  5622 2.80285 0.13980  0.16075  11.97   0.96   516 1272 Gefion       
  5685 2.79970 0.13039  0.15613  11.62   0.94   516 1272 Gefion       
  5712 2.77242 0.13007  0.15937  12.67  -0.42   516 1272 Gefion       
  5823 2.77427 0.12398  0.15902  12.44  -0.39   516 1272 Gefion       
  5955 2.80438 0.12934  0.15131  12.47   0.82   516 1272 Gefion       
  6044 2.77465 0.13554  0.15795  13.20  -0.26   516 1272 Gefion       
  6078 2.80566 0.13175  0.15945  12.59   0.83   516 1272 Gefion       
  6211 2.75624 0.13062  0.16085  12.94  -0.89   516 1272 Gefion       
  6499 2.76295 0.14146  0.15743  12.25  -0.92   516 1272 Gefion       
  6594 2.77926 0.13206  0.15961  12.47  -0.18   516 1272 Gefion       
  6929 2.76622 0.12676  0.16178  12.49  -0.70   516 1272 Gefion       
  7094 2.78153 0.12928  0.15896  12.53  -0.09   516 1272 Gefion       
  7141 2.78687 0.13474  0.15771  13.25   0.09   516 1272 Gefion       
  7176 2.76112 0.12332  0.15224  12.66  -0.83   516 1272 Gefion       
  7211 2.79927 0.13175  0.15692  12.91   0.51   516 1272 Gefion       
  7272 2.78145 0.13144  0.15933  12.51  -0.09   516 1272 Gefion       
  7363 2.75803 0.12966  0.16032  12.65  -0.95   516 1272 Gefion       
  7397 2.78353 0.13215  0.16063  12.63   0.00   516 1272 Gefion       
  7444 2.78594 0.13006  0.15636  13.00   0.07   516 1272 Gefion       
  7451 2.80899 0.13746  0.16201  12.29   1.10   516 1272 Gefion       
  7576 2.78541 0.13353  0.16076  12.53   0.06   516 1272 Gefion       
  7651 2.78447 0.13039  0.15669  12.93   0.02   516 1272 Gefion       
  7735 2.75767 0.12661  0.16335  12.84  -0.88   516 1272 Gefion       
  7957 2.77302 0.13523  0.15878  13.40  -0.28   516 1272 Gefion       
  8074 2.78779 0.12650  0.15239  13.08   0.12   516 1272 Gefion       
  8219 2.78127 0.13049  0.15993  12.43  -0.10   516 1272 Gefion       
  8295 2.78354 0.13025  0.15891  12.65   0.00   516 1272 Gefion       
  8334 2.78515 0.13306  0.15849  12.95   0.04   516 1272 Gefion       
  8440 2.77988 0.12451  0.15160  12.97  -0.12   516 1272 Gefion       
  8451 2.77330 0.12958  0.15623  13.51  -0.26   516 1272 Gefion       
  8469 2.80201 0.12863  0.15891  12.78   0.63   516 1272 Gefion       
  8511 2.77091 0.12749  0.16081  12.90  -0.42   516 1272 Gefion       
  8533 2.76270 0.12863  0.15940  12.88  -0.70   516 1272 Gefion       
  8565 2.78993 0.12231  0.15343  12.87   0.20   516 1272 Gefion       
  8659 2.78315 0.13334  0.15655  12.60  -0.02   516 1272 Gefion       
  8819 2.78233 0.13551  0.15988  13.44  -0.04   516 1272 Gefion       
  9173 2.79266 0.13544  0.15809  12.48   0.35   516 1272 Gefion       
  9312 2.80885 0.13721  0.15892  12.64   0.93   516 1272 Gefion       
  9447 2.75257 0.12045  0.15578  13.01  -0.98   516 1272 Gefion       
  9511 2.76850 0.12698  0.16135  13.02  -0.48   516 1272 Gefion       
  9662 2.76576 0.13750  0.15951  13.51  -0.45   516 1272 Gefion       
 10064 2.72939 0.14708  0.16140  11.91  -2.82   516 1272 Gefion       
 10118 2.80706 0.13607  0.15880  12.74   0.82   516 1272 Gefion       
 10222 2.77205 0.13626  0.15772  12.73  -0.42   516 1272 Gefion       
 10245 2.78156 0.13448  0.15827  12.99  -0.07   516 1272 Gefion       
 10335 2.79342 0.12649  0.15734  13.43   0.25   516 1272 Gefion       
 10511 2.78099 0.13132  0.15998  12.54  -0.11   516 1272 Gefion       
 10649 2.81265 0.12769  0.15576  14.19   0.52   516 1272 Gefion       
 10665 2.79845 0.12949  0.15572  13.19   0.42   516 1272 Gefion       
 10913 2.79255 0.13891  0.15868  12.56   0.34   516 1272 Gefion       
 11065 2.78488 0.12686  0.15773  12.20   0.05   516 1272 Gefion       
 11199 2.76276 0.12784  0.16172  12.79  -0.73   516 1272 Gefion       
 11322 2.72385 0.10226  0.16100  13.97  -1.20   516 1272 Gefion       
 11368 2.79127 0.13333  0.15926  12.79   0.26   516 1272 Gefion       
 11508 2.78360 0.13307  0.15882  12.85   0.00   516 1272 Gefion       
 11661 2.78753 0.12264  0.15608  13.30   0.10   516 1272 Gefion       
 11721 2.77498 0.14047  0.15972  13.59  -0.21   516 1272 Gefion       
 12275 2.76335 0.12729  0.16153  12.57  -0.78   516 1272 Gefion       
 12279 2.77098 0.13022  0.16030  12.46  -0.52   516 1272 Gefion       
 12381 2.76958 0.13529  0.15888  13.24  -0.40   516 1272 Gefion       
 12436 2.78637 0.13297  0.15978  12.86   0.09   516 1272 Gefion       
 12503 2.75744 0.13698  0.15859  13.98  -0.53   516 1272 Gefion       
 12598 2.73856 0.12376  0.15450  13.94  -0.92   516 1272 Gefion       
 12754 2.77494 0.12402  0.16015  12.50  -0.35   516 1272 Gefion       
 12809 2.78258 0.12971  0.15664  12.68  -0.04   516 1272 Gefion       
 12813 2.78039 0.13217  0.15939  13.62  -0.08   516 1272 Gefion       
 12886 2.76451 0.13622  0.15723  13.13  -0.57   516 1272 Gefion       
 13175 2.80002 0.12559  0.15068  13.94   0.33   516 1272 Gefion       
 13338 2.77496 0.12716  0.16052  12.68  -0.32   516 1272 Gefion       
 13749 2.79009 0.12433  0.15262  12.82   0.21   516 1272 Gefion       
 13801 2.75278 0.11994  0.16043  13.35  -0.83   516 1272 Gefion       
 13960 2.77349 0.13642  0.15973  13.56  -0.25   516 1272 Gefion       
 14128 2.77204 0.12421  0.15866  13.10  -0.35   516 1272 Gefion       
 14269 2.79510 0.12932  0.15759  12.68   0.41   516 1272 Gefion       
 14656 2.72391 0.09216  0.15953  12.97  -1.91   516 1272 Gefion       
 14938 2.79033 0.13244  0.15964  12.32   0.28   516 1272 Gefion       
 14941 2.76118 0.12483  0.15958  14.16  -0.42   516 1272 Gefion       
 15000 2.76577 0.14466  0.15956  14.04  -0.35   516 1272 Gefion       
 15067 2.79909 0.12989  0.15751  13.24   0.43   516 1272 Gefion       
 15142 2.76961 0.12699  0.15967  12.86  -0.48   516 1272 Gefion       
 15212 2.78844 0.13064  0.15682  12.87   0.15   516 1272 Gefion       
 15216 2.80970 0.12654  0.15763  14.82   0.35   516 1272 Gefion       
 15523 2.77524 0.13049  0.15797  13.17  -0.25   516 1272 Gefion       
 15643 2.77413 0.12685  0.15810  13.35  -0.26   516 1272 Gefion       
 15702 2.73595 0.09169  0.15816  12.91  -1.57   516 1272 Gefion       
 15840 2.78758 0.13046  0.15739  13.06   0.12   516 1272 Gefion       
 15961 2.78244 0.12555  0.15605  13.23  -0.04   516 1272 Gefion       
 16055 2.77065 0.12611  0.15948  13.24  -0.37   516 1272 Gefion       
 16138 2.76600 0.13711  0.15790  13.40  -0.46   516 1272 Gefion       
 16140 2.77052 0.13629  0.15901  13.30  -0.36   516 1272 Gefion       
 16148 2.79147 0.13671  0.15881  13.23   0.22   516 1272 Gefion       
 16176 2.80520 0.13246  0.15848  13.03   0.66   516 1272 Gefion       
 16184 2.78300 0.12996  0.15932  12.76  -0.03   516 1272 Gefion       
 16188 2.76874 0.12374  0.15748  13.23  -0.43   516 1272 Gefion       
 16283 2.76588 0.13502  0.15945  13.92  -0.37   516 1272 Gefion       
 16344 2.81529 0.12555  0.15765  13.77   0.69   516 1272 Gefion       
 16537 2.75258 0.14375  0.16316  13.14  -0.92   516 1272 Gefion       
 16621 2.76024 0.12438  0.16013  13.76  -0.52   516 1272 Gefion       
 16679 2.76643 0.13574  0.15798  12.98  -0.55   516 1272 Gefion       
 16766 2.77167 0.13742  0.15695  12.95  -0.39   516 1272 Gefion       
 16899 2.75392 0.13389  0.15689  13.55  -0.73   516 1272 Gefion       
 16938 2.76710 0.12831  0.16013  13.45  -0.43   516 1272 Gefion       
 17005 2.79712 0.12687  0.15937  12.97   0.42   516 1272 Gefion       
 17109 2.76955 0.13126  0.15448  12.59  -0.54   516 1272 Gefion       
 17112 2.77798 0.12204  0.15936  12.86  -0.19   516 1272 Gefion       
 17202 2.81325 0.13587  0.16347  13.09   0.89   516 1272 Gefion       
 17344 2.78621 0.12507  0.15000  13.77   0.05   516 1272 Gefion       
 17480 2.78917 0.13531  0.16027  13.66   0.12   516 1272 Gefion       
 17833 2.78612 0.12662  0.15294  13.17   0.07   516 1272 Gefion       
 17909 2.76153 0.12178  0.14801  14.18  -0.41   516 1272 Gefion       
 17979 2.78389 0.12774  0.15658  13.21   0.00   516 1272 Gefion       
 18009 2.81398 0.13201  0.15796  13.66   0.70   516 1272 Gefion       
 18098 2.76231 0.12618  0.15817  13.06  -0.66   516 1272 Gefion       
 18244 2.72718 0.09289  0.15668  14.75  -0.79   516 1272 Gefion       
 18338 2.77918 0.13386  0.15956  13.41  -0.12   516 1272 Gefion       
 18351 2.79078 0.13552  0.15829  13.01   0.22   516 1272 Gefion       
 18464 2.81198 0.12536  0.15294  14.07   0.54   516 1272 Gefion       
 18552 2.76804 0.12313  0.15707  13.38  -0.42   516 1272 Gefion       
 18649 2.78193 0.12948  0.15654  13.72  -0.04   516 1272 Gefion       
 18725 2.75924 0.12646  0.16010  13.10  -0.74   516 1272 Gefion       
 18820 2.79519 0.12580  0.15790  12.88   0.38   516 1272 Gefion       
 18829 2.77849 0.13291  0.15957  13.11  -0.16   516 1272 Gefion       
 18902 2.77280 0.13088  0.15793  13.22  -0.31   516 1272 Gefion       
 18912 2.81551 0.12687  0.15788  13.79   0.69   516 1272 Gefion       
 18967 2.76914 0.13696  0.15780  13.20  -0.42   516 1272 Gefion       
 19000 2.76648 0.12944  0.15914  13.32  -0.47   516 1272 Gefion       
 19015 2.79178 0.12886  0.15750  13.24   0.22   516 1272 Gefion       
 19131 2.76400 0.12616  0.15985  13.68  -0.45   516 1272 Gefion       
 19273 2.80363 0.12746  0.15881  13.96   0.40   516 1272 Gefion       
 19480 2.77870 0.13321  0.15974  13.23  -0.14   516 1272 Gefion       
 19604 2.76610 0.12326  0.15559  13.88  -0.37   516 1272 Gefion       
 19613 2.76411 0.13044  0.16236  13.48  -0.50   516 1272 Gefion       
 19631 2.77131 0.13257  0.15560  13.70  -0.28   516 1272 Gefion       
 19641 2.72959 0.10796  0.16137  13.26  -1.51   516 1272 Gefion       
 19674 2.80572 0.12927  0.16119  13.22   0.62   516 1272 Gefion       
 19698 2.79944 0.12866  0.15832  12.61   0.59   516 1272 Gefion       
 19740 2.75744 0.13274  0.16336  13.05  -0.81   516 1272 Gefion       
 19820 2.76369 0.13489  0.15818  14.40  -0.33   516 1272 Gefion       
 19829 2.78952 0.13436  0.15542  13.11   0.17   516 1272 Gefion       
 19834 2.76926 0.14050  0.15647  13.43  -0.37   516 1272 Gefion       
 19897 2.74918 0.10629  0.15759  13.72  -0.78   516 1272 Gefion       
 19994 2.77592 0.13076  0.16117  13.15  -0.23   516 1272 Gefion       
 19995 2.79083 0.12470  0.15184  13.25   0.20   516 1272 Gefion       
 19998 2.79834 0.12658  0.16056  13.94   0.30   516 1272 Gefion       
 20087 2.78328 0.12838  0.15846  13.38   0.00   516 1272 Gefion       
 20098 2.77810 0.13224  0.16177  12.48  -0.23   516 1272 Gefion       
 20119 2.76670 0.13571  0.15868  13.98  -0.34   516 1272 Gefion       
 20200 2.76747 0.13616  0.15749  13.77  -0.36   516 1272 Gefion       
 20385 2.77794 0.12714  0.15540  13.57  -0.14   516 1272 Gefion       
 20524 2.77950 0.12784  0.16042  12.77  -0.15   516 1272 Gefion       
 20558 2.77893 0.12552  0.15653  13.34  -0.13   516 1272 Gefion       
 20684 2.78190 0.13716  0.15689  13.56  -0.05   516 1272 Gefion       
 20687 2.73693 0.10192  0.16057  13.78  -1.03   516 1272 Gefion       
 20689 2.76427 0.13306  0.15737  13.57  -0.47   516 1272 Gefion       
 20744 2.77099 0.13491  0.15886  13.05  -0.39   516 1272 Gefion       
 20817 2.76551 0.13080  0.15525  13.92  -0.38   516 1272 Gefion       
 20829 2.75612 0.13624  0.16062  14.13  -0.52   516 1272 Gefion       
 20847 2.76207 0.12623  0.15535  13.21  -0.62   516 1272 Gefion       
 20890 2.74828 0.13471  0.16696  14.11  -0.67   516 1272 Gefion       
 21052 2.77491 0.12167  0.14894  14.89  -0.12   516 1272 Gefion       
 21079 2.76024 0.12633  0.16047  13.17  -0.68   516 1272 Gefion       
 21246 2.78153 0.13173  0.15864  13.18  -0.07   516 1272 Gefion       
 21838 2.76468 0.12478  0.16300  13.95  -0.39   516 1272 Gefion       
 21911 2.78111 0.13335  0.15838  12.96  -0.09   516 1272 Gefion       
 21956 2.77365 0.14391  0.15960  13.88  -0.21   516 1272 Gefion       
 21962 2.78423 0.12880  0.15517  13.65   0.00   516 1272 Gefion       
 22013 2.78527 0.13164  0.15811  13.30   0.04   516 1272 Gefion       
 22025 2.79864 0.13171  0.15816  13.54   0.36   516 1272 Gefion       
 22089 2.80358 0.13252  0.15727  13.43   0.51   516 1272 Gefion       
 22093 2.74810 0.12207  0.16340  14.16  -0.66   516 1272 Gefion       
 22127 2.77662 0.12916  0.16148  13.91  -0.15   516 1272 Gefion       
 22259 2.75989 0.13327  0.15745  13.71  -0.54   516 1272 Gefion       
 22282 2.73478 0.11526  0.15677  13.11  -1.46   516 1272 Gefion       
 22397 2.77496 0.13428  0.15954  13.14  -0.26   516 1272 Gefion       
 22953 2.72371 0.10553  0.16109  14.94  -0.77   516 1272 Gefion       
 23100 2.77182 0.12794  0.15709  12.80  -0.41   516 1272 Gefion       
 23206 2.72656 0.08362  0.15285  13.66  -1.33   516 1272 Gefion       
 23287 2.80581 0.13720  0.15651  14.01   0.43   516 1272 Gefion       
 23547 2.76079 0.12640  0.15918  13.37  -0.61   516 1272 Gefion       
 23805 2.74142 0.15163  0.16134  13.74  -0.95   516 1272 Gefion       
 24173 2.78799 0.13109  0.15903  14.34   0.07   516 1272 Gefion       
 24197 2.75702 0.12971  0.15660  13.88  -0.56   516 1272 Gefion       
 24264 2.76771 0.13717  0.15736  13.79  -0.35   516 1272 Gefion       
 24295 2.76581 0.13421  0.16036  13.47  -0.45   516 1272 Gefion       
 24433 2.77800 0.12943  0.15906  12.72  -0.21   516 1272 Gefion       
 24468 2.77084 0.13178  0.16215  13.17  -0.38   516 1272 Gefion       
 24623 2.76091 0.13063  0.15304  13.82  -0.49   516 1272 Gefion       
 24784 2.79669 0.14193  0.15873  13.28   0.36   516 1272 Gefion       
 24948 2.80857 0.12349  0.15892  13.93   0.51   516 1272 Gefion       
 25025 2.74494 0.12997  0.14817  14.29  -0.67   516 1272 Gefion       
 25066 2.75981 0.12755  0.16101  13.28  -0.66   516 1272 Gefion       
 25083 2.77603 0.13363  0.15803  13.68  -0.18   516 1272 Gefion       
 25091 2.75538 0.12999  0.16089  14.36  -0.48   516 1272 Gefion       
 25190 2.73931 0.12457  0.16358  14.15  -0.82   516 1272 Gefion       
 25217 2.72518 0.11391  0.16262  14.81  -0.80   516 1272 Gefion       
 25253 2.76470 0.11652  0.15708  13.61  -0.45   516 1272 Gefion       
 25487 2.78137 0.12953  0.15945  13.61  -0.06   516 1272 Gefion       
 25524 2.74959 0.12299  0.16312  14.08  -0.65   516 1272 Gefion       
 25666 2.78564 0.13082  0.15778  13.43   0.05   516 1272 Gefion       
 25723 2.76449 0.12737  0.15802  13.92  -0.40   516 1272 Gefion       
 25727 2.76637 0.12603  0.15947  13.79  -0.38   516 1272 Gefion       
 25790 2.78116 0.12688  0.15406  13.05  -0.08   516 1272 Gefion       
 25806 2.79947 0.12572  0.15741  13.33   0.42   516 1272 Gefion       
 25898 2.75586 0.13859  0.15933  13.83  -0.60   516 1272 Gefion       
 25909 2.79191 0.13846  0.16000  13.37   0.21   516 1272 Gefion       
 25978 2.77182 0.12987  0.15755  13.91  -0.25   516 1272 Gefion       
 26026 2.81326 0.13563  0.15806  13.78   0.65   516 1272 Gefion       
 26099 2.75909 0.12889  0.15963  13.96  -0.50   516 1272 Gefion       
 26387 2.78980 0.12760  0.15758  12.69   0.22   516 1272 Gefion       
 26478 2.77162 0.12737  0.15784  13.91  -0.25   516 1272 Gefion       
 26511 2.77083 0.12562  0.15994  13.60  -0.31   516 1272 Gefion       
 26586 2.77580 0.12580  0.16087  13.13  -0.24   516 1272 Gefion       
 26697 2.74447 0.13195  0.16255  13.76  -0.87   516 1272 Gefion       
 26729 2.78528 0.13106  0.15836  13.34   0.04   516 1272 Gefion       
 26745 2.79293 0.11953  0.15487  13.86   0.19   516 1272 Gefion       
 26799 2.78803 0.12293  0.15391  12.94   0.14   516 1272 Gefion       
 27116 2.77570 0.13018  0.15930  14.16  -0.15   516 1272 Gefion       
 27127 2.77639 0.13228  0.15783  13.54  -0.18   516 1272 Gefion       
 27140 2.80091 0.12494  0.15674  13.36   0.46   516 1272 Gefion       
 27414 2.80819 0.12808  0.15600  13.19   0.70   516 1272 Gefion       
 27545 2.79534 0.12679  0.15904  13.12   0.34   516 1272 Gefion       
 27564 2.75548 0.13707  0.15818  13.97  -0.57   516 1272 Gefion       
 27566 2.77523 0.13130  0.15706  13.52  -0.21   516 1272 Gefion       
 27678 2.74707 0.11359  0.15371  14.26  -0.65   516 1272 Gefion       
 27679 2.73932 0.13106  0.16505  14.06  -0.86   516 1272 Gefion       
 27941 2.80071 0.12856  0.15900  14.32   0.29   516 1272 Gefion       
 28049 2.74098 0.14941  0.15536  13.87  -0.90   516 1272 Gefion       
 28290 2.80077 0.11989  0.15934  13.12   0.50   516 1272 Gefion       
 28380 2.81117 0.13125  0.15859  13.00   0.86   516 1272 Gefion       
 28422 2.75728 0.13792  0.15999  13.95  -0.54   516 1272 Gefion       
 28743 2.77355 0.13012  0.16054  12.91  -0.34   516 1272 Gefion       
 28885 2.77468 0.12736  0.15966  12.99  -0.29   516 1272 Gefion       
 28905 2.78006 0.13135  0.15710  13.67  -0.09   516 1272 Gefion       
 28910 2.74918 0.11311  0.16469  13.22  -0.98   516 1272 Gefion       
 29038 2.80002 0.13299  0.15616  13.44   0.42   516 1272 Gefion       
 29043 2.76506 0.12876  0.15815  13.47  -0.47   516 1272 Gefion       
 29113 2.72852 0.09803  0.15985  14.77  -0.77   516 1272 Gefion       
 29467 2.79583 0.13229  0.15572  14.04   0.23   516 1272 Gefion       
 29609 2.76232 0.12917  0.16184  14.16  -0.40   516 1272 Gefion       
 29691 2.76682 0.12091  0.15634  13.36  -0.45   516 1272 Gefion       
 29737 2.75946 0.13611  0.15707  14.06  -0.47   516 1272 Gefion       
 29871 2.76101 0.13065  0.15771  13.18  -0.66   516 1272 Gefion       
 29937 2.78605 0.12965  0.16381  13.32   0.06   516 1272 Gefion       
 29974 2.75545 0.12051  0.16283  13.72  -0.64   516 1272 Gefion       
 30068 2.75593 0.14043  0.16255  13.93  -0.57   516 1272 Gefion       
 30163 2.79207 0.13612  0.15863  13.48   0.21   516 1272 Gefion       
 30228 2.75547 0.12498  0.15951  13.80  -0.62   516 1272 Gefion       
 30367 2.78435 0.13177  0.15830  13.53   0.00   516 1272 Gefion       
 30421 2.79830 0.12462  0.16076  14.15   0.27   516 1272 Gefion       
 30444 2.77331 0.13202  0.15710  13.85  -0.22   516 1272 Gefion       
 30474 2.76246 0.13185  0.16240  13.97  -0.43   516 1272 Gefion       
 30516 2.74964 0.13683  0.15894  13.93  -0.70   516 1272 Gefion       
 30536 2.77887 0.13045  0.16011  13.42  -0.13   516 1272 Gefion       
 30631 2.74745 0.12157  0.16363  15.37  -0.38   516 1272 Gefion       
 30655 2.77303 0.13009  0.15872  13.46  -0.27   516 1272 Gefion       
 30677 2.77242 0.13797  0.16132  14.48  -0.18   516 1272 Gefion       
 30691 2.79828 0.14045  0.15924  14.56   0.22   516 1272 Gefion       
 30731 2.75660 0.12976  0.15371  14.53  -0.42   516 1272 Gefion       
 30848 2.78133 0.12844  0.15728  13.50  -0.06   516 1272 Gefion       
 31188 2.80851 0.13334  0.16336  13.51   0.61   516 1272 Gefion       
 31224 2.75482 0.12224  0.16327  14.02  -0.57   516 1272 Gefion       
 31557 2.77626 0.13122  0.15657  14.22  -0.13   516 1272 Gefion       
 31612 2.79321 0.12651  0.15432  14.43   0.15   516 1272 Gefion       
 31744 2.75695 0.13357  0.15893  14.27  -0.47   516 1272 Gefion       
 31797 2.76314 0.13357  0.16085  13.66  -0.48   516 1272 Gefion       
 32112 2.74815 0.11371  0.15677  13.71  -0.81   516 1272 Gefion       
 32161 2.75202 0.13162  0.15881  13.62  -0.75   516 1272 Gefion       
 32343 2.77266 0.12719  0.15868  13.47  -0.28   516 1272 Gefion       
 32371 2.76628 0.13913  0.16232  13.90  -0.36   516 1272 Gefion       
 32520 2.76522 0.12867  0.15654  13.79  -0.41   516 1272 Gefion       
 32535 2.72333 0.09256  0.15935  15.01  -0.75   516 1272 Gefion       
 32545 2.80204 0.13383  0.15951  13.40   0.48   516 1272 Gefion       
 32567 2.78818 0.13059  0.15804  12.97   0.14   516 1272 Gefion       
 32684 2.76285 0.13915  0.16231  14.49  -0.33   516 1272 Gefion       
 32778 2.81025 0.13131  0.16186  14.23   0.47   516 1272 Gefion       
 33173 2.74039 0.15360  0.16090  14.12  -0.81   516 1272 Gefion       
 33519 2.77736 0.12925  0.15905  13.29  -0.18   516 1272 Gefion       
 33631 2.76218 0.13386  0.16015  14.14  -0.40   516 1272 Gefion       
 33671 2.74283 0.12508  0.16498  13.28  -1.13   516 1272 Gefion       
 33727 2.73802 0.13059  0.15767  13.67  -1.06   516 1272 Gefion       
 33973 2.78782 0.13319  0.15883  13.78   0.09   516 1272 Gefion       
 34040 2.77012 0.13180  0.15557  14.18  -0.25   516 1272 Gefion       
 34060 2.81499 0.12442  0.15713  12.63   1.16   516 1272 Gefion       
 34258 2.76294 0.12469  0.15231  14.10  -0.39   516 1272 Gefion       
 34342 2.78086 0.13399  0.15584  14.27  -0.05   516 1272 Gefion       
 34379 2.75024 0.13256  0.15644  14.12  -0.63   516 1272 Gefion       
 34501 2.77528 0.12918  0.15960  13.15  -0.25   516 1272 Gefion       
 34615 2.78632 0.12512  0.16110  13.27   0.07   516 1272 Gefion       
 34632 2.75368 0.12644  0.15478  13.78  -0.66   516 1272 Gefion       
 34713 2.80194 0.13360  0.16067  13.50   0.45   516 1272 Gefion       
 34767 2.77531 0.12802  0.15678  12.73  -0.30   516 1272 Gefion       
 34961 2.76581 0.12544  0.15526  13.33  -0.49   516 1272 Gefion       
 34963 2.76816 0.13649  0.15736  14.44  -0.25   516 1272 Gefion       
 34988 2.75392 0.13298  0.15720  14.39  -0.49   516 1272 Gefion       
 35013 2.74351 0.12059  0.16043  15.18  -0.46   516 1272 Gefion       
 35516 2.80157 0.12815  0.15498  14.36   0.30   516 1272 Gefion       
 35524 2.72714 0.13860  0.15828  14.16  -1.04   516 1272 Gefion       
 35619 2.77445 0.13018  0.15646  13.17  -0.27   516 1272 Gefion       
 35643 2.79422 0.13875  0.15860  13.36   0.28   516 1272 Gefion       
 35652 2.77445 0.13306  0.15819  13.29  -0.26   516 1272 Gefion       
 35917 2.75777 0.12531  0.15502  14.31  -0.45   516 1272 Gefion       
 35985 2.79803 0.12567  0.15437  13.85   0.30   516 1272 Gefion       
 35999 2.76359 0.12664  0.15258  14.37  -0.34   516 1272 Gefion       
 36001 2.76176 0.12473  0.16094  14.39  -0.36   516 1272 Gefion       
 36005 2.74307 0.14598  0.16119  13.98  -0.81   516 1272 Gefion       
 36015 2.79582 0.12976  0.16124  14.27   0.21   516 1272 Gefion       
 36048 2.78957 0.12773  0.15065  14.09   0.11   516 1272 Gefion       
 36115 2.76176 0.12763  0.15809  13.72  -0.50   516 1272 Gefion       
 36124 2.76719 0.12124  0.15665  13.86  -0.35   516 1272 Gefion       
 36668 2.75566 0.13044  0.16341  14.42  -0.46   516 1272 Gefion       
 36675 2.75688 0.12846  0.16157  14.41  -0.44   516 1272 Gefion       
 36693 2.75941 0.12956  0.15912  14.93  -0.31   516 1272 Gefion       
 36709 2.73975 0.12299  0.16551  14.14  -0.82   516 1272 Gefion       
 36989 2.72735 0.10222  0.16289  14.41  -0.93   516 1272 Gefion       
 37032 2.73054 0.12792  0.15153  14.38  -0.89   516 1272 Gefion       
 37089 2.74247 0.11575  0.15234  14.13  -0.77   516 1272 Gefion       
 37132 2.77107 0.11844  0.15505  13.52  -0.31   516 1272 Gefion       
 37169 2.74694 0.14689  0.15922  14.11  -0.69   516 1272 Gefion       
 37261 2.74293 0.12995  0.15604  14.29  -0.71   516 1272 Gefion       
 37383 2.76082 0.13482  0.16263  14.61  -0.34   516 1272 Gefion       
 37396 2.72148 0.10881  0.15572  14.75  -0.87   516 1272 Gefion       
 37508 2.77578 0.13331  0.15839  14.29  -0.14   516 1272 Gefion       
 37566 2.79826 0.13272  0.15993  13.65   0.34   516 1272 Gefion       
 37611 2.74422 0.12855  0.15027  14.24  -0.70   516 1272 Gefion       
 37745 2.73437 0.13606  0.16055  14.55  -0.76   516 1272 Gefion       
 37759 2.75130 0.13798  0.15996  13.77  -0.72   516 1272 Gefion       
 37760 2.79765 0.13529  0.15950  13.44   0.36   516 1272 Gefion       
 37957 2.74842 0.11973  0.15627  14.24  -0.63   516 1272 Gefion       
 37973 2.79733 0.12907  0.15431  13.90   0.28   516 1272 Gefion       
 37975 2.72368 0.11644  0.15895  14.39  -1.00   516 1272 Gefion       
 37984 2.78995 0.12863  0.15934  14.46   0.10   516 1272 Gefion       
 38332 2.76657 0.13178  0.15681  14.28  -0.30   516 1272 Gefion       
 38407 2.81301 0.13261  0.15765  13.93   0.60   516 1272 Gefion       
 38465 2.78557 0.12885  0.15468  13.55   0.04   516 1272 Gefion       
 38765 2.73953 0.10810  0.16308  14.28  -0.77   516 1272 Gefion       
 38792 2.72803 0.13863  0.15824  14.28  -0.97   516 1272 Gefion       
 38931 2.73747 0.10634  0.16306  13.88  -0.97   516 1272 Gefion       
 39098 2.71553 0.12553  0.15664  15.03  -0.84   516 1272 Gefion       
 39173 2.73951 0.13700  0.15907  14.21  -0.80   516 1272 Gefion       
 39181 2.74403 0.13789  0.15946  14.21  -0.72   516 1272 Gefion       
 39359 2.72044 0.08520  0.15509  14.69  -0.91   516 1272 Gefion       
 39447 2.74032 0.10001  0.15857  14.64  -0.64   516 1272 Gefion       
 39537 2.76807 0.13056  0.15892  13.09  -0.47   516 1272 Gefion       
 39630 2.72981 0.13855  0.15466  13.83  -1.16   516 1272 Gefion       
 40092 2.75509 0.12758  0.15607  14.33  -0.49   516 1272 Gefion       
 40114 2.77136 0.13704  0.15777  14.02  -0.24   516 1272 Gefion       
 40434 2.80686 0.13082  0.16018  14.00   0.46   516 1272 Gefion       
 40454 2.76601 0.12661  0.15626  14.49  -0.28   516 1272 Gefion       
 40459 2.76504 0.12631  0.16155  14.38  -0.31   516 1272 Gefion       
 40483 2.73227 0.09407  0.16406  14.42  -0.84   516 1272 Gefion       
 40490 2.71941 0.15174  0.16402  14.25  -1.14   516 1272 Gefion       
 40520 2.79815 0.13078  0.15609  13.82   0.31   516 1272 Gefion       
 40531 2.75095 0.11344  0.15268  14.50  -0.52   516 1272 Gefion       
 40532 2.73073 0.11936  0.15386  14.72  -0.75   516 1272 Gefion       
 40541 2.80565 0.12903  0.15484  14.26   0.38   516 1272 Gefion       
 40603 2.78883 0.11904  0.15906  14.36   0.08   516 1272 Gefion       
 40621 2.79736 0.12686  0.15471  14.18   0.25   516 1272 Gefion       
 40662 2.76620 0.12685  0.15774  14.09  -0.33   516 1272 Gefion       
 40704 2.75700 0.12979  0.16121  14.60  -0.40   516 1272 Gefion       
 40710 2.75582 0.13055  0.15915  14.07  -0.54   516 1272 Gefion       
 40841 2.75217 0.14086  0.16003  13.46  -0.80   516 1272 Gefion       
 40903 2.74978 0.12338  0.16459  13.78  -0.75   516 1272 Gefion       
 40934 2.77737 0.12563  0.15510  13.64  -0.15   516 1272 Gefion       
 41056 2.74424 0.11826  0.15482  14.12  -0.74   516 1272 Gefion       
 41108 2.76103 0.13662  0.16287  14.84  -0.31   516 1272 Gefion       
 41214 2.77695 0.13685  0.15880  14.08  -0.13   516 1272 Gefion       
 41220 2.79303 0.12625  0.15420  14.44   0.15   516 1272 Gefion       
 41314 2.77132 0.13250  0.16005  13.05  -0.38   516 1272 Gefion       
 41389 2.78936 0.13565  0.15844  13.98   0.11   516 1272 Gefion       
 41391 2.77198 0.12453  0.15764  13.52  -0.29   516 1272 Gefion       
 41446 2.77433 0.12676  0.15707  14.05  -0.18   516 1272 Gefion       
 41782 2.74743 0.14135  0.16064  14.33  -0.62   516 1272 Gefion       
 41806 2.79742 0.12496  0.15508  14.84   0.18   516 1272 Gefion       
 41968 2.74179 0.10870  0.15334  14.25  -0.74   516 1272 Gefion       
 42000 2.71785 0.10521  0.15719  14.80  -0.90   516 1272 Gefion       
 42075 2.76549 0.14202  0.15935  13.96  -0.37   516 1272 Gefion       
 42093 2.73210 0.13961  0.15583  14.55  -0.80   516 1272 Gefion       
 42262 2.76700 0.14074  0.15870  13.93  -0.34   516 1272 Gefion       
 42263 2.76598 0.12523  0.15973  13.48  -0.45   516 1272 Gefion       
 42352 2.76247 0.13252  0.16019  14.43  -0.35   516 1272 Gefion       
 42527 2.75766 0.12063  0.15799  13.46  -0.66   516 1272 Gefion       
 42676 2.76228 0.13659  0.15890  14.74  -0.30   516 1272 Gefion       
 42778 2.75757 0.12585  0.16170  14.40  -0.43   516 1272 Gefion       
 42803 2.76895 0.13971  0.15875  12.95  -0.48   516 1272 Gefion       
 42922 2.80597 0.13369  0.15686  12.92   0.72   516 1272 Gefion       
 42978 2.72021 0.14622  0.16312  14.61  -0.95   516 1272 Gefion       
 43018 2.81282 0.13346  0.15808  13.60   0.69   516 1272 Gefion       
 43248 2.78430 0.13959  0.16108  13.90   0.00   516 1272 Gefion       
 43298 2.81176 0.12208  0.15570  14.39   0.46   516 1272 Gefion       
 43327 2.76283 0.12298  0.15532  13.80  -0.46   516 1272 Gefion       
 43471 2.76148 0.13514  0.15636  14.59  -0.34   516 1272 Gefion       
 43668 2.77462 0.13068  0.16213  14.08  -0.18   516 1272 Gefion       
 43734 2.76310 0.13175  0.15594  14.85  -0.28   516 1272 Gefion       
 43849 2.78213 0.12739  0.15369  14.43  -0.03   516 1272 Gefion       
 43852 2.73525 0.09969  0.16683  14.30  -0.84   516 1272 Gefion       
 43920 2.75781 0.13957  0.16407  13.17  -0.75   516 1272 Gefion       
 44209 2.73416 0.14704  0.15597  13.84  -1.06   516 1272 Gefion       
 44222 2.77181 0.12775  0.15783  13.77  -0.26   516 1272 Gefion       
 44241 2.76839 0.13269  0.15855  14.08  -0.29   516 1272 Gefion       
 44263 2.74803 0.11061  0.15839  14.05  -0.69   516 1272 Gefion       
 44308 2.76443 0.13355  0.15765  14.18  -0.35   516 1272 Gefion       
 44359 2.72897 0.12038  0.15887  14.32  -0.94   516 1272 Gefion       
 44368 2.74212 0.13981  0.15659  14.34  -0.71   516 1272 Gefion       
 44398 2.74926 0.11504  0.15624  14.66  -0.50   516 1272 Gefion       
 44461 2.75959 0.13140  0.16135  13.82  -0.52   516 1272 Gefion       
 44467 2.79224 0.12281  0.15939  14.29   0.15   516 1272 Gefion       
 44523 2.73452 0.09855  0.16548  14.33  -0.84   516 1272 Gefion       
 44528 2.78979 0.12734  0.15463  13.58   0.14   516 1272 Gefion       
 44737 2.81387 0.12577  0.15926  14.81   0.41   516 1272 Gefion       
 45016 2.74969 0.11766  0.15746  13.96  -0.69   516 1272 Gefion       
 45110 2.75545 0.10926  0.15553  14.49  -0.45   516 1272 Gefion       
 45123 2.78019 0.13165  0.15901  13.29  -0.10   516 1272 Gefion       
 45139 2.75787 0.12480  0.16062  13.30  -0.71   516 1272 Gefion       
 45204 2.78656 0.13331  0.15880  14.08   0.05   516 1272 Gefion       
 45211 2.78242 0.12416  0.14789  14.44  -0.02   516 1272 Gefion       
 45239 2.76486 0.12445  0.15398  14.22  -0.34   516 1272 Gefion       
 45275 2.78217 0.13495  0.15935  14.24  -0.03   516 1272 Gefion       
 45336 2.79313 0.13223  0.16126  14.65   0.14   516 1272 Gefion       
 45340 2.76694 0.13333  0.16014  13.95  -0.34   516 1272 Gefion       
 45351 2.79558 0.13003  0.16016  14.02   0.23   516 1272 Gefion       
 45367 2.74018 0.15031  0.16056  14.54  -0.67   516 1272 Gefion       
 45441 2.76461 0.12814  0.15473  14.18  -0.35   516 1272 Gefion       
 45534 2.75804 0.12968  0.16049  14.03  -0.50   516 1272 Gefion       
 45615 2.77085 0.12924  0.15874  15.16  -0.15   516 1272 Gefion       
 45729 2.80149 0.12989  0.15779  13.40   0.46   516 1272 Gefion       
 45744 2.75806 0.14526  0.16149  14.00  -0.51   516 1272 Gefion       
 45765 2.79493 0.12882  0.15568  13.38   0.29   516 1272 Gefion       
 45786 2.76015 0.12261  0.15874  14.50  -0.37   516 1272 Gefion       
 45921 2.77299 0.12350  0.15657  13.60  -0.26   516 1272 Gefion       
 46135 2.75764 0.12991  0.15422  14.04  -0.51   516 1272 Gefion       
 46140 2.75641 0.13189  0.16090  13.88  -0.57   516 1272 Gefion       
 46166 2.75581 0.13144  0.15461  14.53  -0.43   516 1272 Gefion       
 46179 2.73916 0.14510  0.16054  14.03  -0.87   516 1272 Gefion       
 46203 2.75752 0.12566  0.15425  14.79  -0.36   516 1272 Gefion       
 46259 2.76243 0.13011  0.15909  14.12  -0.40   516 1272 Gefion       
 46609 2.72200 0.12415  0.15696  13.48  -1.56   516 1272 Gefion       
 47054 2.76941 0.13706  0.15870  14.13  -0.27   516 1272 Gefion       
 47058 2.76918 0.12630  0.15664  14.28  -0.25   516 1272 Gefion       
 47323 2.72244 0.13587  0.15615  14.35  -1.03   516 1272 Gefion       
 47485 2.76251 0.14219  0.15908  13.66  -0.49   516 1272 Gefion       
 47508 2.72565 0.11674  0.16200  13.93  -1.19   516 1272 Gefion       
 47510 2.78888 0.13645  0.15953  13.81   0.11   516 1272 Gefion       
 47514 2.76458 0.13470  0.15552  13.67  -0.44   516 1272 Gefion       
 47531 2.77102 0.13251  0.15670  13.43  -0.33   516 1272 Gefion       
 47533 2.75498 0.12725  0.15755  13.61  -0.68   516 1272 Gefion       
 47563 2.80227 0.12532  0.15442  14.10   0.35   516 1272 Gefion       
 47657 2.79483 0.12512  0.16144  13.64   0.26   516 1272 Gefion       
 47776 2.75784 0.13378  0.15866  13.77  -0.57   516 1272 Gefion       
 47783 2.74740 0.12666  0.15371  13.77  -0.80   516 1272 Gefion       
 47816 2.81079 0.13528  0.16251  13.70   0.61   516 1272 Gefion       
 47818 2.78447 0.12711  0.15671  13.40   0.02   516 1272 Gefion       
 47875 2.77221 0.13151  0.15788  13.96  -0.23   516 1272 Gefion       
 47876 2.78709 0.13614  0.16014  14.28   0.06   516 1272 Gefion       
 47884 2.75602 0.12298  0.15596  14.41  -0.46   516 1272 Gefion       
 47921 2.77456 0.13861  0.16130  13.78  -0.20   516 1272 Gefion       
 47929 2.79871 0.12872  0.15749  13.70   0.34   516 1272 Gefion       
 48157 2.76782 0.13717  0.16445  14.41  -0.26   516 1272 Gefion       
 48228 2.76699 0.13074  0.15505  14.01  -0.33   516 1272 Gefion       
 48308 2.81379 0.12885  0.15623  14.27   0.52   516 1272 Gefion       
 48348 2.79160 0.13315  0.15985  14.23   0.14   516 1272 Gefion       
 48543 2.75544 0.12626  0.16046  13.54  -0.69   516 1272 Gefion       
 48552 2.77879 0.13007  0.16092  14.62  -0.07   516 1272 Gefion       
 48778 2.79544 0.12353  0.15765  14.25   0.21   516 1272 Gefion       
 48796 2.79057 0.12955  0.16001  14.77   0.09   516 1272 Gefion       
 48798 2.76529 0.13651  0.15798  13.70  -0.42   516 1272 Gefion       
 49117 2.78034 0.13106  0.15793  13.57  -0.08   516 1272 Gefion       
 49415 2.74489 0.13249  0.15652  14.39  -0.64   516 1272 Gefion       
 49449 2.78344 0.13439  0.15877  14.49   0.00   516 1272 Gefion       
 49466 2.76149 0.12856  0.16272  14.03  -0.44   516 1272 Gefion       
 49494 2.77013 0.12828  0.15692  14.14  -0.25   516 1272 Gefion       
 49506 2.81246 0.11919  0.15621  14.62   0.43   516 1272 Gefion       
 49551 2.75201 0.14411  0.15802  14.30  -0.55   516 1272 Gefion       
 49562 2.80217 0.12881  0.15619  14.01   0.36   516 1272 Gefion       
 49902 2.75704 0.12131  0.15795  14.41  -0.44   516 1272 Gefion       
 50030 2.72945 0.09251  0.16172  14.32  -0.93   516 1272 Gefion       
 50129 2.75042 0.12417  0.16216  14.24  -0.59   516 1272 Gefion       
 50266 2.75162 0.13168  0.15653  13.80  -0.70   516 1272 Gefion       
 50339 2.75447 0.13995  0.16447  14.38  -0.49   516 1272 Gefion       
 50350 2.74422 0.14117  0.16113  13.75  -0.88   516 1272 Gefion       
 50390 2.80337 0.12636  0.16078  14.29   0.34   516 1272 Gefion       
 50413 2.71920 0.10210  0.15637  14.62  -0.96   516 1272 Gefion       
 50430 2.72416 0.11806  0.15977  14.20  -1.08   516 1272 Gefion       
 50444 2.72847 0.13213  0.15323  14.41  -0.91   516 1272 Gefion       
 50534 2.77036 0.12557  0.16089  13.79  -0.29   516 1272 Gefion       
 50649 2.73333 0.14562  0.16998  13.55  -1.23   516 1272 Gefion       
 50659 2.81179 0.12014  0.15213  14.02   0.55   516 1272 Gefion       
 50678 2.75160 0.12660  0.15817  14.26  -0.57   516 1272 Gefion       
 50793 2.75671 0.12166  0.15398  14.13  -0.51   516 1272 Gefion       
 51246 2.77183 0.13195  0.15538  14.57  -0.18   516 1272 Gefion       
 51268 2.76785 0.12564  0.15741  14.28  -0.28   516 1272 Gefion       
 51627 2.78096 0.14362  0.15673  13.97  -0.06   516 1272 Gefion       
 51665 2.77009 0.13019  0.16108  14.31  -0.24   516 1272 Gefion       
 51727 2.79380 0.12454  0.16131  14.11   0.19   516 1272 Gefion       
 51828 2.77348 0.12672  0.15505  13.62  -0.24   516 1272 Gefion       
 51931 2.77183 0.12655  0.15650  14.26  -0.21   516 1272 Gefion       
 51995 2.79083 0.13234  0.16455  14.12   0.13   516 1272 Gefion       
 52258 2.74382 0.11471  0.15214  14.88  -0.53   516 1272 Gefion       
 52639 2.76835 0.12591  0.15673  13.63  -0.36   516 1272 Gefion       
 52957 2.73780 0.10043  0.15928  13.78  -1.01   516 1272 Gefion       
 53149 2.72733 0.15155  0.15659  14.58  -0.86   516 1272 Gefion       
 53189 2.77118 0.12919  0.15912  14.11  -0.24   516 1272 Gefion       
 53294 2.77055 0.12903  0.15880  13.61  -0.31   516 1272 Gefion       
 53749 2.75605 0.13628  0.15863  14.20  -0.50   516 1272 Gefion       
 53803 2.76952 0.12857  0.16200  14.39  -0.24   516 1272 Gefion       
 53853 2.71209 0.12812  0.15656  14.92  -0.93   516 1272 Gefion       
 53996 2.77156 0.13812  0.16128  14.69  -0.18   516 1272 Gefion       
 54308 2.75883 0.12934  0.16047  14.35  -0.42   516 1272 Gefion       
 54405 2.75236 0.14534  0.16075  14.14  -0.58   516 1272 Gefion       
 54449 2.79700 0.13037  0.15637  14.19   0.24   516 1272 Gefion       
 54450 2.74184 0.13078  0.15594  14.64  -0.62   516 1272 Gefion       
 54490 2.78306 0.12841  0.16004  13.88  -0.02   516 1272 Gefion       
 54519 2.77721 0.13923  0.16103  14.61  -0.10   516 1272 Gefion       
 54553 2.76923 0.14422  0.15889  14.23  -0.26   516 1272 Gefion       
 54611 2.74729 0.13349  0.16091  14.37  -0.61   516 1272 Gefion       
 54768 2.76948 0.14565  0.15779  14.68  -0.21   516 1272 Gefion       
 54839 2.78627 0.12074  0.16129  13.50   0.06   516 1272 Gefion       
 54865 2.74959 0.15166  0.15655  14.43  -0.56   516 1272 Gefion       
 54987 2.76676 0.12443  0.15471  15.01  -0.21   516 1272 Gefion       
 55327 2.76447 0.13225  0.15770  13.72  -0.44   516 1272 Gefion       
 55499 2.77597 0.13314  0.15892  13.67  -0.18   516 1272 Gefion       
 55536 2.74972 0.13069  0.16178  14.70  -0.49   516 1272 Gefion       
 55753 2.72264 0.14218  0.16425  14.59  -0.92   516 1272 Gefion       
 55935 2.75704 0.12179  0.15825  14.30  -0.46   516 1272 Gefion       
 56005 2.77122 0.12830  0.15996  14.62  -0.19   516 1272 Gefion       
 56095 2.76963 0.13115  0.15873  14.07  -0.27   516 1272 Gefion       
 56834 2.75615 0.12535  0.16092  14.04  -0.54   516 1272 Gefion       
 56940 2.77749 0.12867  0.15778  13.90  -0.13   516 1272 Gefion       
 56972 2.79006 0.13464  0.16098  14.62   0.09   516 1272 Gefion       
 57112 2.77911 0.13041  0.15390  13.20  -0.13   516 1272 Gefion       
 57270 2.76313 0.13378  0.15958  14.66  -0.30   516 1272 Gefion       
 57277 2.75811 0.12821  0.16066  13.88  -0.54   516 1272 Gefion       
 57630 2.76892 0.13311  0.15809  14.12  -0.28   516 1272 Gefion       
 57667 2.75928 0.14116  0.16245  14.56  -0.38   516 1272 Gefion       
 57879 2.75138 0.13240  0.15913  14.84  -0.44   516 1272 Gefion       
 57908 2.77318 0.12598  0.15807  13.93  -0.22   516 1272 Gefion       
 58085 2.80492 0.13721  0.15686  14.22   0.38   516 1272 Gefion       
 58151 2.77402 0.14087  0.15503  14.24  -0.17   516 1272 Gefion       
 58221 2.77254 0.13234  0.15811  14.15  -0.21   516 1272 Gefion       
 58785 2.76242 0.12760  0.15647  13.84  -0.46   516 1272 Gefion       
 58816 2.74710 0.14183  0.15741  14.55  -0.56   516 1272 Gefion       
 58836 2.78573 0.13077  0.15972  14.68   0.03   516 1272 Gefion       
 59182 2.74549 0.12827  0.15190  14.76  -0.53   516 1272 Gefion       
 59404 2.77209 0.13082  0.15934  13.83  -0.25   516 1272 Gefion       
 59528 2.76131 0.13455  0.15759  14.06  -0.43   516 1272 Gefion       
 59594 2.76207 0.13468  0.16025  14.48  -0.35   516 1272 Gefion       
 59645 2.76074 0.13145  0.15953  14.79  -0.32   516 1272 Gefion       
 59700 2.74086 0.09347  0.16177  14.20  -0.78   516 1272 Gefion       
 59717 2.76756 0.13868  0.15755  15.29  -0.18   516 1272 Gefion       
 59740 2.74577 0.13466  0.15279  14.38  -0.63   516 1272 Gefion       
 59770 2.78064 0.13670  0.16101  14.54  -0.05   516 1272 Gefion       
 59872 2.73734 0.14313  0.15823  14.87  -0.62   516 1272 Gefion       
 59920 2.79054 0.12903  0.15899  13.29   0.19   516 1272 Gefion       
 60568 2.71565 0.10635  0.15652  14.92  -0.88   516 1272 Gefion       
 60644 2.73845 0.14787  0.16311  14.62  -0.68   516 1272 Gefion       
 60655 2.77138 0.13257  0.15824  14.40  -0.20   516 1272 Gefion       
 60768 2.73922 0.13619  0.15336  14.34  -0.76   516 1272 Gefion       
 60833 2.75858 0.13077  0.15299  14.78  -0.35   516 1272 Gefion       
 61154 2.77157 0.12633  0.15826  13.98  -0.24   516 1272 Gefion       
 61285 2.72801 0.09223  0.16176  14.65  -0.82   516 1272 Gefion       
 61290 2.80278 0.13466  0.15984  13.67   0.44   516 1272 Gefion       
 61369 2.76738 0.12220  0.15373  14.01  -0.32   516 1272 Gefion       
 61604 2.79980 0.13021  0.15913  14.40   0.26   516 1272 Gefion       
 61725 2.75497 0.13490  0.15994  13.93  -0.59   516 1272 Gefion       
 61748 2.78544 0.12870  0.15467  14.26   0.03   516 1272 Gefion       
 61781 2.77817 0.13024  0.16048  14.55  -0.09   516 1272 Gefion       
 61927 2.75889 0.12864  0.15444  14.33  -0.42   516 1272 Gefion       
 61974 2.75204 0.13236  0.15351  14.57  -0.48   516 1272 Gefion       
 61992 2.74108 0.09238  0.16204  14.43  -0.69   516 1272 Gefion       
 62090 2.74494 0.15449  0.16093  15.19  -0.45   516 1272 Gefion       
 62239 2.79510 0.12603  0.15827  14.34   0.19   516 1272 Gefion       
 62320 2.73103 0.13008  0.16607  14.95  -0.67   516 1272 Gefion       
 62365 2.74814 0.14730  0.16312  14.83  -0.48   516 1272 Gefion       
 62484 2.78039 0.13607  0.16138  14.19  -0.06   516 1272 Gefion       
 62487 2.78105 0.13234  0.15787  14.98  -0.03   516 1272 Gefion       
 62518 2.75252 0.13026  0.15255  14.39  -0.52   516 1272 Gefion       
 62581 2.72971 0.08858  0.15703  14.95  -0.69   516 1272 Gefion       
 62722 2.74644 0.13133  0.15348  14.57  -0.57   516 1272 Gefion       
 62824 2.75233 0.13737  0.16641  14.28  -0.55   516 1272 Gefion       
 62972 2.80524 0.13426  0.15894  14.65   0.31   516 1272 Gefion       
 63082 2.77257 0.12861  0.15926  14.11  -0.21   516 1272 Gefion       
 63421 2.71484 0.13340  0.15883  14.80  -0.95   516 1272 Gefion       
 63526 2.72246 0.08728  0.15850  14.60  -0.92   516 1272 Gefion       
 63787 2.81042 0.12906  0.16111  15.22   0.30   516 1272 Gefion       
 64155 2.75266 0.12423  0.15086  14.53  -0.48   516 1272 Gefion       
 64219 2.76684 0.12831  0.15926  14.07  -0.33   516 1272 Gefion       
 64287 2.74697 0.13502  0.15733  14.33  -0.63   516 1272 Gefion       
 64604 2.72114 0.10744  0.15992  14.70  -0.90   516 1272 Gefion       
 64653 2.76476 0.13044  0.15815  14.29  -0.33   516 1272 Gefion       
 64796 2.77276 0.13244  0.15833  14.51  -0.17   516 1272 Gefion       
 64976 2.77394 0.12927  0.15194  15.11  -0.12   516 1272 Gefion       
 65011 2.72989 0.10992  0.15882  14.76  -0.75   516 1272 Gefion       
 65069 2.75050 0.11119  0.16175  14.78  -0.46   516 1272 Gefion       
 65294 2.75407 0.13439  0.16243  14.28  -0.52   516 1272 Gefion       
 65310 2.80092 0.13195  0.15850  14.71   0.24   516 1272 Gefion       
 65565 2.73197 0.13949  0.15819  15.62  -0.49   516 1272 Gefion       
 65596 2.78848 0.12983  0.15851  14.35   0.08   516 1272 Gefion       
 65627 2.76843 0.13264  0.15759  14.55  -0.24   516 1272 Gefion       
 65758 2.76628 0.13035  0.15898  15.05  -0.21   516 1272 Gefion       
 65760 2.77805 0.13001  0.15730  14.93  -0.07   516 1272 Gefion       
 65766 2.78284 0.13284  0.15932  14.00  -0.02   516 1272 Gefion       
 65802 2.75245 0.14718  0.16067  14.45  -0.50   516 1272 Gefion       
 66015 2.80274 0.13668  0.15924  14.18   0.35   516 1272 Gefion       
 66034 2.73987 0.12119  0.15513  14.11  -0.83   516 1272 Gefion       
 66160 2.74733 0.10718  0.15637  13.80  -0.79   516 1272 Gefion       
 66459 2.74510 0.13121  0.15454  14.75  -0.54   516 1272 Gefion       
 66494 2.76300 0.13910  0.15917  14.87  -0.28   516 1272 Gefion       
 66622 2.73736 0.09633  0.16120  14.85  -0.62   516 1272 Gefion       
 66629 2.74431 0.13099  0.16245  14.02  -0.78   516 1272 Gefion       
 66713 2.74158 0.10697  0.16451  14.50  -0.66   516 1272 Gefion       
 66763 2.73071 0.14273  0.16819  14.54  -0.82   516 1272 Gefion       
 66779 2.76247 0.12908  0.15719  14.10  -0.40   516 1272 Gefion       
 66793 2.78645 0.13233  0.15472  14.70   0.04   516 1272 Gefion       
 66801 2.76749 0.12592  0.15825  14.35  -0.28   516 1272 Gefion       
 66816 2.74646 0.13485  0.15353  14.82  -0.51   516 1272 Gefion       
 66833 2.77420 0.12619  0.15824  13.72  -0.22   516 1272 Gefion       
 66860 2.79558 0.12925  0.15797  14.70   0.17   516 1272 Gefion       
 66870 2.78451 0.13605  0.15805  13.70   0.02   516 1272 Gefion       
 66947 2.77143 0.13171  0.15884  13.71  -0.28   516 1272 Gefion       
 66951 2.74124 0.13076  0.14940  14.06  -0.82   516 1272 Gefion       
 67003 2.78985 0.12166  0.15566  13.86   0.13   516 1272 Gefion       
 67006 2.74299 0.12252  0.15929  14.58  -0.62   516 1272 Gefion       
 67012 2.77138 0.12952  0.15722  13.72  -0.28   516 1272 Gefion       
 67057 2.79893 0.12553  0.16167  14.31   0.26   516 1272 Gefion       
 67225 2.76598 0.12660  0.15873  14.10  -0.34   516 1272 Gefion       
 67337 2.77882 0.12482  0.15573  14.87  -0.07   516 1272 Gefion       
 67349 2.75096 0.14203  0.15460  13.91  -0.68   516 1272 Gefion       
 67636 2.77738 0.12374  0.15670  14.08  -0.12   516 1272 Gefion       
 68180 2.78215 0.13305  0.15800  13.39  -0.04   516 1272 Gefion       
 68204 2.75845 0.12357  0.15632  14.78  -0.35   516 1272 Gefion       
 68209 2.80418 0.13001  0.15537  14.29   0.35   516 1272 Gefion       
 68232 2.78109 0.13589  0.16251  13.93  -0.06   516 1272 Gefion       
 68332 2.74468 0.11995  0.16036  14.52  -0.61   516 1272 Gefion       
 68495 2.75765 0.13781  0.15688  14.43  -0.42   516 1272 Gefion       
 68582 2.75213 0.14458  0.15714  14.59  -0.48   516 1272 Gefion       
 68671 2.75748 0.13844  0.15717  14.09  -0.50   516 1272 Gefion       
 68852 2.77842 0.13595  0.15778  14.62  -0.08   516 1272 Gefion       
 68973 2.78423 0.13172  0.16116  14.20   0.00   516 1272 Gefion       
 69219 2.75704 0.13411  0.15494  15.08  -0.32   516 1272 Gefion       
 69375 2.75235 0.12892  0.15979  14.85  -0.42   516 1272 Gefion       
 69376 2.77086 0.13001  0.15197  14.16  -0.24   516 1272 Gefion       
 69757 2.79775 0.12717  0.15320  14.01   0.28   516 1272 Gefion       
 69804 2.77838 0.12738  0.15338  14.59  -0.08   516 1272 Gefion       
 69816 2.78079 0.13144  0.15795  13.88  -0.06   516 1272 Gefion       
 69824 2.76944 0.13227  0.15587  14.29  -0.25   516 1272 Gefion       
 69829 2.77261 0.12622  0.16144  14.16  -0.21   516 1272 Gefion       
 69898 2.75983 0.12938  0.15883  14.08  -0.46   516 1272 Gefion       
 69928 2.76572 0.12580  0.15575  14.14  -0.34   516 1272 Gefion       
 69937 2.72410 0.14362  0.16492  14.13  -1.11   516 1272 Gefion       
 69953 2.75783 0.13792  0.15547  14.46  -0.42   516 1272 Gefion       
 69963 2.75961 0.13196  0.15692  13.78  -0.53   516 1272 Gefion       
 70370 2.73298 0.12669  0.15245  14.32  -0.87   516 1272 Gefion       
 70481 2.73276 0.14039  0.15957  14.76  -0.71   516 1272 Gefion       
 70751 2.75600 0.14255  0.16073  13.59  -0.67   516 1272 Gefion       
 70808 2.72712 0.11878  0.16129  14.95  -0.73   516 1272 Gefion       
 70870 2.74359 0.13322  0.15340  14.68  -0.58   516 1272 Gefion       
 70892 2.75234 0.12936  0.15695  14.83  -0.43   516 1272 Gefion       
 70932 2.77933 0.12700  0.15942  14.64  -0.07   516 1272 Gefion       
 71055 2.73226 0.11404  0.16497  14.72  -0.73   516 1272 Gefion       
 71059 2.77249 0.13446  0.15924  14.08  -0.22   516 1272 Gefion       
 71109 2.75142 0.14717  0.15634  13.46  -0.82   516 1272 Gefion       
 71127 2.76572 0.13892  0.15807  13.33  -0.49   516 1272 Gefion       
 71146 2.76312 0.13050  0.15810  14.30  -0.36   516 1272 Gefion       
 71151 2.77739 0.13039  0.15610  14.68  -0.09   516 1272 Gefion       
 71161 2.76344 0.12901  0.16577  14.28  -0.35   516 1272 Gefion       
 71190 2.81507 0.13539  0.15669  14.05   0.61   516 1272 Gefion       
 71231 2.75924 0.12272  0.15906  15.21  -0.28   516 1272 Gefion       
 71239 2.79601 0.12294  0.16102  13.54   0.30   516 1272 Gefion       
 71270 2.77375 0.11774  0.15907  14.40  -0.17   516 1272 Gefion       
 71281 2.75224 0.14320  0.16468  14.59  -0.48   516 1272 Gefion       
 71358 2.73877 0.12934  0.15790  14.53  -0.70   516 1272 Gefion       
 71405 2.73100 0.10285  0.16482  14.47  -0.84   516 1272 Gefion       
 71412 2.73600 0.15071  0.15625  14.58  -0.72   516 1272 Gefion       
 71422 2.73952 0.14376  0.15643  14.77  -0.62   516 1272 Gefion       
 71434 2.77885 0.13048  0.15589  14.15  -0.09   516 1272 Gefion       
 71494 2.76565 0.12598  0.15334  14.14  -0.34   516 1272 Gefion       
 72244 2.74196 0.14662  0.16169  14.08  -0.80   516 1272 Gefion       
 72274 2.76842 0.13533  0.15887  14.38  -0.26   516 1272 Gefion       
 72395 2.79895 0.12708  0.16169  14.27   0.27   516 1272 Gefion       
 72618 2.75813 0.13225  0.15616  14.64  -0.38   516 1272 Gefion       
 72693 2.76224 0.12689  0.15171  14.16  -0.40   516 1272 Gefion       
 73264 2.74038 0.14022  0.16020  14.87  -0.58   516 1272 Gefion       
 73303 2.71830 0.15082  0.16245  15.07  -0.79   516 1272 Gefion       
 74095 2.73112 0.13619  0.15967  14.65  -0.77   516 1272 Gefion       
 74256 2.80957 0.13831  0.16099  14.83   0.35   516 1272 Gefion       
 74285 2.79985 0.12959  0.15980  14.51   0.25   516 1272 Gefion       
 74321 2.76252 0.12482  0.15727  14.65  -0.31   516 1272 Gefion       
 74344 2.72741 0.09008  0.15770  14.72  -0.80   516 1272 Gefion       
 74381 2.75477 0.13865  0.15670  15.00  -0.36   516 1272 Gefion       
 74392 2.73527 0.13394  0.15246  14.57  -0.74   516 1272 Gefion       
 74399 2.76261 0.12917  0.16058  13.74  -0.47   516 1272 Gefion       
 74416 2.76569 0.12113  0.15016  14.76  -0.25   516 1272 Gefion       
 75513 2.75807 0.13310  0.15854  14.69  -0.37   516 1272 Gefion       
 75731 2.78103 0.12739  0.15723  15.05  -0.03   516 1272 Gefion       
 75796 2.73519 0.15412  0.16200  14.85  -0.65   516 1272 Gefion       
 75912 2.77113 0.13251  0.16023  15.64  -0.12   516 1272 Gefion       
 76086 2.76931 0.13608  0.15354  15.11  -0.17   516 1272 Gefion       
 76146 2.76709 0.14319  0.16006  14.02  -0.33   516 1272 Gefion       
 76264 2.73429 0.14115  0.15578  14.37  -0.83   516 1272 Gefion       
 76383 2.75165 0.13704  0.15784  13.84  -0.69   516 1272 Gefion       
 76489 2.73573 0.14006  0.16061  14.86  -0.64   516 1272 Gefion       
 76490 2.77340 0.13457  0.16396  15.39  -0.11   516 1272 Gefion       
 76644 2.80157 0.13160  0.16580  14.21   0.32   516 1272 Gefion       
 77309 2.76987 0.14022  0.15942  14.44  -0.23   516 1272 Gefion       
 77467 2.75409 0.12538  0.15803  14.97  -0.38   516 1272 Gefion       
 77475 2.72297 0.14132  0.16383  14.56  -0.93   516 1272 Gefion       
 77487 2.76557 0.13012  0.15722  15.50  -0.18   516 1272 Gefion       
 77496 2.74247 0.15057  0.16264  14.61  -0.62   516 1272 Gefion       
 77503 2.76323 0.12375  0.16101  14.74  -0.29   516 1272 Gefion       
 77589 2.77008 0.12557  0.16149  14.49  -0.22   516 1272 Gefion       
 77607 2.74641 0.12862  0.15840  15.00  -0.47   516 1272 Gefion       
 77733 2.74807 0.12098  0.15472  14.21  -0.64   516 1272 Gefion       
 78199 2.76514 0.13321  0.15962  14.74  -0.26   516 1272 Gefion       
 78304 2.77865 0.13318  0.15683  14.30  -0.09   516 1272 Gefion       
 78336 2.73929 0.10982  0.15342  15.09  -0.53   516 1272 Gefion       
 78367 2.78121 0.12679  0.15961  14.44  -0.04   516 1272 Gefion       
 78409 2.73627 0.11722  0.15973  15.17  -0.55   516 1272 Gefion       
 78438 2.74356 0.10553  0.16153  14.72  -0.57   516 1272 Gefion       
 78486 2.81307 0.12679  0.16050  14.21   0.53   516 1272 Gefion       
 78502 2.77421 0.12728  0.16065  14.47  -0.15   516 1272 Gefion       
 78552 2.72448 0.11608  0.15715  15.17  -0.69   516 1272 Gefion       
 78572 2.78829 0.12561  0.15374  14.91   0.06   516 1272 Gefion       
 78615 2.74444 0.13934  0.15722  14.23  -0.70   516 1272 Gefion       
 78677 2.77560 0.13049  0.15701  14.36  -0.14   516 1272 Gefion       
 79195 2.73142 0.12288  0.15860  14.78  -0.72   516 1272 Gefion       
 79326 2.81084 0.12540  0.15477  14.46   0.43   516 1272 Gefion       
 79869 2.80107 0.13219  0.15875  14.91   0.23   516 1272 Gefion       
 79872 2.72996 0.13073  0.16352  14.93  -0.70   516 1272 Gefion       
 79893 2.76350 0.13666  0.15698  14.73  -0.29   516 1272 Gefion       
 79924 2.76534 0.12685  0.15935  14.83  -0.25   516 1272 Gefion       
 79949 2.74818 0.14424  0.15911  14.61  -0.53   516 1272 Gefion       
 79985 2.81157 0.12706  0.16194  14.07   0.53   516 1272 Gefion       
 81242 2.72307 0.14416  0.16369  14.68  -0.88   516 1272 Gefion       
 81328 2.72557 0.11145  0.16264  15.03  -0.72   516 1272 Gefion       
 81360 2.76250 0.13793  0.15758  15.05  -0.26   516 1272 Gefion       
 81431 2.75875 0.12489  0.15773  14.18  -0.46   516 1272 Gefion       
 81432 2.77905 0.13164  0.15599  14.34  -0.08   516 1272 Gefion       
 81611 2.74005 0.12420  0.16368  14.02  -0.86   516 1272 Gefion       
 81660 2.75541 0.13416  0.15885  14.88  -0.38   516 1272 Gefion       
 81687 2.76504 0.12990  0.16786  15.21  -0.21   516 1272 Gefion       
 81704 2.78153 0.13401  0.16037  14.66  -0.03   516 1272 Gefion       
 81743 2.73662 0.11203  0.15598  14.85  -0.63   516 1272 Gefion       
 81778 2.75503 0.12663  0.15068  15.08  -0.35   516 1272 Gefion       
 81788 2.80344 0.12878  0.15897  14.76   0.27   516 1272 Gefion       
 81927 2.75257 0.14977  0.15771  14.45  -0.50   516 1272 Gefion       
 82594 2.79796 0.13045  0.15659  14.52   0.22   516 1272 Gefion       
 82630 2.77293 0.13262  0.16176  14.65  -0.16   516 1272 Gefion       
 82652 2.75010 0.12066  0.15674  15.11  -0.40   516 1272 Gefion       
 82704 2.80900 0.13404  0.15900  15.08   0.30   516 1272 Gefion       
 82790 2.73441 0.13687  0.15837  14.35  -0.83   516 1272 Gefion       
 82810 2.77328 0.12945  0.15478  14.67  -0.15   516 1272 Gefion       
 82832 2.79778 0.13016  0.15779  14.36   0.23   516 1272 Gefion       
 82884 2.79668 0.12911  0.16004  14.49   0.20   516 1272 Gefion       
 82910 2.73351 0.12953  0.16544  14.51  -0.79   516 1272 Gefion       
 82942 2.76448 0.13232  0.15693  14.28  -0.34   516 1272 Gefion       
 82998 2.80536 0.12309  0.15802  14.84   0.29   516 1272 Gefion       
 83059 2.73456 0.10363  0.16693  14.87  -0.65   516 1272 Gefion       
 83194 2.74204 0.12660  0.15696  14.74  -0.59   516 1272 Gefion       
 83215 2.80291 0.12009  0.15643  14.70   0.27   516 1272 Gefion       
 83410 2.75689 0.13790  0.15905  14.21  -0.48   516 1272 Gefion       
 83533 2.77100 0.12519  0.15453  14.52  -0.20   516 1272 Gefion       
 83606 2.79005 0.12899  0.15848  14.10   0.12   516 1272 Gefion       
 83703 2.73000 0.11130  0.16371  14.90  -0.70   516 1272 Gefion       
 83756 2.79395 0.12544  0.15607  14.83   0.14   516 1272 Gefion       
 83963 2.77218 0.13689  0.16461  14.72  -0.17   516 1272 Gefion       
 84030 2.75947 0.13079  0.15760  14.11  -0.46   516 1272 Gefion       
 84110 2.75867 0.13361  0.15758  15.38  -0.26   516 1272 Gefion       
 84160 2.80398 0.13643  0.15681  14.97   0.26   516 1272 Gefion       
 84345 2.73029 0.12314  0.16425  14.95  -0.68   516 1272 Gefion       
 84547 2.74019 0.13919  0.15633  14.90  -0.57   516 1272 Gefion       
 84549 2.78334 0.12599  0.15538  14.80   0.00   516 1272 Gefion       
 84641 2.72738 0.11492  0.15554  14.83  -0.76   516 1272 Gefion       
 84665 2.72160 0.10951  0.15545  14.44  -1.01   516 1272 Gefion       
 84669 2.72845 0.10679  0.16594  15.34  -0.59   516 1272 Gefion       
 84834 2.76220 0.13100  0.15523  14.97  -0.27   516 1272 Gefion       
 84844 2.76558 0.12457  0.15979  14.91  -0.24   516 1272 Gefion       
 84916 2.76937 0.13183  0.15540  14.50  -0.23   516 1272 Gefion       
 84936 2.73519 0.12976  0.16495  15.32  -0.52   516 1272 Gefion       
 85032 2.77424 0.13075  0.16070  14.29  -0.17   516 1272 Gefion       
 85103 2.72857 0.13432  0.16107  14.71  -0.79   516 1272 Gefion       
 85159 2.79892 0.12226  0.15870  13.96   0.31   516 1272 Gefion       
 85188 2.78574 0.13519  0.15970  13.91   0.04   516 1272 Gefion       
 85519 2.71510 0.11981  0.15662  15.24  -0.77   516 1272 Gefion       
 85960 2.74538 0.12783  0.14956  15.12  -0.45   516 1272 Gefion       
 86904 2.75423 0.12904  0.15807  14.66  -0.43   516 1272 Gefion       
 87163 2.71868 0.11773  0.15987  14.84  -0.88   516 1272 Gefion       
 87393 2.81129 0.12587  0.15820  14.90   0.36   516 1272 Gefion       
 87483 2.77064 0.12938  0.16035  13.84  -0.28   516 1272 Gefion       
 87489 2.80908 0.12862  0.15755  14.47   0.40   516 1272 Gefion       
 87617 2.74806 0.12175  0.16563  13.71  -0.81   516 1272 Gefion       
 87635 2.73037 0.10659  0.15976  15.15  -0.62   516 1272 Gefion       
 87643 2.79778 0.12979  0.15984  14.12   0.26   516 1272 Gefion       
 87749 2.75251 0.11026  0.15525  14.84  -0.42   516 1272 Gefion       
 87823 2.73976 0.10827  0.15670  14.92  -0.57   516 1272 Gefion       
 87825 2.73498 0.10464  0.16641  15.13  -0.57   516 1272 Gefion       
 87843 2.74621 0.13882  0.15724  15.06  -0.46   516 1272 Gefion       
 87852 2.75551 0.13580  0.15587  14.33  -0.48   516 1272 Gefion       
 87854 2.75899 0.12652  0.15705  14.68  -0.36   516 1272 Gefion       
 87887 2.75436 0.12967  0.16057  14.82  -0.40   516 1272 Gefion       
 87901 2.75917 0.13156  0.15710  14.47  -0.39   516 1272 Gefion       
 87949 2.78438 0.13212  0.15807  13.97   0.00   516 1272 Gefion       
 88017 2.79652 0.13946  0.15721  14.40   0.21   516 1272 Gefion       
 88021 2.80208 0.13128  0.15806  14.61   0.27   516 1272 Gefion       
 88049 2.78833 0.11921  0.15395  15.03   0.06   516 1272 Gefion       
 88166 2.73515 0.12664  0.16471  14.79  -0.67   516 1272 Gefion       
 88380 2.77108 0.13484  0.15670  14.40  -0.21   516 1272 Gefion       
 88603 2.75852 0.13868  0.15806  14.28  -0.44   516 1272 Gefion       
 88678 2.71882 0.11124  0.15785  15.10  -0.78   516 1272 Gefion       
 88700 2.78016 0.13448  0.15723  14.59  -0.05   516 1272 Gefion       
 88714 2.78838 0.12955  0.15808  14.05   0.09   516 1272 Gefion       
 88991 2.74471 0.12669  0.16088  14.96  -0.50   516 1272 Gefion       
 89118 2.72052 0.08483  0.15394  15.36  -0.67   516 1272 Gefion       
 89254 2.74813 0.11134  0.16448  14.26  -0.63   516 1272 Gefion       
 89337 2.78560 0.12180  0.15475  14.80   0.02   516 1272 Gefion       
 89444 2.71483 0.14409  0.15692  15.68  -0.63   516 1272 Gefion       
 89496 2.73274 0.15470  0.16444  14.11  -0.96   516 1272 Gefion       
 89506 2.74326 0.13783  0.15757  14.98  -0.51   516 1272 Gefion       
 89665 2.74262 0.13569  0.15892  14.72  -0.59   516 1272 Gefion       
 89667 2.78402 0.11942  0.15292  14.64   0.00   516 1272 Gefion       
 89706 2.73487 0.09476  0.15993  15.41  -0.51   516 1272 Gefion       
 89853 2.72944 0.12525  0.16644  14.87  -0.72   516 1272 Gefion       
 90148 2.76818 0.12725  0.15850  14.82  -0.21   516 1272 Gefion       
 90249 2.77538 0.12959  0.15836  14.83  -0.11   516 1272 Gefion       
 90261 2.77544 0.13315  0.15870  14.49  -0.13   516 1272 Gefion       
 90381 2.75541 0.12509  0.15379  14.88  -0.38   516 1272 Gefion       
 90389 2.74625 0.12796  0.15643  14.65  -0.55   516 1272 Gefion       
 90506 2.72522 0.10706  0.16085  14.83  -0.79   516 1272 Gefion       
 90550 2.78661 0.13410  0.15572  15.00   0.04   516 1272 Gefion       
 90647 2.75258 0.10890  0.15960  15.09  -0.37   516 1272 Gefion       
 90670 2.75004 0.14486  0.15981  14.97  -0.43   516 1272 Gefion       
 90673 2.76964 0.13690  0.15661  14.85  -0.19   516 1272 Gefion       
 90736 2.78451 0.12460  0.16021  14.66   0.00   516 1272 Gefion       
 90745 2.74925 0.14323  0.15378  14.90  -0.45   516 1272 Gefion       
 90885 2.77193 0.13721  0.15869  14.63  -0.18   516 1272 Gefion       
 91541 2.75084 0.13563  0.16030  14.66  -0.48   516 1272 Gefion       
 91557 2.76378 0.13084  0.15690  14.91  -0.26   516 1272 Gefion       
 91569 2.76963 0.13415  0.15741  14.82  -0.19   516 1272 Gefion       
 91585 2.75378 0.13936  0.16072  14.35  -0.51   516 1272 Gefion       
 91789 2.75987 0.12771  0.15851  14.59  -0.36   516 1272 Gefion       
 91798 2.75960 0.12468  0.15632  14.89  -0.32   516 1272 Gefion       
 92052 2.78610 0.12520  0.15199  14.22   0.04   516 1272 Gefion       
 92086 2.75012 0.14329  0.15558  14.03  -0.66   516 1272 Gefion       
 92241 2.81379 0.13645  0.16129  14.60   0.45   516 1272 Gefion       
 92876 2.78281 0.13398  0.15869  13.44  -0.03   516 1272 Gefion       
 93264 2.78494 0.12070  0.15047  14.87   0.02   516 1272 Gefion       
 93270 2.74277 0.11148  0.15247  14.37  -0.69   516 1272 Gefion       
 93299 2.72233 0.15130  0.16380  15.20  -0.70   516 1272 Gefion       
 93459 2.76320 0.13990  0.15747  14.95  -0.26   516 1272 Gefion       
 93476 2.72803 0.09762  0.15971  15.30  -0.61   516 1272 Gefion       
 93483 2.76582 0.13200  0.15821  14.67  -0.26   516 1272 Gefion       
 93606 2.73986 0.12936  0.15140  14.59  -0.66   516 1272 Gefion       
 93699 2.74413 0.09985  0.16214  14.23  -0.71   516 1272 Gefion       
 93800 2.72225 0.11147  0.16128  15.23  -0.69   516 1272 Gefion       
 93908 2.73069 0.09771  0.16087  15.15  -0.62   516 1272 Gefion       
 93913 2.72410 0.11152  0.15806  13.68  -1.37   516 1272 Gefion       
 93927 2.77339 0.13168  0.15569  14.18  -0.19   516 1272 Gefion       
 93929 2.79694 0.12881  0.16028  14.71   0.19   516 1272 Gefion       
 93975 2.78959 0.13033  0.15020  13.48   0.15   516 1272 Gefion       
 94060 2.71559 0.08333  0.15395  15.15  -0.80   516 1272 Gefion       
 94229 2.80163 0.13105  0.15584  14.47   0.28   516 1272 Gefion       
 95120 2.78450 0.13270  0.15943  14.46   0.00   516 1272 Gefion       
 95206 2.78087 0.12189  0.15760  14.59  -0.04   516 1272 Gefion       
 95349 2.74770 0.12620  0.15230  14.77  -0.50   516 1272 Gefion       
 95355 2.76328 0.13525  0.16154  14.32  -0.35   516 1272 Gefion       
 95479 2.79311 0.13093  0.15882  14.92   0.12   516 1272 Gefion       
 95481 2.75475 0.12326  0.15417  15.12  -0.34   516 1272 Gefion       
 95496 2.74013 0.13424  0.16396  15.00  -0.55   516 1272 Gefion       
 95587 2.77185 0.12468  0.16134  14.84  -0.16   516 1272 Gefion       
 95610 2.78245 0.13013  0.15876  15.05  -0.02   516 1272 Gefion       
 95644 2.81059 0.12966  0.15974  14.90   0.35   516 1272 Gefion       
 95646 2.75547 0.12529  0.16003  14.61  -0.42   516 1272 Gefion       
 95799 2.80895 0.12911  0.15706  14.99   0.32   516 1272 Gefion       
 96389 2.78834 0.12431  0.15713  14.92   0.06   516 1272 Gefion       
 96838 2.73568 0.14900  0.15909  14.72  -0.68   516 1272 Gefion       
 96968 2.77772 0.12402  0.14873  14.73  -0.09   516 1272 Gefion       
 96974 2.72503 0.12775  0.14981  15.05  -0.72   516 1272 Gefion       
 96994 2.75256 0.11508  0.15577  14.70  -0.45   516 1272 Gefion       
 96999 2.75698 0.13408  0.15475  15.04  -0.33   516 1272 Gefion       
 97149 2.81235 0.13611  0.16236  14.84   0.38   516 1272 Gefion       
 97192 2.75512 0.13087  0.16125  14.72  -0.41   516 1272 Gefion       
 97295 2.78571 0.13468  0.15834  14.48   0.03   516 1272 Gefion       
 97298 2.80116 0.13123  0.15598  14.85   0.23   516 1272 Gefion       
 97325 2.72758 0.15442  0.16750  14.89  -0.74   516 1272 Gefion       
 97327 2.74767 0.11389  0.15753  15.02  -0.45   516 1272 Gefion       
 97388 2.76819 0.14020  0.16256  14.72  -0.22   516 1272 Gefion       
 97422 2.72689 0.15247  0.16441  14.56  -0.87   516 1272 Gefion       
 98675 2.75212 0.15232  0.15812  14.76  -0.44   516 1272 Gefion       
 98834 2.76368 0.12808  0.15143  14.89  -0.26   516 1272 Gefion       
 98844 2.76469 0.12530  0.15322  14.90  -0.25   516 1272 Gefion       
 98949 2.74066 0.09094  0.16269  14.46  -0.69   516 1272 Gefion       
 98978 2.76478 0.12941  0.15541  14.25  -0.34   516 1272 Gefion       
 99042 2.74559 0.11171  0.16404  14.70  -0.55   516 1272 Gefion       
 99242 2.79413 0.12574  0.15913  14.86   0.14   516 1272 Gefion       
 99293 2.75223 0.14411  0.16194  14.61  -0.47   516 1272 Gefion       
 99493 2.81067 0.13136  0.16275  14.34   0.46   516 1272 Gefion       
 99786 2.74290 0.11512  0.15604  15.53  -0.40   516 1272 Gefion       
 99809 2.74722 0.15250  0.15563  14.96  -0.47   516 1272 Gefion       
 99916 2.77488 0.12778  0.15847  14.15  -0.16   516 1272 Gefion       
 99955 2.75596 0.12797  0.16062  15.24  -0.31   516 1272 Gefion       
101033 2.79665 0.12751  0.15913  14.78   0.18   516 1272 Gefion       
101053 2.72227 0.10610  0.16056  15.01  -0.77   516 1272 Gefion       
101209 2.75595 0.12623  0.15544  15.47  -0.28   516 1272 Gefion       
101376 2.78613 0.12517  0.15198  15.77   0.02   516 1272 Gefion       
101687 2.75766 0.13210  0.15934  15.18  -0.30   516 1272 Gefion       
101817 2.71944 0.10982  0.15986  14.37  -1.08   516 1272 Gefion       
101828 2.74372 0.10654  0.15683  14.73  -0.57   516 1272 Gefion       
101843 2.78142 0.13191  0.15650  14.30  -0.04   516 1272 Gefion       
102561 2.75141 0.13371  0.16592  15.72  -0.29   516 1272 Gefion       
102631 2.76104 0.12515  0.16172  15.04  -0.28   516 1272 Gefion       
103270 2.75237 0.13293  0.15710  14.79  -0.43   516 1272 Gefion       
103396 2.75248 0.11481  0.15659  14.73  -0.44   516 1272 Gefion       
103417 2.76375 0.12673  0.15998  14.85  -0.27   516 1272 Gefion       
103458 2.76149 0.14418  0.15799  15.01  -0.28   516 1272 Gefion       
103477 2.80172 0.12945  0.15719  15.15   0.21   516 1272 Gefion       
103591 2.78341 0.12439  0.15331  15.34   0.00   516 1272 Gefion       
103613 2.73797 0.14092  0.15848  15.24  -0.51   516 1272 Gefion       
103629 2.75190 0.10826  0.15558  14.44  -0.52   516 1272 Gefion       
103663 2.73682 0.14962  0.15692  15.01  -0.58   516 1272 Gefion       
103818 2.74142 0.12021  0.16548  15.36  -0.45   516 1272 Gefion       
103860 2.75535 0.13630  0.15776  15.13  -0.33   516 1272 Gefion       
104139 2.73696 0.15111  0.15374  15.04  -0.57   516 1272 Gefion       
104197 2.71771 0.08678  0.15564  14.35  -1.11   516 1272 Gefion       
104213 2.73135 0.12389  0.15397  14.76  -0.73   516 1272 Gefion       
104230 2.79737 0.13339  0.16074  15.17   0.16   516 1272 Gefion       
104344 2.76722 0.13426  0.15825  15.48  -0.17   516 1272 Gefion       
104359 2.77151 0.13546  0.15642  15.05  -0.15   516 1272 Gefion       
104375 2.79939 0.13046  0.15436  14.55   0.24   516 1272 Gefion       
104514 2.72703 0.12347  0.15676  14.57  -0.87   516 1272 Gefion       
104687 2.78481 0.12704  0.15251  15.15   0.00   516 1272 Gefion       
105111 2.76036 0.13681  0.15595  14.76  -0.33   516 1272 Gefion       
105189 2.77888 0.13080  0.15436  14.84  -0.07   516 1272 Gefion       
105231 2.74707 0.11652  0.15438  14.73  -0.52   516 1272 Gefion       
105309 2.81205 0.12707  0.15472  14.96   0.36   516 1272 Gefion       
105412 2.74658 0.13946  0.15844  14.55  -0.57   516 1272 Gefion       
105432 2.79546 0.12622  0.15877  14.90   0.15   516 1272 Gefion       
105454 2.80456 0.13036  0.16023  14.90   0.27   516 1272 Gefion       
105596 2.81425 0.12989  0.15578  14.53   0.47   516 1272 Gefion       
105766 2.80037 0.12577  0.15122  14.76   0.23   516 1272 Gefion       
107260 2.76472 0.14055  0.16222  14.91  -0.25   516 1272 Gefion       
107767 2.75864 0.13889  0.16069  15.03  -0.31   516 1272 Gefion       
108049 2.75009 0.10560  0.15939  15.08  -0.41   516 1272 Gefion       
108257 2.80533 0.12391  0.15642  14.21   0.39   516 1272 Gefion       
108263 2.74539 0.12427  0.15756  14.86  -0.51   516 1272 Gefion       
108304 2.80824 0.13326  0.16018  14.61   0.37   516 1272 Gefion       
108331 2.72416 0.09336  0.15620  15.47  -0.60   516 1272 Gefion       
108361 2.73617 0.13191  0.15575  14.83  -0.64   516 1272 Gefion       
108500 2.75463 0.13124  0.16504  14.75  -0.41   516 1272 Gefion       
108514 2.75776 0.13344  0.15984  15.23  -0.29   516 1272 Gefion       
108623 2.74907 0.12651  0.16039  14.96  -0.44   516 1272 Gefion       
108634 2.78071 0.13431  0.16033  14.58  -0.05   516 1272 Gefion       
108703 2.72597 0.09245  0.15690  15.74  -0.51   516 1272 Gefion       
108920 2.75581 0.13465  0.15679  14.68  -0.41   516 1272 Gefion       
109109 2.72017 0.13048  0.16094  15.34  -0.68   516 1272 Gefion       
109199 2.76742 0.13207  0.15796  14.47  -0.26   516 1272 Gefion       
109210 2.73546 0.12283  0.15640  14.39  -0.80   516 1272 Gefion       
109320 2.72895 0.09965  0.16329  14.87  -0.73   516 1272 Gefion       
109325 2.71720 0.11230  0.15725  14.86  -0.89   516 1272 Gefion       
109576 2.75177 0.11851  0.15625  15.28  -0.35   516 1272 Gefion       
109636 2.75728 0.12843  0.16229  14.94  -0.34   516 1272 Gefion       
109875 2.80816 0.13593  0.16050  14.45   0.39   516 1272 Gefion       
109887 2.76294 0.13160  0.15950  14.68  -0.30   516 1272 Gefion       
109909 2.78471 0.12304  0.16172  14.11   0.02   516 1272 Gefion       
110064 2.72443 0.10674  0.16058  14.56  -0.91   516 1272 Gefion       
110069 2.74703 0.12994  0.15430  14.73  -0.52   516 1272 Gefion       
110177 2.72375 0.11431  0.16102  15.29  -0.66   516 1272 Gefion       
110212 2.80065 0.14018  0.16078  14.65   0.25   516 1272 Gefion       
110221 2.80199 0.13310  0.15625  15.04   0.22   516 1272 Gefion       
110273 2.74274 0.13192  0.15441  15.15  -0.48   516 1272 Gefion       
110304 2.75446 0.12277  0.16272  14.46  -0.47   516 1272 Gefion       
110385 2.77488 0.12484  0.15793  15.04  -0.11   516 1272 Gefion       
110409 2.72641 0.11624  0.15416  14.89  -0.75   516 1272 Gefion       
110419 2.77571 0.13013  0.15523  14.67  -0.12   516 1272 Gefion       
110489 2.74888 0.10877  0.15980  14.46  -0.56   516 1272 Gefion       
110601 2.80118 0.13171  0.16091  15.11   0.21   516 1272 Gefion       
110615 2.73895 0.11093  0.16389  14.89  -0.59   516 1272 Gefion       
110630 2.72521 0.10492  0.15929  14.10  -1.11   516 1272 Gefion       
110644 2.79188 0.12920  0.15543  14.55   0.12   516 1272 Gefion       
110651 2.76999 0.13004  0.15811  14.68  -0.20   516 1272 Gefion       
110680 2.78178 0.13264  0.15757  14.98  -0.03   516 1272 Gefion       
110693 2.73419 0.15033  0.16499  14.91  -0.65   516 1272 Gefion       
110708 2.74740 0.15112  0.15839  14.82  -0.49   516 1272 Gefion       
110751 2.79950 0.12997  0.16252  14.82   0.21   516 1272 Gefion       
110940 2.73420 0.10720  0.15690  14.31  -0.85   516 1272 Gefion       
110945 2.74863 0.12478  0.16077  15.34  -0.38   516 1272 Gefion       
111007 2.75849 0.12879  0.15422  14.25  -0.45   516 1272 Gefion       
111041 2.72812 0.10075  0.16261  14.97  -0.71   516 1272 Gefion       
111075 2.72174 0.11962  0.15853  15.00  -0.78   516 1272 Gefion       
111093 2.78298 0.12050  0.16507  15.03   0.00   516 1272 Gefion       
111163 2.80463 0.12958  0.15612  15.29   0.23   516 1272 Gefion       
111271 2.80411 0.13123  0.15942  14.98   0.26   516 1272 Gefion       
111280 2.75474 0.12684  0.15804  15.32  -0.31   516 1272 Gefion       
111340 2.81226 0.12032  0.16138  14.66   0.42   516 1272 Gefion       
111435 2.79177 0.12183  0.15684  14.75   0.11   516 1272 Gefion       
111458 2.78924 0.13344  0.16167  15.42   0.06   516 1272 Gefion       
111465 2.80485 0.13502  0.15405  14.58   0.32   516 1272 Gefion       
111561 2.78615 0.12821  0.15531  15.23   0.03   516 1272 Gefion       
112181 2.75261 0.13252  0.15837  14.93  -0.40   516 1272 Gefion       
112299 2.74133 0.13192  0.15780  15.46  -0.43   516 1272 Gefion       
112395 2.81474 0.13345  0.15710  14.34   0.52   516 1272 Gefion       
112439 2.73727 0.14260  0.15372  14.39  -0.77   516 1272 Gefion       
112482 2.73683 0.12567  0.15629  14.94  -0.60   516 1272 Gefion       
112621 2.79826 0.13150  0.15912  14.37   0.24   516 1272 Gefion       
112695 2.72764 0.13022  0.16589  15.59  -0.53   516 1272 Gefion       
112955 2.77235 0.12058  0.15483  15.32  -0.12   516 1272 Gefion       
113177 2.72489 0.14528  0.16523  15.63  -0.55   516 1272 Gefion       
113193 2.76415 0.13014  0.16942  14.68  -0.28   516 1272 Gefion       
113271 2.74127 0.13613  0.15935  15.49  -0.42   516 1272 Gefion       
113365 2.78684 0.13163  0.16515  14.82   0.04   516 1272 Gefion       
113427 2.78919 0.12418  0.15389  15.25   0.06   516 1272 Gefion       
113476 2.76767 0.13624  0.16101  14.60  -0.24   516 1272 Gefion       
113554 2.81057 0.13193  0.15830  14.47   0.43   516 1272 Gefion       
113810 2.72891 0.08882  0.15871  14.83  -0.74   516 1272 Gefion       
114024 2.77350 0.13064  0.15631  15.67  -0.09   516 1272 Gefion       
114140 2.74440 0.15120  0.15965  15.09  -0.47   516 1272 Gefion       
114262 2.73507 0.12826  0.16480  15.02  -0.60   516 1272 Gefion       
114274 2.73106 0.11841  0.16195  15.10  -0.63   516 1272 Gefion       
114380 2.76109 0.13424  0.16200  14.95  -0.29   516 1272 Gefion       
114389 2.75733 0.13214  0.15856  15.17  -0.31   516 1272 Gefion       
114636 2.79350 0.12817  0.15540  14.83   0.13   516 1272 Gefion       
114831 2.76129 0.12652  0.15751  14.78  -0.31   516 1272 Gefion       
114905 2.73715 0.11359  0.16398  14.91  -0.61   516 1272 Gefion       
114975 2.76016 0.12140  0.15210  14.64  -0.35   516 1272 Gefion       
114977 2.77133 0.13699  0.15911  14.42  -0.20   516 1272 Gefion       
115066 2.79151 0.13296  0.15849  14.97   0.10   516 1272 Gefion       
115108 2.77786 0.13101  0.15775  14.92  -0.08   516 1272 Gefion       
115205 2.75076 0.12274  0.16016  14.50  -0.52   516 1272 Gefion       
115225 2.74471 0.13177  0.16054  14.45  -0.63   516 1272 Gefion       
115324 2.75866 0.13054  0.15863  14.85  -0.34   516 1272 Gefion       
115640 2.80131 0.13378  0.15880  15.23   0.20   516 1272 Gefion       
115644 2.77104 0.12415  0.16176  15.03  -0.16   516 1272 Gefion       
115675 2.75051 0.12047  0.15973  15.08  -0.40   516 1272 Gefion       
115856 2.72397 0.09160  0.16076  15.40  -0.62   516 1272 Gefion       
115958 2.72307 0.09004  0.16098  14.94  -0.78   516 1272 Gefion       
116578 2.73005 0.14779  0.16329  14.93  -0.69   516 1272 Gefion       
116748 2.80697 0.13891  0.16453  15.42   0.24   516 1272 Gefion       
116948 2.80029 0.14069  0.16412  14.75   0.23   516 1272 Gefion       
116966 2.76989 0.12770  0.15734  15.04  -0.17   516 1272 Gefion       
117167 2.72497 0.09237  0.15714  15.59  -0.56   516 1272 Gefion       
117258 2.75387 0.11038  0.15724  14.49  -0.47   516 1272 Gefion       
117275 2.75487 0.13130  0.15575  14.88  -0.38   516 1272 Gefion       
117296 2.73647 0.09937  0.16779  15.45  -0.48   516 1272 Gefion       
117621 2.80558 0.13256  0.16068  15.48   0.22   516 1272 Gefion       
117728 2.73189 0.13452  0.15879  15.06  -0.63   516 1272 Gefion       
117757 2.76526 0.12377  0.15317  15.33  -0.20   516 1272 Gefion       
117991 2.80318 0.13055  0.16134  15.14   0.23   516 1272 Gefion       
118155 2.81119 0.12618  0.15418  15.52   0.27   516 1272 Gefion       
118685 2.73049 0.09327  0.15718  14.98  -0.67   516 1272 Gefion       
118699 2.76682 0.13308  0.15935  14.21  -0.31   516 1272 Gefion       
118767 2.73410 0.12622  0.15536  14.80  -0.68   516 1272 Gefion       
118967 2.75812 0.13036  0.15672  14.50  -0.40   516 1272 Gefion       
119684 2.72837 0.13817  0.15969  15.48  -0.56   516 1272 Gefion       
120110 2.74541 0.13573  0.16140  15.03  -0.47   516 1272 Gefion       
120322 2.72573 0.12163  0.16258  15.72  -0.52   516 1272 Gefion       
120595 2.72000 0.12377  0.15610  15.83  -0.54   516 1272 Gefion       
120661 2.75902 0.13347  0.15854  15.27  -0.27   516 1272 Gefion       
120665 2.73991 0.14969  0.15611  15.21  -0.50   516 1272 Gefion       
120687 2.80834 0.13075  0.15739  16.02   0.19   516 1272 Gefion       
120835 2.76205 0.12249  0.16118  14.83  -0.29   516 1272 Gefion       
120881 2.77969 0.13244  0.16066  14.64  -0.06   516 1272 Gefion       
121248 2.80861 0.13257  0.15901  15.65   0.23   516 1272 Gefion       
121269 2.78641 0.13416  0.16056  14.52   0.04   516 1272 Gefion       
121390 2.80840 0.13171  0.16220  14.79   0.34   516 1272 Gefion       
121540 2.77718 0.12328  0.16665  14.46  -0.11   516 1272 Gefion       
122431 2.76699 0.14324  0.15597  15.32  -0.18   516 1272 Gefion       
122494 2.73364 0.12640  0.16463  14.60  -0.75   516 1272 Gefion       
122618 2.81085 0.13787  0.16012  14.16   0.50   516 1272 Gefion       
122893 2.80241 0.13236  0.16358  14.70   0.27   516 1272 Gefion       
123045 2.80864 0.13043  0.16370  15.01   0.31   516 1272 Gefion       
123232 2.78687 0.12362  0.15681  15.59   0.03   516 1272 Gefion       
123282 2.73587 0.12065  0.15496  15.12  -0.57   516 1272 Gefion       
123384 2.73037 0.12656  0.16181  14.90  -0.70   516 1272 Gefion       
123423 2.73533 0.11204  0.16134  14.82  -0.66   516 1272 Gefion       
123471 2.74091 0.13032  0.15371  14.93  -0.55   516 1272 Gefion       
123543 2.78073 0.13401  0.15667  15.20  -0.03   516 1272 Gefion       
123545 2.77126 0.13498  0.15856  14.66  -0.18   516 1272 Gefion       
123617 2.72769 0.14890  0.16053  15.09  -0.67   516 1272 Gefion       
123666 2.80722 0.13785  0.16321  14.83   0.32   516 1272 Gefion       
123751 2.78758 0.12948  0.15816  14.87   0.05   516 1272 Gefion       
123753 2.76665 0.13308  0.16299  14.47  -0.27   516 1272 Gefion       
126700 2.74000 0.13436  0.15788  15.24  -0.49   516 1272 Gefion       
126841 2.71883 0.10980  0.15849  14.84  -0.87   516 1272 Gefion       
126955 2.73527 0.13605  0.15560  15.02  -0.60   516 1272 Gefion       
127017 2.73572 0.14163  0.15583  15.09  -0.58   516 1272 Gefion       
127085 2.73262 0.11962  0.15424  15.15  -0.60   516 1272 Gefion       
127089 2.73101 0.11889  0.16074  15.01  -0.66   516 1272 Gefion       
127097 2.79447 0.12241  0.16245  14.98   0.13   516 1272 Gefion       
127125 2.73939 0.12723  0.15401  14.96  -0.57   516 1272 Gefion       
127126 2.73031 0.10289  0.16329  14.88  -0.71   516 1272 Gefion       
127128 2.78742 0.13369  0.15617  15.26   0.04   516 1272 Gefion       
127142 2.71005 0.14378  0.15873  14.97  -0.93   516 1272 Gefion       
127682 2.77856 0.11833  0.16383  15.20  -0.06   516 1272 Gefion       
128129 2.75747 0.13753  0.15983  14.87  -0.35   516 1272 Gefion       
128381 2.74152 0.13896  0.15981  15.60  -0.40   516 1272 Gefion       
128562 2.77486 0.13114  0.15354  15.41  -0.09   516 1272 Gefion       
128605 2.79771 0.12686  0.15778  15.43   0.14   516 1272 Gefion       
128690 2.78243 0.13333  0.15511  15.12  -0.02   516 1272 Gefion       
128730 2.79989 0.12528  0.15623  15.39   0.17   516 1272 Gefion       
128936 2.76083 0.12332  0.16301  14.77  -0.32   516 1272 Gefion       
129269 2.76656 0.13720  0.16203  15.36  -0.18   516 1272 Gefion       
129432 2.77542 0.12715  0.15764  15.07  -0.10   516 1272 Gefion       
129435 2.74481 0.12870  0.14954  15.53  -0.38   516 1272 Gefion       
129659 2.73937 0.12908  0.16418  15.10  -0.53   516 1272 Gefion       
129674 2.75957 0.12161  0.16349  15.78  -0.21   516 1272 Gefion       
129675 2.76617 0.12249  0.15129  15.63  -0.16   516 1272 Gefion       
129841 2.73273 0.14867  0.16005  14.74  -0.72   516 1272 Gefion       
130062 2.77376 0.13779  0.15939  14.92  -0.13   516 1272 Gefion       
130104 2.76079 0.13095  0.15935  14.88  -0.30   516 1272 Gefion       
130172 2.73260 0.10573  0.16031  15.46  -0.52   516 1272 Gefion       
130847 2.71633 0.11680  0.15969  16.46  -0.43   516 1272 Gefion       
131111 2.73215 0.13221  0.15731  15.02  -0.64   516 1272 Gefion       
131131 2.75177 0.12798  0.16162  15.14  -0.38   516 1272 Gefion       
131133 2.78936 0.12645  0.14442  15.13   0.07   516 1272 Gefion       
131221 2.79122 0.12772  0.14758  15.56   0.07   516 1272 Gefion       
131232 2.78891 0.12657  0.16134  15.05   0.06   516 1272 Gefion       
131273 2.72962 0.13387  0.15702  14.80  -0.74   516 1272 Gefion       
131347 2.78140 0.13234  0.15443  14.52  -0.04   516 1272 Gefion       
131351 2.79345 0.12633  0.15816  14.71   0.14   516 1272 Gefion       
132148 2.71830 0.10516  0.15823  15.23  -0.74   516 1272 Gefion       
132507 2.80637 0.13003  0.15845  15.08   0.27   516 1272 Gefion       
132673 2.75262 0.13205  0.15406  15.24  -0.35   516 1272 Gefion       
132969 2.79742 0.13136  0.15910  14.89   0.18   516 1272 Gefion       
132980 2.77510 0.13631  0.15823  14.54  -0.13   516 1272 Gefion       
133201 2.76323 0.13190  0.15786  15.02  -0.25   516 1272 Gefion       
133284 2.76278 0.13636  0.15812  14.77  -0.29   516 1272 Gefion       
133314 2.73111 0.10805  0.15783  15.78  -0.46   516 1272 Gefion       
133334 2.77009 0.12734  0.15974  15.07  -0.17   516 1272 Gefion       
133390 2.75517 0.13160  0.15842  15.39  -0.30   516 1272 Gefion       
133501 2.71596 0.14505  0.16061  15.26  -0.75   516 1272 Gefion       
133594 2.77419 0.12020  0.15543  15.16  -0.11   516 1272 Gefion       
133669 2.75784 0.13723  0.16106  15.11  -0.31   516 1272 Gefion       
133811 2.81361 0.13419  0.15520  14.59   0.45   516 1272 Gefion       
134222 2.75552 0.12767  0.15931  14.95  -0.36   516 1272 Gefion       
134268 2.75258 0.13021  0.15291  15.52  -0.31   516 1272 Gefion       
134312 2.80336 0.13783  0.16423  15.19   0.22   516 1272 Gefion       
134492 2.71876 0.12236  0.15271  14.42  -1.06   516 1272 Gefion       
134496 2.74558 0.12600  0.16191  14.46  -0.61   516 1272 Gefion       
134499 2.78687 0.12828  0.15650  14.86   0.04   516 1272 Gefion       
134508 2.74958 0.13366  0.15905  14.90  -0.45   516 1272 Gefion       
134789 2.76657 0.13522  0.15708  15.46  -0.17   516 1272 Gefion       
134801 2.74159 0.12739  0.16367  14.95  -0.54   516 1272 Gefion       
134923 2.75242 0.14614  0.15635  15.14  -0.37   516 1272 Gefion       
135018 2.73042 0.14266  0.15472  14.99  -0.67   516 1272 Gefion       
135050 2.71995 0.14049  0.16332  15.12  -0.76   516 1272 Gefion       
135054 2.76539 0.12862  0.15816  14.39  -0.30   516 1272 Gefion       
135069 2.79912 0.12135  0.16161  15.07   0.19   516 1272 Gefion       
135154 2.76848 0.13883  0.16405  14.68  -0.22   516 1272 Gefion       
135585 2.75207 0.14102  0.16017  14.97  -0.40   516 1272 Gefion       
135587 2.77669 0.12001  0.15812  15.44  -0.07   516 1272 Gefion       
135879 2.75770 0.12794  0.16003  15.12  -0.31   516 1272 Gefion       
135980 2.80164 0.12840  0.15750  15.41   0.18   516 1272 Gefion       
135990 2.78404 0.13888  0.15870  15.18   0.00   516 1272 Gefion       
136103 2.77150 0.14613  0.15859  14.93  -0.16   516 1272 Gefion       
136382 2.73526 0.11912  0.15515  15.38  -0.51   516 1272 Gefion       
136652 2.74443 0.15481  0.16089  15.23  -0.44   516 1272 Gefion       
138297 2.76436 0.13071  0.15833  15.54  -0.19   516 1272 Gefion       
138396 2.75058 0.12278  0.15436  14.91  -0.43   516 1272 Gefion       
138431 2.74382 0.13397  0.15792  14.97  -0.51   516 1272 Gefion       
138435 2.73282 0.11433  0.15541  14.96  -0.65   516 1272 Gefion       
138442 2.74382 0.11771  0.15930  14.59  -0.60   516 1272 Gefion       
138456 2.73745 0.15034  0.16528  15.01  -0.58   516 1272 Gefion       
138491 2.76565 0.12497  0.15472  14.49  -0.29   516 1272 Gefion       
138541 2.71915 0.13368  0.16100  15.34  -0.69   516 1272 Gefion       
139363 2.74853 0.12449  0.15919  15.39  -0.37   516 1272 Gefion       
139374 2.74816 0.14146  0.15715  14.69  -0.51   516 1272 Gefion       
139414 2.77093 0.13332  0.15547  15.62  -0.12   516 1272 Gefion       
139475 2.79115 0.12396  0.15809  14.71   0.11   516 1272 Gefion       
139523 2.80140 0.13108  0.15792  14.69   0.25   516 1272 Gefion       
139556 2.75671 0.13215  0.15686  15.12  -0.32   516 1272 Gefion       
139581 2.72453 0.12531  0.15996  15.56  -0.57   516 1272 Gefion       
139591 2.75004 0.12215  0.15856  15.68  -0.31   516 1272 Gefion       
139607 2.76076 0.12542  0.15880  15.60  -0.22   516 1272 Gefion       
139642 2.72497 0.14693  0.15897  15.23  -0.66   516 1272 Gefion       
139676 2.79405 0.13414  0.15833  15.13   0.12   516 1272 Gefion       
139685 2.79685 0.12515  0.15122  14.76   0.18   516 1272 Gefion       
139692 2.77551 0.12304  0.15215  15.23  -0.09   516 1272 Gefion       
139705 2.80845 0.13277  0.15809  16.07   0.19   516 1272 Gefion       
139730 2.71714 0.11985  0.15761  15.12  -0.79   516 1272 Gefion       
139769 2.75605 0.11881  0.15665  15.00  -0.35   516 1272 Gefion       
139780 2.73557 0.10618  0.15895  15.71  -0.43   516 1272 Gefion       
139940 2.77829 0.13510  0.16260  15.62  -0.05   516 1272 Gefion       
139950 2.77628 0.12844  0.16044  15.32  -0.08   516 1272 Gefion       
140036 2.76277 0.12973  0.15797  14.38  -0.35   516 1272 Gefion       
140079 2.76768 0.14212  0.16285  15.27  -0.18   516 1272 Gefion       
140140 2.81484 0.11912  0.15465  14.99   0.39   516 1272 Gefion       
140189 2.73935 0.14916  0.16258  15.19  -0.51   516 1272 Gefion       
140275 2.78740 0.13274  0.15400  14.53   0.06   516 1272 Gefion       
140289 2.78951 0.12960  0.15598  14.64   0.08   516 1272 Gefion       
140291 2.71918 0.11501  0.15492  15.01  -0.80   516 1272 Gefion       
140432 2.79570 0.12309  0.15428  14.91   0.16   516 1272 Gefion       
140487 2.72411 0.11028  0.16423  15.32  -0.64   516 1272 Gefion       
140588 2.74486 0.14106  0.15845  14.52  -0.61   516 1272 Gefion       
140592 2.80853 0.13438  0.15860  15.33   0.27   516 1272 Gefion       
140674 2.75729 0.14385  0.16165  15.10  -0.32   516 1272 Gefion       
140684 2.79570 0.12834  0.15897  15.51   0.12   516 1272 Gefion       
140856 2.78311 0.12519  0.15405  15.60   0.00   516 1272 Gefion       
140983 2.78086 0.13255  0.15963  15.17  -0.03   516 1272 Gefion       
141348 2.80786 0.12865  0.15613  15.37   0.25   516 1272 Gefion       
141356 2.73799 0.13884  0.15848  15.48  -0.46   516 1272 Gefion       
142258 2.71937 0.12004  0.16055  15.30  -0.70   516 1272 Gefion       
142544 2.75700 0.13172  0.15507  15.51  -0.26   516 1272 Gefion       
142575 2.76068 0.13682  0.15713  15.03  -0.29   516 1272 Gefion       
142580 2.71745 0.11685  0.15545  15.08  -0.80   516 1272 Gefion       
142766 2.78344 0.13819  0.16065  15.79   0.00   516 1272 Gefion       
142783 2.77452 0.13457  0.15975  15.58  -0.09   516 1272 Gefion       
143121 2.78067 0.12556  0.14988  15.58  -0.03   516 1272 Gefion       
143126 2.71046 0.14458  0.15634  14.79  -1.01   516 1272 Gefion       
143244 2.77128 0.13105  0.15963  15.42  -0.13   516 1272 Gefion       
143252 2.79424 0.13992  0.16218  15.11   0.12   516 1272 Gefion       
143336 2.72523 0.10831  0.15926  15.53  -0.57   516 1272 Gefion       
143414 2.73788 0.11267  0.15730  15.53  -0.45   516 1272 Gefion       
143450 2.74853 0.12006  0.15520  14.80  -0.48   516 1272 Gefion       
144089 2.78280 0.12226  0.16255  14.92   0.00   516 1272 Gefion       
144473 2.73506 0.10601  0.15493  15.15  -0.57   516 1272 Gefion       
144504 2.73919 0.09685  0.16226  15.70  -0.40   516 1272 Gefion       
144714 2.77627 0.13293  0.15482  15.04  -0.09   516 1272 Gefion       
144731 2.74090 0.14823  0.16137  15.88  -0.36   516 1272 Gefion       
144895 2.76378 0.12940  0.15619  15.49  -0.20   516 1272 Gefion       
145036 2.73026 0.10320  0.16172  15.75  -0.47   516 1272 Gefion       
145047 2.74900 0.13160  0.15249  15.61  -0.33   516 1272 Gefion       
145083 2.72079 0.12054  0.15992  15.91  -0.52   516 1272 Gefion       
145477 2.72481 0.12115  0.16172  15.17  -0.68   516 1272 Gefion       
145551 2.74972 0.14391  0.15806  15.09  -0.41   516 1272 Gefion       
145561 2.75543 0.13468  0.16026  15.44  -0.29   516 1272 Gefion       
145634 2.75171 0.14486  0.15974  14.94  -0.41   516 1272 Gefion       
145726 2.75491 0.13025  0.15889  15.43  -0.30   516 1272 Gefion       
146468 2.73707 0.14038  0.16048  15.36  -0.49   516 1272 Gefion       
146524 2.80728 0.12195  0.16024  14.86   0.31   516 1272 Gefion       
146587 2.73413 0.14750  0.15497  15.01  -0.62   516 1272 Gefion       
146599 2.75757 0.13202  0.15719  15.36  -0.28   516 1272 Gefion       
146630 2.72741 0.13546  0.16427  15.35  -0.60   516 1272 Gefion       
146632 2.77882 0.12377  0.16172  14.89  -0.07   516 1272 Gefion       
146664 2.77781 0.13465  0.16037  15.53  -0.06   516 1272 Gefion       
146671 2.73163 0.10334  0.15860  15.56  -0.50   516 1272 Gefion       
146706 2.72718 0.14081  0.15874  15.34  -0.61   516 1272 Gefion       
146742 2.72259 0.14462  0.15945  15.46  -0.62   516 1272 Gefion       
146779 2.76325 0.12658  0.15666  15.10  -0.25   516 1272 Gefion       
147292 2.74426 0.11721  0.15865  15.55  -0.38   516 1272 Gefion       
147315 2.79705 0.12610  0.16091  15.17   0.15   516 1272 Gefion       
147326 2.78454 0.14109  0.16025  15.27   0.00   516 1272 Gefion       
147328 2.71870 0.14755  0.16241  15.81  -0.56   516 1272 Gefion       
147370 2.75259 0.12344  0.16071  16.04  -0.24   516 1272 Gefion       
147373 2.75913 0.13224  0.15714  16.26  -0.17   516 1272 Gefion       
147401 2.81047 0.12155  0.16049  15.10   0.32   516 1272 Gefion       
147661 2.79520 0.12953  0.15599  15.09   0.14   516 1272 Gefion       
148322 2.80332 0.13571  0.15861  15.44   0.20   516 1272 Gefion       
148337 2.78511 0.13889  0.15900  15.18   0.02   516 1272 Gefion       
148339 2.77458 0.14037  0.15866  15.36  -0.10   516 1272 Gefion       
148713 2.71910 0.10527  0.15679  15.19  -0.74   516 1272 Gefion       
148735 2.72066 0.13682  0.16105  15.26  -0.70   516 1272 Gefion       
148739 2.77378 0.13411  0.14928  15.46  -0.10   516 1272 Gefion       
148740 2.73687 0.12743  0.15507  14.81  -0.64   516 1272 Gefion       
148755 2.74806 0.12792  0.15345  15.66  -0.33   516 1272 Gefion       
148856 2.72875 0.10555  0.16295  15.36  -0.58   516 1272 Gefion       
148921 2.75241 0.13969  0.15749  15.20  -0.36   516 1272 Gefion       
148953 2.79786 0.12509  0.15249  15.73   0.13   516 1272 Gefion       
148997 2.77645 0.13225  0.16144  15.38  -0.08   516 1272 Gefion       
149034 2.77082 0.11854  0.15756  15.61  -0.12   516 1272 Gefion       
149551 2.74199 0.15103  0.16193  15.44  -0.43   516 1272 Gefion       
149749 2.71878 0.11809  0.15669  15.37  -0.69   516 1272 Gefion       
149886 2.73695 0.10380  0.16204  15.53  -0.46   516 1272 Gefion       
149906 2.76995 0.12830  0.15938  15.54  -0.14   516 1272 Gefion       
150065 2.78130 0.11999  0.16342  16.09  -0.02   516 1272 Gefion       
150117 2.79434 0.13352  0.15920  15.13   0.12   516 1272 Gefion       
150484 2.80085 0.12822  0.16048  15.00   0.21   516 1272 Gefion       
150496 2.74113 0.12430  0.16653  15.22  -0.48   516 1272 Gefion       
150505 2.79740 0.12854  0.15997  15.27   0.15   516 1272 Gefion       
150523 2.79344 0.12485  0.15390  15.80   0.08   516 1272 Gefion       
150540 2.76810 0.12920  0.15778  15.43  -0.16   516 1272 Gefion       
150569 2.78435 0.12622  0.15131  15.35   0.00   516 1272 Gefion       
150575 2.80990 0.13462  0.15879  15.78   0.23   516 1272 Gefion       
151067 2.76883 0.13922  0.16149  14.93  -0.19   516 1272 Gefion       
151082 2.72489 0.13966  0.16332  15.76  -0.52   516 1272 Gefion       
151134 2.76947 0.13480  0.16271  15.25  -0.16   516 1272 Gefion       
151294 2.80860 0.13194  0.16029  15.28   0.27   516 1272 Gefion       
151810 2.74028 0.10581  0.15483  15.12  -0.51   516 1272 Gefion       
152046 2.75214 0.14125  0.15921  15.36  -0.34   516 1272 Gefion       
152195 2.72609 0.13367  0.16048  15.66  -0.53   516 1272 Gefion       
152422 2.74106 0.11113  0.15766  15.78  -0.37   516 1272 Gefion       
152461 2.74159 0.10530  0.16220  15.19  -0.48   516 1272 Gefion       
152529 2.78754 0.12093  0.15824  15.58   0.04   516 1272 Gefion       
152662 2.73995 0.11258  0.15158  15.68  -0.40   516 1272 Gefion       
152674 2.76429 0.13618  0.15317  14.90  -0.26   516 1272 Gefion       
152677 2.76886 0.12761  0.15298  14.99  -0.19   516 1272 Gefion       
152778 2.72699 0.12898  0.16494  15.30  -0.62   516 1272 Gefion       
152786 2.79978 0.13499  0.15705  14.90   0.21   516 1272 Gefion       
153062 2.76111 0.13020  0.15246  15.68  -0.21   516 1272 Gefion       
153121 2.80878 0.12848  0.15706  15.18   0.29   516 1272 Gefion       
153170 2.77107 0.13258  0.15497  15.46  -0.13   516 1272 Gefion       
153214 2.79632 0.13311  0.15568  15.09   0.15   516 1272 Gefion       
154048 2.75597 0.14371  0.16564  15.07  -0.34   516 1272 Gefion       
154053 2.78154 0.12052  0.15885  15.86  -0.02   516 1272 Gefion       
154130 2.81458 0.12864  0.15958  15.01   0.38   516 1272 Gefion       
154501 2.74166 0.13262  0.15672  15.30  -0.46   516 1272 Gefion       
154886 2.74021 0.13413  0.15902  15.35  -0.46   516 1272 Gefion       
155220 2.76438 0.12342  0.14990  15.70  -0.18   516 1272 Gefion       
155407 2.73822 0.14780  0.15298  15.84  -0.39   516 1272 Gefion       
155442 2.76235 0.12174  0.15778  15.34  -0.23   516 1272 Gefion       
155541 2.77246 0.12813  0.15747  14.93  -0.15   516 1272 Gefion       
155569 2.79399 0.13299  0.15915  15.42   0.10   516 1272 Gefion       
155698 2.76859 0.13095  0.16013  15.41  -0.16   516 1272 Gefion       
155765 2.77772 0.11674  0.15635  15.58  -0.06   516 1272 Gefion       
155829 2.73802 0.14975  0.15861  14.86  -0.61   516 1272 Gefion       
156518 2.73292 0.10502  0.16348  15.26  -0.56   516 1272 Gefion       
156541 2.74113 0.10297  0.16309  15.69  -0.39   516 1272 Gefion       
156594 2.79578 0.12354  0.15936  14.65   0.18   516 1272 Gefion       
157238 2.75161 0.14686  0.16207  15.60  -0.31   516 1272 Gefion       
157295 2.72055 0.13359  0.15844  15.27  -0.70   516 1272 Gefion       
157331 2.78571 0.13698  0.15649  15.33   0.02   516 1272 Gefion       
157353 2.73470 0.11077  0.15651  15.38  -0.52   516 1272 Gefion       
157582 2.73754 0.11911  0.15381  15.90  -0.38   516 1272 Gefion       
157927 2.79150 0.12799  0.16072  15.58   0.07   516 1272 Gefion       
158358 2.74815 0.12940  0.15939  15.21  -0.40   516 1272 Gefion       
158512 2.73870 0.13277  0.15467  15.30  -0.49   516 1272 Gefion       
158530 2.76402 0.13260  0.15856  15.77  -0.17   516 1272 Gefion       
158544 2.77497 0.12606  0.16233  15.09  -0.11   516 1272 Gefion       
158552 2.78794 0.12449  0.15870  15.48   0.04   516 1272 Gefion       
158992 2.73349 0.15129  0.15540  15.79  -0.44   516 1272 Gefion       
159252 2.74029 0.15336  0.16143  15.48  -0.44   516 1272 Gefion       
159320 2.74267 0.13360  0.15895  15.30  -0.45   516 1272 Gefion       
159448 2.72595 0.11479  0.16421  15.07  -0.70   516 1272 Gefion       
159655 2.77105 0.12876  0.15561  15.45  -0.13   516 1272 Gefion       
159670 2.79450 0.13385  0.16118  15.01   0.13   516 1272 Gefion       
159674 2.74177 0.10967  0.16303  15.09  -0.50   516 1272 Gefion       
160346 2.78955 0.11934  0.15827  15.40   0.06   516 1272 Gefion       
160350 2.74400 0.10925  0.16066  15.06  -0.48   516 1272 Gefion       
160450 2.75868 0.14383  0.16165  15.98  -0.20   516 1272 Gefion       
161605 2.70965 0.14410  0.15911  15.78  -0.65   516 1272 Gefion       
161787 2.72957 0.14299  0.16648  15.58  -0.52   516 1272 Gefion       
162103 2.77528 0.13280  0.16017  15.73  -0.08   516 1272 Gefion       
162122 2.72323 0.10733  0.15630  15.33  -0.65   516 1272 Gefion       
162132 2.76390 0.12361  0.15063  15.89  -0.17   516 1272 Gefion       
162147 2.76620 0.13566  0.16110  14.61  -0.26   516 1272 Gefion       
162863 2.76805 0.12303  0.16205  15.19  -0.18   516 1272 Gefion       
162872 2.77182 0.13353  0.15741  14.99  -0.15   516 1272 Gefion       
162875 2.79284 0.13072  0.15010  15.21   0.10   516 1272 Gefion       
162879 2.75183 0.14177  0.15946  15.77  -0.28   516 1272 Gefion       
163365 2.80029 0.13521  0.15862  15.45   0.17   516 1272 Gefion       
163377 2.77940 0.12700  0.15623  14.74  -0.06   516 1272 Gefion       
163381 2.73211 0.10991  0.16185  15.19  -0.59   516 1272 Gefion       
163391 2.77059 0.12047  0.15271  15.17  -0.15   516 1272 Gefion       
163404 2.80518 0.13183  0.15780  15.49   0.21   516 1272 Gefion       
163413 2.75594 0.13139  0.15642  15.69  -0.25   516 1272 Gefion       
163860 2.73735 0.13265  0.15467  15.42  -0.48   516 1272 Gefion       
163863 2.74079 0.11639  0.15404  15.21  -0.49   516 1272 Gefion       
164180 2.80191 0.12755  0.15941  15.12   0.21   516 1272 Gefion       
164755 2.73390 0.10368  0.15822  15.06  -0.61   516 1272 Gefion       
164760 2.75746 0.12973  0.15871  14.83  -0.36   516 1272 Gefion       
164770 2.72144 0.13726  0.16411  15.60  -0.59   516 1272 Gefion       
165000 2.78527 0.13021  0.15530  15.43   0.02   516 1272 Gefion       
165014 2.71444 0.15140  0.16123  15.46  -0.70   516 1272 Gefion       
165036 2.79903 0.12390  0.14990  15.15   0.18   516 1272 Gefion       
165046 2.74966 0.14719  0.15642  15.32  -0.37   516 1272 Gefion       
165076 2.77882 0.12792  0.15648  15.65  -0.05   516 1272 Gefion       
165078 2.79981 0.13676  0.15677  15.64   0.15   516 1272 Gefion       
166420 2.81417 0.12663  0.15931  15.40   0.32   516 1272 Gefion       
166435 2.74911 0.14604  0.15707  15.42  -0.36   516 1272 Gefion       
166465 2.73638 0.10537  0.16050  15.24  -0.53   516 1272 Gefion       
166494 2.71732 0.12111  0.15198  15.68  -0.61   516 1272 Gefion       
166509 2.73748 0.11180  0.16208  15.32  -0.50   516 1272 Gefion       
166529 2.76708 0.12359  0.15344  14.97  -0.21   516 1272 Gefion       
166538 2.81155 0.12497  0.15753  15.09   0.33   516 1272 Gefion       
166539 2.76676 0.13314  0.16541  15.08  -0.21   516 1272 Gefion       
166598 2.73922 0.11657  0.15577  15.43  -0.46   516 1272 Gefion       
166669 2.79896 0.12488  0.16045  14.95   0.19   516 1272 Gefion       
167327 2.71838 0.13517  0.16042  15.37  -0.69   516 1272 Gefion       
167410 2.73205 0.13913  0.15913  15.38  -0.54   516 1272 Gefion       
167499 2.75746 0.13142  0.15975  15.02  -0.33   516 1272 Gefion       
167537 2.71729 0.15115  0.16143  15.76  -0.59   516 1272 Gefion       
167940 2.75676 0.13659  0.16740  15.49  -0.27   516 1272 Gefion       
167947 2.74426 0.12986  0.15827  15.59  -0.38   516 1272 Gefion       
168148 2.80993 0.12607  0.15998  15.85   0.22   516 1272 Gefion       
168616 2.79606 0.13740  0.15565  15.67   0.11   516 1272 Gefion       
168662 2.81563 0.11992  0.15693  15.29   0.35   516 1272 Gefion       
168672 2.72928 0.14255  0.16771  15.55  -0.53   516 1272 Gefion       
168709 2.75998 0.13654  0.16135  15.38  -0.25   516 1272 Gefion       
169102 2.78370 0.13758  0.15783  15.58   0.00   516 1272 Gefion       
169124 2.78204 0.12874  0.15883  15.42  -0.02   516 1272 Gefion       
169758 2.73839 0.15270  0.15319  15.44  -0.46   516 1272 Gefion       
169761 2.73961 0.12968  0.15702  14.82  -0.60   516 1272 Gefion       
169818 2.72975 0.10870  0.16397  15.53  -0.53   516 1272 Gefion       
169862 2.79311 0.12656  0.15482  15.33   0.10   516 1272 Gefion       
169872 2.81132 0.12242  0.15444  15.35   0.29   516 1272 Gefion       
169884 2.77897 0.13126  0.16005  15.53  -0.05   516 1272 Gefion       
169959 2.73015 0.11108  0.16172  15.26  -0.59   516 1272 Gefion       
170002 2.75536 0.13799  0.15906  14.81  -0.39   516 1272 Gefion       
170043 2.75229 0.12505  0.15683  15.70  -0.29   516 1272 Gefion       
170070 2.73164 0.09975  0.16465  15.54  -0.51   516 1272 Gefion       
170640 2.76595 0.13304  0.16264  15.39  -0.19   516 1272 Gefion       
170660 2.79525 0.14234  0.15892  15.56   0.11   516 1272 Gefion       
171070 2.80213 0.13454  0.15980  15.24   0.21   516 1272 Gefion       
171113 2.78064 0.13335  0.15801  16.00  -0.02   516 1272 Gefion       
171131 2.77603 0.12981  0.15736  15.78  -0.07   516 1272 Gefion       
171133 2.72800 0.09120  0.15698  15.93  -0.45   516 1272 Gefion       
171138 2.75430 0.13303  0.15726  16.42  -0.19   516 1272 Gefion       
171215 2.77781 0.11866  0.15138  15.15  -0.07   516 1272 Gefion       
171477 2.79250 0.13024  0.15211  15.80   0.08   516 1272 Gefion       
172262 2.77210 0.13247  0.16107  15.45  -0.12   516 1272 Gefion       
172275 2.73263 0.11796  0.15642  15.48  -0.51   516 1272 Gefion       
172311 2.74770 0.14570  0.15513  15.18  -0.42   516 1272 Gefion       
172313 2.81354 0.12947  0.15790  15.40   0.31   516 1272 Gefion       
172335 2.77672 0.12556  0.15382  15.32  -0.08   516 1272 Gefion       
172349 2.74853 0.12080  0.15953  15.18  -0.41   516 1272 Gefion       
172356 2.81571 0.12005  0.15991  14.98   0.40   516 1272 Gefion       
173024 2.74771 0.13753  0.16172  15.39  -0.38   516 1272 Gefion       
173029 2.72808 0.13390  0.16082  15.61  -0.53   516 1272 Gefion       
173041 2.72117 0.12043  0.16083  15.96  -0.50   516 1272 Gefion       
173057 2.79523 0.13697  0.15605  15.38   0.12   516 1272 Gefion       
173692 2.81005 0.13666  0.16085  15.21   0.30   516 1272 Gefion       
173757 2.77721 0.12957  0.16202  15.22  -0.07   516 1272 Gefion       
174159 2.75415 0.12687  0.16267  15.02  -0.37   516 1272 Gefion       
174238 2.74058 0.11761  0.15486  15.69  -0.39   516 1272 Gefion       
174273 2.72049 0.10092  0.15577  15.47  -0.64   516 1272 Gefion       
174357 2.73687 0.12604  0.15660  15.00  -0.59   516 1272 Gefion       
174363 2.74542 0.13156  0.16533  16.20  -0.28   516 1272 Gefion       
174418 2.75258 0.12624  0.15295  15.34  -0.33   516 1272 Gefion       
174450 2.71986 0.12835  0.16002  15.47  -0.64   516 1272 Gefion       
174462 2.77936 0.13036  0.16350  15.36  -0.05   516 1272 Gefion       
174471 2.74805 0.12282  0.16522  15.44  -0.36   516 1272 Gefion       
174641 2.73161 0.10289  0.16001  15.38  -0.55   516 1272 Gefion       
175000 2.77303 0.13841  0.16130  15.27  -0.12   516 1272 Gefion       
175017 2.72777 0.14630  0.16014  15.28  -0.62   516 1272 Gefion       
175053 2.74896 0.11042  0.15956  15.72  -0.31   516 1272 Gefion       
175204 2.76877 0.12752  0.16164  15.25  -0.17   516 1272 Gefion       
175293 2.78388 0.12700  0.15810  15.56   0.00   516 1272 Gefion       
175306 2.73197 0.12086  0.15351  15.93  -0.42   516 1272 Gefion       
175486 2.72250 0.08968  0.15424  16.21  -0.44   516 1272 Gefion       
175588 2.72667 0.13041  0.16403  15.83  -0.49   516 1272 Gefion       
175949 2.71130 0.10746  0.15750  15.34  -0.77   516 1272 Gefion       
176198 2.75379 0.13730  0.16765  15.10  -0.36   516 1272 Gefion       
176223 2.77230 0.12895  0.15955  14.81  -0.16   516 1272 Gefion       
176300 2.73120 0.14106  0.16745  15.50  -0.52   516 1272 Gefion       
176320 2.77016 0.13574  0.15680  15.12  -0.16   516 1272 Gefion       
176370 2.75206 0.12663  0.16162  15.25  -0.35   516 1272 Gefion       
176384 2.80943 0.12642  0.15608  15.38   0.27   516 1272 Gefion       
176386 2.81574 0.12063  0.16100  15.48   0.32   516 1272 Gefion       
176722 2.75201 0.11275  0.15637  16.05  -0.25   516 1272 Gefion       
176811 2.72940 0.14070  0.16564  15.68  -0.50   516 1272 Gefion       
176923 2.72327 0.12752  0.16108  15.60  -0.57   516 1272 Gefion       
176965 2.72260 0.10282  0.16030  15.31  -0.66   516 1272 Gefion       
176993 2.75095 0.13241  0.16077  15.40  -0.34   516 1272 Gefion       
177346 2.74975 0.13898  0.16025  15.13  -0.40   516 1272 Gefion       
177427 2.73628 0.10497  0.16740  15.30  -0.52   516 1272 Gefion       
177503 2.72410 0.11724  0.16092  15.49  -0.60   516 1272 Gefion       
177545 2.73885 0.12949  0.16241  15.31  -0.49   516 1272 Gefion       
177616 2.75447 0.13041  0.15651  15.38  -0.31   516 1272 Gefion       
177808 2.72737 0.11052  0.15984  15.38  -0.59   516 1272 Gefion       
178007 2.71185 0.12723  0.15524  16.25  -0.51   516 1272 Gefion       
178105 2.70959 0.14479  0.15677  15.97  -0.59   516 1272 Gefion       
178885 2.74764 0.14250  0.16028  15.23  -0.41   516 1272 Gefion       
179013 2.77884 0.13060  0.15826  15.70  -0.04   516 1272 Gefion       
179091 2.73487 0.11131  0.16267  15.36  -0.52   516 1272 Gefion       
179144 2.74675 0.14354  0.15680  15.13  -0.44   516 1272 Gefion       
179209 2.78885 0.12770  0.16008  15.32   0.05   516 1272 Gefion       
179654 2.72730 0.13993  0.16219  16.06  -0.43   516 1272 Gefion       
179739 2.79099 0.12788  0.16121  15.75   0.06   516 1272 Gefion       
180004 2.70994 0.14339  0.15733  15.72  -0.66   516 1272 Gefion       
180060 2.75486 0.13101  0.16530  15.22  -0.33   516 1272 Gefion       
180073 2.81077 0.12901  0.15568  15.48   0.27   516 1272 Gefion       
180087 2.76229 0.12908  0.16038  15.10  -0.26   516 1272 Gefion       
181084 2.72388 0.12404  0.16255  15.51  -0.59   516 1272 Gefion       
181134 2.75223 0.12561  0.15200  15.29  -0.35   516 1272 Gefion       
181388 2.77289 0.14108  0.15737  16.08  -0.08   516 1272 Gefion       
181543 2.73504 0.09200  0.16187  15.56  -0.47   516 1272 Gefion       
182133 2.75706 0.13851  0.16295  15.64  -0.25   516 1272 Gefion       
182150 2.80292 0.13243  0.15956  15.51   0.19   516 1272 Gefion       
182169 2.75664 0.13869  0.15779  15.15  -0.32   516 1272 Gefion       
182442 2.73755 0.11994  0.16625  15.46  -0.47   516 1272 Gefion       
182489 2.76440 0.13110  0.16274  14.66  -0.28   516 1272 Gefion       
182643 2.73599 0.14289  0.15554  15.54  -0.47   516 1272 Gefion       
182737 2.77495 0.13207  0.15534  16.26  -0.06   516 1272 Gefion       
182987 2.74876 0.14978  0.15843  15.61  -0.33   516 1272 Gefion       
183444 2.79389 0.13005  0.16059  15.37   0.11   516 1272 Gefion       
183532 2.72134 0.13710  0.16260  15.07  -0.76   516 1272 Gefion       
183542 2.76087 0.12105  0.15209  16.39  -0.15   516 1272 Gefion       
183769 2.73465 0.13267  0.16375  15.36  -0.52   516 1272 Gefion       
184127 2.79898 0.13063  0.16398  16.02   0.12   516 1272 Gefion       
184538 2.81555 0.12722  0.15778  15.41   0.33   516 1272 Gefion       
184581 2.74226 0.12209  0.15825  15.34  -0.44   516 1272 Gefion       
184643 2.73923 0.15055  0.15484  15.91  -0.37   516 1272 Gefion       
184710 2.77598 0.13572  0.15957  16.12  -0.06   516 1272 Gefion       
185116 2.77970 0.13328  0.16018  15.56  -0.04   516 1272 Gefion       
185143 2.73007 0.13635  0.15735  15.83  -0.46   516 1272 Gefion       
185280 2.73925 0.12644  0.15700  15.91  -0.37   516 1272 Gefion       
185518 2.76304 0.12760  0.15294  15.39  -0.22   516 1272 Gefion       
185896 2.73048 0.09319  0.16058  15.17  -0.62   516 1272 Gefion       
185902 2.73881 0.09059  0.16068  15.51  -0.44   516 1272 Gefion       
185939 2.79500 0.12434  0.15590  15.16   0.13   516 1272 Gefion       
186144 2.73162 0.12237  0.15612  15.32  -0.56   516 1272 Gefion       
186256 2.72087 0.13574  0.15469  15.77  -0.55   516 1272 Gefion       
186261 2.81309 0.13103  0.15795  15.34   0.31   516 1272 Gefion       
186885 2.72299 0.12060  0.16158  15.48  -0.61   516 1272 Gefion       
186916 2.79975 0.12127  0.15363  15.41   0.17   516 1272 Gefion       
186933 2.76775 0.13533  0.15551  15.45  -0.16   516 1272 Gefion       
187264 2.75434 0.13660  0.15668  15.88  -0.25   516 1272 Gefion       
187641 2.74589 0.13218  0.15203  16.21  -0.27   516 1272 Gefion       
187890 2.73222 0.14719  0.15974  15.83  -0.44   516 1272 Gefion       
187894 2.77761 0.13150  0.16613  15.26  -0.07   516 1272 Gefion       
188106 2.73627 0.13997  0.15932  15.45  -0.48   516 1272 Gefion       
188491 2.77805 0.12528  0.15866  15.92  -0.05   516 1272 Gefion       
188679 2.73644 0.12931  0.15145  15.44  -0.48   516 1272 Gefion       
188680 2.76378 0.13164  0.16079  15.48  -0.20   516 1272 Gefion       
188814 2.78757 0.13199  0.16280  15.53   0.04   516 1272 Gefion       
188907 2.74774 0.10940  0.16172  15.97  -0.29   516 1272 Gefion       
189404 2.79518 0.12792  0.15571  15.95   0.09   516 1272 Gefion       
189407 2.71880 0.11273  0.15853  16.07  -0.50   516 1272 Gefion       
189466 2.80162 0.12247  0.15512  14.74   0.25   516 1272 Gefion       
189468 2.78587 0.13316  0.16252  15.40   0.02   516 1272 Gefion       
189473 2.79063 0.12739  0.14664  15.68   0.06   516 1272 Gefion       
189478 2.80973 0.12430  0.15924  15.16   0.30   516 1272 Gefion       
189480 2.78429 0.13578  0.15494  15.24   0.00   516 1272 Gefion       
189484 2.79578 0.13589  0.15996  15.31   0.13   516 1272 Gefion       
189774 2.73960 0.11040  0.16146  15.23  -0.50   516 1272 Gefion       
189866 2.79595 0.12936  0.16106  15.40   0.13   516 1272 Gefion       
190095 2.77374 0.13798  0.15616  15.18  -0.12   516 1272 Gefion       
190102 2.77048 0.12629  0.15815  15.86  -0.11   516 1272 Gefion       
190249 2.74491 0.14800  0.15697  15.91  -0.32   516 1272 Gefion       
190299 2.77643 0.12667  0.16115  15.50  -0.07   516 1272 Gefion       
190377 2.78331 0.12844  0.16120  15.52   0.00   516 1272 Gefion       
190382 2.72202 0.09388  0.15838  15.30  -0.67   516 1272 Gefion       
190392 2.79543 0.12718  0.16028  15.70   0.11   516 1272 Gefion       
190395 2.76531 0.12937  0.16457  15.20  -0.21   516 1272 Gefion       
190405 2.73430 0.09857  0.16409  15.14  -0.58   516 1272 Gefion       
190414 2.76417 0.12856  0.15941  16.23  -0.14   516 1272 Gefion       
190421 2.80414 0.13120  0.15574  15.24   0.23   516 1272 Gefion       
190434 2.76322 0.14065  0.15500  14.84  -0.28   516 1272 Gefion       
190680 2.72577 0.12372  0.16329  14.87  -0.77   516 1272 Gefion       
190683 2.76053 0.13480  0.15919  15.21  -0.26   516 1272 Gefion       
191343 2.79131 0.13587  0.15823  15.14   0.09   516 1272 Gefion       
191389 2.73224 0.12625  0.16533  15.12  -0.61   516 1272 Gefion       
191671 2.79836 0.13245  0.15647  15.19   0.17   516 1272 Gefion       
191799 2.74865 0.14695  0.15775  15.31  -0.38   516 1272 Gefion       
191862 2.74367 0.14198  0.15567  15.32  -0.43   516 1272 Gefion       
192051 2.72916 0.10443  0.16414  15.41  -0.57   516 1272 Gefion       
192231 2.76870 0.13178  0.15921  16.20  -0.11   516 1272 Gefion       
192504 2.73064 0.15460  0.16428  16.15  -0.39   516 1272 Gefion       
192737 2.79556 0.12576  0.15319  14.97   0.15   516 1272 Gefion       
192758 2.71962 0.11109  0.16153  15.13  -0.76   516 1272 Gefion       
192760 2.78005 0.13494  0.15430  15.30  -0.04   516 1272 Gefion       
192768 2.72836 0.12551  0.16122  15.42  -0.57   516 1272 Gefion       
192791 2.72243 0.12071  0.16129  15.30  -0.67   516 1272 Gefion       
192796 2.73711 0.12666  0.16295  15.35  -0.50   516 1272 Gefion       
192823 2.79837 0.13824  0.15836  15.68   0.13   516 1272 Gefion       
192874 2.77549 0.14328  0.15568  15.29  -0.09   516 1272 Gefion       
193010 2.81042 0.12458  0.15670  15.48   0.27   516 1272 Gefion       
193575 2.75448 0.13043  0.15831  15.18  -0.34   516 1272 Gefion       
193645 2.79854 0.13246  0.16222  15.41   0.15   516 1272 Gefion       
193725 2.73534 0.14865  0.16480  15.53  -0.47   516 1272 Gefion       
195078 2.73278 0.13815  0.15890  15.26  -0.57   516 1272 Gefion       
195394 2.76939 0.12963  0.15719  15.12  -0.17   516 1272 Gefion       
195397 2.76562 0.13614  0.15987  15.20  -0.21   516 1272 Gefion       
195463 2.72936 0.14680  0.16195  15.41  -0.56   516 1272 Gefion       
195485 2.76886 0.12838  0.16017  15.22  -0.17   516 1272 Gefion       
195506 2.80119 0.12747  0.15747  14.91   0.23   516 1272 Gefion       
195519 2.74011 0.13043  0.14824  15.70  -0.40   516 1272 Gefion       
195544 2.79077 0.12962  0.15279  15.18   0.08   516 1272 Gefion       
195595 2.78653 0.12157  0.15632  14.89   0.04   516 1272 Gefion       
195624 2.77174 0.13211  0.15655  15.06  -0.15   516 1272 Gefion       
196506 2.73114 0.11270  0.16147  15.43  -0.54   516 1272 Gefion       
196526 2.74802 0.13402  0.15615  15.23  -0.40   516 1272 Gefion       
196529 2.72843 0.11082  0.15838  16.12  -0.41   516 1272 Gefion       
196597 2.73632 0.10648  0.16300  16.01  -0.37   516 1272 Gefion       
196628 2.77387 0.12612  0.16204  15.60  -0.09   516 1272 Gefion       
196671 2.79750 0.13030  0.15445  16.34   0.09   516 1272 Gefion       
196691 2.76223 0.13199  0.16087  15.40  -0.22   516 1272 Gefion       
196785 2.76987 0.12785  0.15749  15.77  -0.12   516 1272 Gefion       
196877 2.78592 0.13575  0.15340  15.06   0.03   516 1272 Gefion       
197158 2.78437 0.11953  0.15151  15.18   0.00   516 1272 Gefion       
198450 2.81481 0.12761  0.15897  15.73   0.28   516 1272 Gefion       
198567 2.75090 0.14539  0.15736  15.88  -0.27   516 1272 Gefion       
199270 2.75733 0.12567  0.16198  15.86  -0.22   516 1272 Gefion       
199310 2.75648 0.13360  0.16456  15.32  -0.29   516 1272 Gefion       
199415 2.79187 0.12485  0.15926  15.50   0.08   516 1272 Gefion       
199422 2.71620 0.08471  0.15472  16.26  -0.47   516 1272 Gefion       
199726 2.81355 0.13399  0.16326  15.57   0.29   516 1272 Gefion       
199747 2.78135 0.12311  0.16520  15.94  -0.02   516 1272 Gefion       
200234 2.78789 0.12462  0.15409  16.13   0.03   516 1272 Gefion       
200275 2.75208 0.14993  0.15728  15.40  -0.33   516 1272 Gefion       
200277 2.74577 0.14928  0.16425  15.43  -0.39   516 1272 Gefion       
200282 2.72079 0.10825  0.15970  15.47  -0.63   516 1272 Gefion       
200290 2.76378 0.13914  0.15689  15.30  -0.22   516 1272 Gefion       
200548 2.76297 0.12734  0.15268  15.34  -0.22   516 1272 Gefion       
201228 2.80423 0.13929  0.16014  15.89   0.17   516 1272 Gefion       
201397 2.80844 0.13275  0.16399  15.10   0.29   516 1272 Gefion       
201526 2.71628 0.12414  0.15803  15.21  -0.77   516 1272 Gefion       
201534 2.80299 0.13071  0.16287  15.40   0.20   516 1272 Gefion       
201595 2.75734 0.10902  0.15881  15.37  -0.28   516 1272 Gefion       
201631 2.73088 0.09745  0.16325  15.11  -0.63   516 1272 Gefion       
201660 2.79770 0.12885  0.15886  16.42   0.09   516 1272 Gefion       
201703 2.77748 0.13585  0.16344  15.19  -0.07   516 1272 Gefion       
201765 2.79426 0.13854  0.15738  15.03   0.13   516 1272 Gefion       
202802 2.74567 0.14912  0.15753  15.71  -0.34   516 1272 Gefion       
202994 2.76297 0.13549  0.16285  15.80  -0.18   516 1272 Gefion       
203009 2.71534 0.10720  0.15690  15.21  -0.78   516 1272 Gefion       
203174 2.73582 0.14800  0.15345  15.13  -0.56   516 1272 Gefion       
203668 2.74249 0.12236  0.15872  15.61  -0.39   516 1272 Gefion       
203692 2.77037 0.13418  0.16031  15.67  -0.12   516 1272 Gefion       
203801 2.79206 0.12696  0.16010  15.06   0.10   516 1272 Gefion       
203973 2.71739 0.12858  0.15834  15.49  -0.66   516 1272 Gefion       
204036 2.74080 0.10936  0.15677  15.23  -0.48   516 1272 Gefion       
204037 2.73589 0.10989  0.16104  15.44  -0.49   516 1272 Gefion       
204816 2.80197 0.13118  0.15809  16.31   0.12   516 1272 Gefion       
206054 2.77896 0.12801  0.15842  15.48  -0.05   516 1272 Gefion       
206088 2.75254 0.12447  0.15682  15.21  -0.35   516 1272 Gefion       
206090 2.75457 0.12603  0.15922  15.57  -0.28   516 1272 Gefion       
206091 2.80495 0.12566  0.15449  15.94   0.17   516 1272 Gefion       
206152 2.76603 0.13536  0.15540  15.07  -0.22   516 1272 Gefion       
206155 2.73266 0.10791  0.16654  16.34  -0.34   516 1272 Gefion       
206411 2.76436 0.13439  0.15823  15.60  -0.18   516 1272 Gefion       
206515 2.74447 0.12983  0.15158  15.43  -0.40   516 1272 Gefion       
206580 2.73624 0.13366  0.15794  15.58  -0.46   516 1272 Gefion       
206583 2.81258 0.12017  0.15846  15.40   0.30   516 1272 Gefion       
206768 2.77331 0.12527  0.16091  15.22  -0.12   516 1272 Gefion       
207278 2.80444 0.12029  0.15601  15.64   0.19   516 1272 Gefion       
207600 2.74170 0.12536  0.15347  15.55  -0.41   516 1272 Gefion       
208413 2.78654 0.13685  0.15991  16.08   0.02   516 1272 Gefion       
208819 2.71810 0.12313  0.15848  15.60  -0.62   516 1272 Gefion       
209276 2.72710 0.15568  0.16766  15.87  -0.47   516 1272 Gefion       
209291 2.75949 0.13361  0.15799  15.43  -0.25   516 1272 Gefion       
209781 2.72875 0.11895  0.16025  15.99  -0.44   516 1272 Gefion       
209835 2.77657 0.13281  0.15892  15.54  -0.07   516 1272 Gefion       
210086 2.79609 0.13378  0.15905  15.76   0.11   516 1272 Gefion       
210292 2.75263 0.13378  0.16114  15.12  -0.37   516 1272 Gefion       
210349 2.74641 0.12909  0.15515  15.82  -0.32   516 1272 Gefion       
210442 2.72577 0.13218  0.15825  15.98  -0.46   516 1272 Gefion       
210840 2.75748 0.14205  0.16333  15.90  -0.22   516 1272 Gefion       
211310 2.77890 0.11903  0.15384  15.45  -0.05   516 1272 Gefion       
211389 2.79450 0.13843  0.15834  15.90   0.09   516 1272 Gefion       
211410 2.78008 0.12485  0.15787  15.26  -0.04   516 1272 Gefion       
211744 2.73541 0.09362  0.16248  15.65  -0.45   516 1272 Gefion       
211753 2.72916 0.11341  0.15881  15.90  -0.45   516 1272 Gefion       
211797 2.78244 0.12345  0.16126  15.19  -0.02   516 1272 Gefion       
212280 2.72378 0.11617  0.15456  16.35  -0.40   516 1272 Gefion       
212487 2.77466 0.12727  0.16119  15.88  -0.08   516 1272 Gefion       
212521 2.74487 0.14415  0.15688  15.95  -0.31   516 1272 Gefion       
212560 2.75548 0.13009  0.16096  15.98  -0.23   516 1272 Gefion       
212685 2.79933 0.12423  0.15690  15.80   0.13   516 1272 Gefion       
212761 2.75638 0.12504  0.15511  15.75  -0.24   516 1272 Gefion       
212825 2.77171 0.12978  0.15385  15.97  -0.10   516 1272 Gefion       
213305 2.78822 0.12271  0.15394  15.63   0.04   516 1272 Gefion       
213306 2.77154 0.12931  0.16206  15.81  -0.11   516 1272 Gefion       
213319 2.78042 0.13120  0.16115  15.31  -0.04   516 1272 Gefion       
213324 2.71885 0.14904  0.16283  15.68  -0.59   516 1272 Gefion       
213329 2.76536 0.12490  0.15752  15.77  -0.16   516 1272 Gefion       
213654 2.75072 0.11638  0.15702  16.37  -0.22   516 1272 Gefion       
213726 2.73930 0.14428  0.15463  15.97  -0.36   516 1272 Gefion       
213996 2.72637 0.09958  0.16109  15.61  -0.54   516 1272 Gefion       
214002 2.77823 0.12673  0.15494  15.21  -0.06   516 1272 Gefion       
214005 2.76239 0.13534  0.15937  15.32  -0.23   516 1272 Gefion       
214025 2.72115 0.10052  0.16143  15.90  -0.52   516 1272 Gefion       
214040 2.79122 0.13762  0.16129  15.82   0.06   516 1272 Gefion       
214415 2.73739 0.10985  0.15604  16.25  -0.33   516 1272 Gefion       
214592 2.75097 0.11544  0.15340  16.07  -0.25   516 1272 Gefion       
214599 2.72508 0.09174  0.16019  16.76  -0.33   516 1272 Gefion       
214701 2.81275 0.11957  0.15288  15.51   0.29   516 1272 Gefion       
214762 2.76895 0.12846  0.15563  16.28  -0.10   516 1272 Gefion       
214959 2.72458 0.12252  0.16541  15.45  -0.60   516 1272 Gefion       
215182 2.74619 0.12794  0.15517  15.71  -0.34   516 1272 Gefion       
215269 2.74920 0.12257  0.16148  15.32  -0.37   516 1272 Gefion       
215334 2.81396 0.12833  0.15834  15.95   0.24   516 1272 Gefion       
215411 2.72643 0.13526  0.16033  15.59  -0.55   516 1272 Gefion       
215527 2.73814 0.14390  0.16014  15.53  -0.45   516 1272 Gefion       
215959 2.71815 0.12284  0.15920  15.90  -0.54   516 1272 Gefion       
215970 2.78863 0.12485  0.16022  15.21   0.05   516 1272 Gefion       
216502 2.76332 0.12597  0.15824  15.72  -0.18   516 1272 Gefion       
216555 2.72500 0.15072  0.15742  15.69  -0.53   516 1272 Gefion       
216688 2.79373 0.13218  0.15305  16.07   0.08   516 1272 Gefion       
216797 2.72603 0.12493  0.16373  16.34  -0.39   516 1272 Gefion       
216890 2.80547 0.12228  0.15407  15.81   0.19   516 1272 Gefion       
216899 2.72124 0.13551  0.15813  16.38  -0.41   516 1272 Gefion       
216989 2.75795 0.13218  0.15693  14.83  -0.35   516 1272 Gefion       
217118 2.72468 0.15175  0.16365  14.77  -0.82   516 1272 Gefion       
217119 2.72559 0.13013  0.15422  15.89  -0.48   516 1272 Gefion       
217224 2.76974 0.13125  0.16511  15.49  -0.14   516 1272 Gefion       
217497 2.78684 0.12577  0.15819  15.48   0.03   516 1272 Gefion       
217543 2.81483 0.12995  0.15813  15.56   0.30   516 1272 Gefion       
217769 2.72740 0.11163  0.16077  15.88  -0.47   516 1272 Gefion       
217770 2.73830 0.11297  0.16209  15.53  -0.45   516 1272 Gefion       
218280 2.80386 0.13895  0.16147  15.76   0.18   516 1272 Gefion       
218334 2.77141 0.13533  0.16245  15.54  -0.12   516 1272 Gefion       
218729 2.77531 0.13706  0.15807  15.35  -0.09   516 1272 Gefion       
219079 2.74579 0.13803  0.16021  15.79  -0.33   516 1272 Gefion       
219372 2.72822 0.12760  0.15865  15.44  -0.57   516 1272 Gefion       
219388 2.73349 0.10092  0.16272  15.24  -0.56   516 1272 Gefion       
219393 2.77200 0.13475  0.15849  15.22  -0.13   516 1272 Gefion       
219400 2.72272 0.14207  0.16176  15.86  -0.51   516 1272 Gefion       
219433 2.74317 0.12550  0.15670  15.63  -0.38   516 1272 Gefion       
219832 2.74588 0.11317  0.15898  15.36  -0.40   516 1272 Gefion       
220605 2.78267 0.12642  0.15697  15.92   0.00   516 1272 Gefion       
220607 2.80930 0.12407  0.15574  15.33   0.27   516 1272 Gefion       
220624 2.79671 0.13283  0.16081  15.65   0.12   516 1272 Gefion       
220633 2.78755 0.12651  0.15021  15.21   0.04   516 1272 Gefion       
221140 2.77550 0.13326  0.15110  15.83  -0.07   516 1272 Gefion       
221246 2.76116 0.13101  0.15815  15.84  -0.19   516 1272 Gefion       
221293 2.72472 0.11747  0.16165  15.77  -0.52   516 1272 Gefion       
221312 2.75157 0.13588  0.16434  16.00  -0.25   516 1272 Gefion       
221314 2.71304 0.13446  0.15868  15.53  -0.69   516 1272 Gefion       
221440 2.75384 0.13565  0.16183  15.22  -0.34   516 1272 Gefion       
221638 2.72411 0.10482  0.16392  15.70  -0.54   516 1272 Gefion       
221749 2.76576 0.12954  0.15378  15.78  -0.16   516 1272 Gefion       
222327 2.72259 0.11729  0.16054  15.63  -0.57   516 1272 Gefion       
222328 2.77078 0.12433  0.16007  15.48  -0.13   516 1272 Gefion       
222356 2.72723 0.13100  0.15422  15.30  -0.62   516 1272 Gefion       
222363 2.72629 0.14095  0.16408  14.99  -0.72   516 1272 Gefion       
222778 2.75020 0.15010  0.15676  16.16  -0.25   516 1272 Gefion       
222816 2.72533 0.11100  0.16261  16.17  -0.43   516 1272 Gefion       
223285 2.80447 0.14094  0.15783  15.99   0.16   516 1272 Gefion       
223653 2.73175 0.10187  0.16546  15.47  -0.52   516 1272 Gefion       
223672 2.75928 0.12895  0.16041  15.78  -0.21   516 1272 Gefion       
223687 2.75542 0.13371  0.15904  15.66  -0.26   516 1272 Gefion       
223749 2.77462 0.13386  0.15891  15.17  -0.11   516 1272 Gefion       
223750 2.80652 0.13432  0.16381  15.45   0.23   516 1272 Gefion       
223751 2.77029 0.12991  0.15784  15.03  -0.17   516 1272 Gefion       
223771 2.73260 0.10340  0.16596  15.32  -0.55   516 1272 Gefion       
223774 2.81045 0.13458  0.15705  15.47   0.27   516 1272 Gefion       
224420 2.78999 0.12070  0.16197  16.62   0.04   516 1272 Gefion       
224861 2.78733 0.12993  0.16197  15.94   0.03   516 1272 Gefion       
225033 2.79627 0.13635  0.15789  15.48   0.12   516 1272 Gefion       
225078 2.75108 0.13637  0.16003  15.60  -0.31   516 1272 Gefion       
225200 2.75998 0.12384  0.15964  16.44  -0.15   516 1272 Gefion       
225551 2.77681 0.12856  0.15565  15.92  -0.06   516 1272 Gefion       
225566 2.71869 0.08683  0.15499  15.96  -0.52   516 1272 Gefion       
225605 2.79058 0.13882  0.15910  15.49   0.07   516 1272 Gefion       
225611 2.73967 0.13555  0.15432  15.25  -0.49   516 1272 Gefion       
226012 2.71551 0.12447  0.15649  15.37  -0.72   516 1272 Gefion       
226057 2.76671 0.12588  0.16047  15.51  -0.17   516 1272 Gefion       
226752 2.73667 0.11229  0.16499  15.26  -0.52   516 1272 Gefion       
226765 2.79218 0.13128  0.15364  15.17   0.10   516 1272 Gefion       
226768 2.76480 0.13133  0.16190  15.52  -0.19   516 1272 Gefion       
226797 2.73914 0.12012  0.15461  15.22  -0.50   516 1272 Gefion       
226801 2.78447 0.12839  0.16630  15.70   0.00   516 1272 Gefion       
226827 2.74292 0.12433  0.16380  15.67  -0.38   516 1272 Gefion       
226831 2.71540 0.12341  0.15846  15.22  -0.77   516 1272 Gefion       
226838 2.75916 0.13119  0.15867  15.46  -0.25   516 1272 Gefion       
227593 2.80530 0.13605  0.16010  15.71   0.19   516 1272 Gefion       
227679 2.78598 0.12735  0.15803  16.16   0.02   516 1272 Gefion       
228269 2.79074 0.12949  0.15810  15.76   0.06   516 1272 Gefion       
228370 2.73181 0.09258  0.16414  15.54  -0.51   516 1272 Gefion       
228390 2.78910 0.13073  0.16068  14.86   0.07   516 1272 Gefion       
228611 2.73361 0.14872  0.15339  15.90  -0.41   516 1272 Gefion       
228867 2.77973 0.12831  0.15189  15.83  -0.03   516 1272 Gefion       
229118 2.76590 0.12427  0.15218  15.99  -0.14   516 1272 Gefion       
229520 2.72947 0.15517  0.16782  15.63  -0.51   516 1272 Gefion       
229573 2.73187 0.09024  0.15924  15.68  -0.47   516 1272 Gefion       
229577 2.74460 0.15533  0.15435  15.72  -0.35   516 1272 Gefion       
229602 2.76935 0.14304  0.15934  16.23  -0.10   516 1272 Gefion       
229630 2.81138 0.13073  0.15361  15.61   0.26   516 1272 Gefion       
229904 2.72116 0.13970  0.16288  15.45  -0.64   516 1272 Gefion       
229960 2.76201 0.12597  0.15488  15.21  -0.25   516 1272 Gefion       
229965 2.76272 0.12103  0.15182  15.67  -0.19   516 1272 Gefion       
230684 2.80870 0.13562  0.15514  16.48   0.16   516 1272 Gefion       
230929 2.74155 0.11331  0.15283  15.94  -0.34   516 1272 Gefion       
230936 2.75625 0.13384  0.15979  15.61  -0.26   516 1272 Gefion       
231361 2.72368 0.11355  0.15672  15.84  -0.51   516 1272 Gefion       
232499 2.75697 0.12344  0.15678  15.68  -0.25   516 1272 Gefion       
232500 2.80137 0.13525  0.15954  15.62   0.17   516 1272 Gefion       
232575 2.80814 0.13827  0.16114  15.27   0.27   516 1272 Gefion       
232911 2.76085 0.13431  0.16313  15.48  -0.23   516 1272 Gefion       
233289 2.77033 0.13520  0.15895  15.39  -0.14   516 1272 Gefion       
233455 2.76426 0.13200  0.15671  15.76  -0.17   516 1272 Gefion       
233474 2.78356 0.12162  0.16027  16.04   0.00   516 1272 Gefion       
233567 2.81346 0.12113  0.15482  15.95   0.24   516 1272 Gefion       
233658 2.76755 0.11739  0.15765  15.16  -0.19   516 1272 Gefion       
233721 2.78177 0.12051  0.15069  15.50  -0.02   516 1272 Gefion       
233758 2.75136 0.13549  0.16801  16.35  -0.22   516 1272 Gefion       
233882 2.71784 0.12130  0.15954  15.72  -0.59   516 1272 Gefion       
234350 2.72030 0.13620  0.16293  15.61  -0.60   516 1272 Gefion       
234852 2.74057 0.12774  0.15127  15.33  -0.46   516 1272 Gefion       
235119 2.76619 0.13938  0.16054  15.66  -0.16   516 1272 Gefion       
235172 2.73354 0.12024  0.16695  15.60  -0.48   516 1272 Gefion       
235182 2.79311 0.11935  0.15513  16.31   0.06   516 1272 Gefion       
235213 2.78386 0.13327  0.15130  15.62   0.00   516 1272 Gefion       
235220 2.77465 0.13640  0.15418  16.38  -0.06   516 1272 Gefion       
235252 2.78400 0.13723  0.16223  16.16   0.00   516 1272 Gefion       
235271 2.72221 0.13682  0.15672  16.18  -0.45   516 1272 Gefion       
235786 2.72491 0.14587  0.16083  16.09  -0.45   516 1272 Gefion       
235794 2.71457 0.14488  0.16019  16.24  -0.49   516 1272 Gefion       
235862 2.71970 0.12718  0.15992  15.95  -0.52   516 1272 Gefion       
236008 2.75854 0.14009  0.15609  16.01  -0.20   516 1272 Gefion       
236872 2.72504 0.11641  0.15437  15.97  -0.47   516 1272 Gefion       
236996 2.75784 0.13081  0.16183  16.17  -0.19   516 1272 Gefion       
237059 2.78802 0.12999  0.15938  15.56   0.04   516 1272 Gefion       
237938 2.74505 0.14210  0.16091  16.46  -0.25   516 1272 Gefion       
237955 2.78338 0.12946  0.16548  15.95   0.00   516 1272 Gefion       
237993 2.80677 0.12467  0.15102  15.61   0.22   516 1272 Gefion       
238015 2.73872 0.12984  0.15359  16.87  -0.24   516 1272 Gefion       
238226 2.79229 0.12487  0.15790  15.38   0.09   516 1272 Gefion       
238243 2.72799 0.09217  0.16017  15.54  -0.54   516 1272 Gefion       
238289 2.79001 0.12637  0.14470  15.97   0.05   516 1272 Gefion       
238509 2.76404 0.12978  0.16008  15.60  -0.19   516 1272 Gefion       
238696 2.76147 0.12844  0.15685  16.04  -0.17   516 1272 Gefion       
238697 2.79078 0.11893  0.15777  15.51   0.07   516 1272 Gefion       
239387 2.72258 0.08739  0.15660  16.03  -0.48   516 1272 Gefion       
239463 2.79502 0.12604  0.16011  15.28   0.12   516 1272 Gefion       
239665 2.76796 0.13004  0.16210  16.21  -0.11   516 1272 Gefion       
239677 2.75070 0.12068  0.16309  15.83  -0.28   516 1272 Gefion       
239806 2.75591 0.13185  0.15623  15.59  -0.27   516 1272 Gefion       
240199 2.73993 0.12904  0.15744  15.38  -0.46   516 1272 Gefion       
240370 2.74821 0.10668  0.15614  16.02  -0.28   516 1272 Gefion       
240447 2.77884 0.13863  0.15470  15.37  -0.05   516 1272 Gefion       
240611 2.73819 0.09821  0.16131  15.27  -0.50   516 1272 Gefion       
240681 2.75875 0.13796  0.16187  15.74  -0.22   516 1272 Gefion       
241066 2.72098 0.08864  0.15524  15.62  -0.59   516 1272 Gefion       
241345 2.75557 0.13345  0.16177  16.14  -0.21   516 1272 Gefion       
241372 2.71629 0.13622  0.16054  16.07  -0.52   516 1272 Gefion       
241427 2.75602 0.13791  0.16427  16.45  -0.18   516 1272 Gefion       
241652 2.81114 0.13208  0.16009  16.18   0.20   516 1272 Gefion       
242939 2.74906 0.14492  0.15375  15.61  -0.33   516 1272 Gefion       
243401 2.76843 0.13592  0.16305  15.69  -0.14   516 1272 Gefion       
243569 2.76517 0.13939  0.16335  15.44  -0.19   516 1272 Gefion       
244467 2.73264 0.12390  0.15606  15.69  -0.47   516 1272 Gefion       
244493 2.79831 0.13171  0.16282  15.75   0.13   516 1272 Gefion       
244776 2.76644 0.12922  0.15740  15.27  -0.19   516 1272 Gefion       
244879 2.79207 0.12691  0.16145  15.57   0.08   516 1272 Gefion       
245281 2.73578 0.14184  0.15818  15.46  -0.49   516 1272 Gefion       
245391 2.80882 0.12001  0.15588  15.91   0.21   516 1272 Gefion       
246627 2.74323 0.09989  0.16535  16.25  -0.29   516 1272 Gefion       
246710 2.75925 0.12665  0.15963  15.92  -0.20   516 1272 Gefion       
247146 2.76604 0.13384  0.15548  15.92  -0.15   516 1272 Gefion       
247219 2.74050 0.14383  0.16102  15.66  -0.40   516 1272 Gefion       
247231 2.78391 0.12541  0.15115  16.19   0.00   516 1272 Gefion       
247311 2.79187 0.12942  0.15741  15.63   0.08   516 1272 Gefion       
247364 2.74545 0.14611  0.15504  15.92  -0.31   516 1272 Gefion       
247659 2.71823 0.12988  0.16042  15.63  -0.61   516 1272 Gefion       
247987 2.72491 0.08673  0.15775  15.67  -0.54   516 1272 Gefion       
248005 2.75243 0.13867  0.15947  15.32  -0.34   516 1272 Gefion       
248750 2.72495 0.10573  0.15430  15.86  -0.50   516 1272 Gefion       
248787 2.75084 0.12200  0.15965  16.89  -0.17   516 1272 Gefion       
249152 2.74504 0.14288  0.15848  15.86  -0.33   516 1272 Gefion       
249200 2.78005 0.12731  0.16121  15.76  -0.03   516 1272 Gefion       
249879 2.70463 0.14451  0.15903  16.04  -0.61   516 1272 Gefion       
249918 2.71345 0.12836  0.15807  15.78  -0.61   516 1272 Gefion       
249935 2.72145 0.12041  0.15738  15.46  -0.63   516 1272 Gefion       
249937 2.73895 0.10386  0.16115  16.01  -0.35   516 1272 Gefion       
249948 2.76513 0.14488  0.15629  16.39  -0.12   516 1272 Gefion       
249959 2.73676 0.12664  0.15950  16.13  -0.35   516 1272 Gefion       
251494 2.80812 0.12635  0.15873  16.23   0.17   516 1272 Gefion       
251614 2.73402 0.10793  0.15470  16.35  -0.33   516 1272 Gefion       
252031 2.80035 0.12597  0.15619  15.71   0.15   516 1272 Gefion       
252328 2.71739 0.15097  0.16222  15.91  -0.55   516 1272 Gefion       
252369 2.73364 0.13948  0.15674  16.18  -0.36   516 1272 Gefion       
252379 2.72765 0.14631  0.15825  15.70  -0.51   516 1272 Gefion       
252392 2.74677 0.12983  0.15844  15.44  -0.38   516 1272 Gefion       
252437 2.71527 0.10295  0.15538  16.34  -0.46   516 1272 Gefion       
252444 2.76096 0.13343  0.15762  15.39  -0.24   516 1272 Gefion       
252489 2.73006 0.12898  0.15491  15.52  -0.53   516 1272 Gefion       
252490 2.73766 0.14828  0.15272  16.42  -0.30   516 1272 Gefion       
252507 2.73729 0.10706  0.16175  15.48  -0.47   516 1272 Gefion       
252536 2.74031 0.08955  0.16176  15.82  -0.37   516 1272 Gefion       
252602 2.73468 0.14864  0.15465  15.43  -0.50   516 1272 Gefion       
252615 2.79496 0.13366  0.15945  15.23   0.13   516 1272 Gefion       
252617 2.73638 0.12541  0.15522  15.24  -0.53   516 1272 Gefion       
252645 2.75648 0.12113  0.15875  15.82  -0.23   516 1272 Gefion       
253231 2.73812 0.09507  0.16043  15.68  -0.42   516 1272 Gefion       
253296 2.77543 0.12224  0.15209  15.66  -0.08   516 1272 Gefion       
253313 2.75606 0.12552  0.15479  15.91  -0.23   516 1272 Gefion       
253335 2.74124 0.12830  0.15070  15.60  -0.40   516 1272 Gefion       
254837 2.80655 0.12960  0.15669  15.62   0.21   516 1272 Gefion       
254853 2.78399 0.12998  0.16182  15.77   0.00   516 1272 Gefion       
254855 2.79176 0.13378  0.15649  15.97   0.06   516 1272 Gefion       
254884 2.76597 0.12289  0.15195  15.51  -0.18   516 1272 Gefion       
254927 2.79691 0.13894  0.16141  16.16   0.10   516 1272 Gefion       
254956 2.78126 0.12076  0.15644  15.55  -0.02   516 1272 Gefion       
254994 2.75182 0.14402  0.16205  15.58  -0.31   516 1272 Gefion       
256203 2.78219 0.12776  0.15891  16.22   0.00   516 1272 Gefion       
256410 2.81166 0.13609  0.15970  15.75   0.25   516 1272 Gefion       
257061 2.73356 0.13149  0.15296  15.40  -0.52   516 1272 Gefion       
257136 2.78133 0.12750  0.15534  15.64  -0.02   516 1272 Gefion       
257151 2.72305 0.10668  0.15620  15.96  -0.49   516 1272 Gefion       
257268 2.80501 0.12817  0.15775  16.07   0.16   516 1272 Gefion       
257514 2.81096 0.13268  0.15848  15.77   0.24   516 1272 Gefion       
257850 2.76328 0.13855  0.16163  15.88  -0.17   516 1272 Gefion       
257864 2.79765 0.13126  0.15745  15.06   0.17   516 1272 Gefion       
258241 2.79686 0.13979  0.16384  15.75   0.12   516 1272 Gefion       
258436 2.77545 0.12357  0.16729  16.01  -0.07   516 1272 Gefion       
258450 2.79492 0.13282  0.15736  16.16   0.08   516 1272 Gefion       
258456 2.76056 0.13191  0.15580  15.71  -0.21   516 1272 Gefion       
258463 2.73336 0.15279  0.15690  15.64  -0.47   516 1272 Gefion       
258464 2.79817 0.13227  0.15515  15.86   0.12   516 1272 Gefion       
258545 2.73763 0.14802  0.16493  16.02  -0.36   516 1272 Gefion       
258555 2.78437 0.12919  0.16066  16.38   0.00   516 1272 Gefion       
258663 2.80198 0.13341  0.16000  15.48   0.18   516 1272 Gefion       
259199 2.76930 0.11599  0.15663  16.10  -0.11   516 1272 Gefion       
259233 2.73061 0.12566  0.16453  16.24  -0.38   516 1272 Gefion       
259832 2.74393 0.14073  0.15870  15.97  -0.32   516 1272 Gefion       
259851 2.73368 0.11810  0.15923  15.59  -0.48   516 1272 Gefion       
260062 2.76868 0.13641  0.16121  15.32  -0.16   516 1272 Gefion       
260072 2.78634 0.12377  0.15328  16.15   0.02   516 1272 Gefion       
260089 2.78455 0.11988  0.16501  15.64   0.00   516 1272 Gefion       
260839 2.76586 0.13110  0.16023  16.06  -0.14   516 1272 Gefion       
260963 2.72173 0.10450  0.15776  16.04  -0.48   516 1272 Gefion       
261007 2.75120 0.12608  0.15317  16.07  -0.25   516 1272 Gefion       
261120 2.71732 0.10881  0.15702  16.51  -0.41   516 1272 Gefion       
261369 2.72679 0.12713  0.15104  16.03  -0.44   516 1272 Gefion       
261706 2.79010 0.12544  0.14636  16.05   0.05   516 1272 Gefion       
261807 2.78935 0.13270  0.15029  15.93   0.05   516 1272 Gefion       
262284 2.76154 0.11785  0.15646  15.95  -0.18   516 1272 Gefion       
262677 2.78037 0.14268  0.15471  16.24  -0.02   516 1272 Gefion       
262731 2.77317 0.12281  0.15229  16.12  -0.08   516 1272 Gefion       
262740 2.74963 0.14147  0.15982  15.66  -0.32   516 1272 Gefion       
262802 2.72821 0.08824  0.15669  16.43  -0.36   516 1272 Gefion       
262824 2.79421 0.13092  0.15575  16.19   0.08   516 1272 Gefion       
263525 2.76505 0.12323  0.16233  16.45  -0.12   516 1272 Gefion       
263686 2.77986 0.12909  0.16075  15.94  -0.03   516 1272 Gefion       
263696 2.80733 0.12410  0.15860  16.20   0.17   516 1272 Gefion       
264734 2.74557 0.13482  0.15907  15.52  -0.38   516 1272 Gefion       
265359 2.81267 0.11973  0.15466  16.13   0.21   516 1272 Gefion       
265391 2.81025 0.12011  0.15322  15.77   0.23   516 1272 Gefion       
265843 2.71688 0.11497  0.15852  16.25  -0.47   516 1272 Gefion       
265892 2.80522 0.13710  0.15599  15.97   0.17   516 1272 Gefion       
266345 2.72019 0.12355  0.15994  15.75  -0.56   516 1272 Gefion       
266690 2.75228 0.14193  0.16141  16.08  -0.24   516 1272 Gefion       
266748 2.80406 0.12895  0.15878  16.09   0.15   516 1272 Gefion       
267078 2.80280 0.12589  0.15354  16.00   0.15   516 1272 Gefion       
267219 2.73161 0.12470  0.15668  15.81  -0.45   516 1272 Gefion       
267438 2.73428 0.13761  0.15521  16.14  -0.37   516 1272 Gefion       
267458 2.72415 0.11450  0.15491  15.66  -0.55   516 1272 Gefion       
267459 2.77285 0.13187  0.15894  15.80  -0.09   516 1272 Gefion       
267479 2.75090 0.13643  0.15962  15.81  -0.28   516 1272 Gefion       
267499 2.80649 0.13357  0.15708  15.75   0.20   516 1272 Gefion       
267501 2.77066 0.12486  0.15403  15.75  -0.12   516 1272 Gefion       
267767 2.76668 0.13527  0.15706  16.06  -0.13   516 1272 Gefion       
268078 2.79135 0.12752  0.14940  16.41   0.05   516 1272 Gefion       
268107 2.81550 0.12770  0.15837  15.47   0.32   516 1272 Gefion       
268458 2.71308 0.10469  0.15514  16.16  -0.52   516 1272 Gefion       
268466 2.72709 0.15343  0.16604  16.27  -0.39   516 1272 Gefion       
268485 2.75087 0.12949  0.15376  15.98  -0.26   516 1272 Gefion       
268573 2.74489 0.15466  0.15600  16.22  -0.28   516 1272 Gefion       
268597 2.81179 0.13133  0.15982  15.53   0.27   516 1272 Gefion       
268616 2.75249 0.12512  0.15766  15.72  -0.28   516 1272 Gefion       
269062 2.78300 0.13472  0.15556  16.45   0.00   516 1272 Gefion       
269234 2.71486 0.11026  0.15649  15.79  -0.60   516 1272 Gefion       
269235 2.79211 0.13873  0.15940  15.73   0.07   516 1272 Gefion       
270233 2.75742 0.13058  0.15699  15.32  -0.28   516 1272 Gefion       
270343 2.78462 0.12846  0.15124  15.89   0.00   516 1272 Gefion       
270484 2.77900 0.12870  0.16377  15.70  -0.04   516 1272 Gefion       
270520 2.73082 0.10616  0.15570  16.64  -0.31   516 1272 Gefion       
271090 2.81489 0.13268  0.15761  16.42   0.20   516 1272 Gefion       
271098 2.79099 0.13159  0.16256  15.72   0.06   516 1272 Gefion       
271136 2.80624 0.12848  0.15522  16.45   0.14   516 1272 Gefion       
271687 2.81123 0.13501  0.16100  15.88   0.23   516 1272 Gefion       
271705 2.75241 0.13428  0.16433  16.08  -0.24   516 1272 Gefion       
271760 2.78398 0.12710  0.16016  16.30   0.00   516 1272 Gefion       
271856 2.79016 0.12682  0.14673  16.59   0.04   516 1272 Gefion       
271880 2.73217 0.11805  0.15500  15.83  -0.44   516 1272 Gefion       
271890 2.71610 0.14886  0.16003  15.86  -0.57   516 1272 Gefion       
271906 2.77232 0.12345  0.16566  16.10  -0.09   516 1272 Gefion       
271933 2.73900 0.12841  0.14874  15.71  -0.40   516 1272 Gefion       
272707 2.73674 0.11518  0.15510  16.23  -0.33   516 1272 Gefion       
272805 2.73253 0.10846  0.16566  15.89  -0.43   516 1272 Gefion       
272889 2.76471 0.13985  0.16357  16.53  -0.12   516 1272 Gefion       
272911 2.74483 0.13253  0.15628  16.24  -0.28   516 1272 Gefion       
272935 2.78294 0.13346  0.15687  15.66   0.00   516 1272 Gefion       
272957 2.76724 0.12934  0.16380  15.71  -0.15   516 1272 Gefion       
272964 2.72829 0.12812  0.15195  16.08  -0.42   516 1272 Gefion       
272996 2.76746 0.13412  0.16156  15.89  -0.14   516 1272 Gefion       
273968 2.72604 0.12042  0.15375  16.22  -0.41   516 1272 Gefion       
273972 2.79905 0.14048  0.16053  16.37   0.10   516 1272 Gefion       
274118 2.73641 0.12478  0.16285  16.39  -0.31   516 1272 Gefion       
274315 2.76661 0.12676  0.15742  15.87  -0.14   516 1272 Gefion       
274477 2.76205 0.12949  0.15711  15.63  -0.20   516 1272 Gefion       
275133 2.81373 0.13195  0.15343  15.52   0.29   516 1272 Gefion       
275146 2.72301 0.11880  0.15777  16.12  -0.45   516 1272 Gefion       
275208 2.76827 0.12201  0.15067  16.74  -0.09   516 1272 Gefion       
275463 2.79753 0.13217  0.15877  15.98   0.11   516 1272 Gefion       
275574 2.77100 0.13599  0.16146  15.69  -0.12   516 1272 Gefion       
275680 2.72033 0.14522  0.16108  16.38  -0.42   516 1272 Gefion       
275872 2.74131 0.13043  0.15876  16.41  -0.28   516 1272 Gefion       
275933 2.75249 0.13869  0.16255  15.83  -0.27   516 1272 Gefion       
276134 2.73214 0.13956  0.15531  15.84  -0.44   516 1272 Gefion       
276502 2.71827 0.13632  0.15535  16.03  -0.51   516 1272 Gefion       
276580 2.79202 0.12942  0.15418  15.72   0.07   516 1272 Gefion       
276813 2.74405 0.12117  0.15993  15.54  -0.39   516 1272 Gefion       
276954 2.75103 0.13493  0.16127  15.90  -0.27   516 1272 Gefion       
277511 2.79050 0.13085  0.16389  15.68   0.06   516 1272 Gefion       
277683 2.74963 0.13131  0.16046  15.84  -0.29   516 1272 Gefion       
277697 2.78190 0.12128  0.15998  16.85   0.00   516 1272 Gefion       
277797 2.72263 0.12408  0.16274  16.48  -0.39   516 1272 Gefion       
278274 2.78135 0.12341  0.14980  15.59  -0.02   516 1272 Gefion       
278531 2.80445 0.12326  0.15414  15.68   0.19   516 1272 Gefion       
278563 2.80463 0.13324  0.16180  15.79   0.18   516 1272 Gefion       
278752 2.74779 0.11783  0.15969  16.59  -0.22   516 1272 Gefion       
278852 2.79442 0.13835  0.16348  15.93   0.09   516 1272 Gefion       
279169 2.78724 0.13156  0.15888  16.90   0.02   516 1272 Gefion       
279221 2.73072 0.11676  0.16239  16.15  -0.39   516 1272 Gefion       
279335 2.81132 0.12613  0.15745  15.95   0.22   516 1272 Gefion       
279463 2.79462 0.12320  0.16000  16.14   0.08   516 1272 Gefion       
280329 2.72834 0.15553  0.16631  15.52  -0.55   516 1272 Gefion       
280350 2.76710 0.12458  0.15744  15.68  -0.15   516 1272 Gefion       
280386 2.80737 0.11912  0.15854  15.41   0.24   516 1272 Gefion       
280605 2.76943 0.13193  0.16386  15.93  -0.12   516 1272 Gefion       
280962 2.72578 0.14648  0.16654  15.92  -0.47   516 1272 Gefion       
281020 2.75889 0.12324  0.15595  16.70  -0.14   516 1272 Gefion       
281189 2.76013 0.12510  0.15415  16.51  -0.15   516 1272 Gefion       
281512 2.77998 0.13334  0.16420  15.52  -0.04   516 1272 Gefion       
281516 2.74385 0.12893  0.15090  16.37  -0.27   516 1272 Gefion       
281567 2.75892 0.13076  0.15097  16.08  -0.19   516 1272 Gefion       
281646 2.78994 0.13035  0.15612  16.22   0.04   516 1272 Gefion       
281940 2.76629 0.12770  0.15524  16.20  -0.13   516 1272 Gefion       
282015 2.71912 0.11397  0.15803  16.11  -0.48   516 1272 Gefion       
282189 2.73242 0.13407  0.15815  15.74  -0.46   516 1272 Gefion       
282274 2.78683 0.13175  0.15675  16.15   0.02   516 1272 Gefion       
282277 2.76816 0.11839  0.15755  15.90  -0.13   516 1272 Gefion       
282290 2.72988 0.14619  0.16045  15.56  -0.52   516 1272 Gefion       
282293 2.78979 0.12735  0.15652  15.12   0.07   516 1272 Gefion       
282295 2.75834 0.13876  0.15929  15.43  -0.26   516 1272 Gefion       
282312 2.73226 0.09355  0.15898  15.41  -0.53   516 1272 Gefion       
282429 2.73734 0.10205  0.15871  15.70  -0.42   516 1272 Gefion       
282562 2.78263 0.13341  0.16332  15.82   0.00   516 1272 Gefion       
282637 2.77823 0.14021  0.15538  16.00  -0.04   516 1272 Gefion       
282704 2.77043 0.12867  0.16340  16.24  -0.09   516 1272 Gefion       
282769 2.76214 0.13211  0.15898  16.27  -0.15   516 1272 Gefion       
282930 2.74746 0.14862  0.16439  15.95  -0.29   516 1272 Gefion       
283454 2.81083 0.12408  0.16058  15.94   0.22   516 1272 Gefion       
283456 2.73830 0.12131  0.16482  15.52  -0.45   516 1272 Gefion       
283617 2.74015 0.13419  0.15936  15.78  -0.38   516 1272 Gefion       
283666 2.76558 0.13734  0.15312  15.80  -0.16   516 1272 Gefion       
283698 2.77915 0.13720  0.15863  16.16  -0.03   516 1272 Gefion       
283701 2.77631 0.13058  0.15904  16.36  -0.05   516 1272 Gefion       
284052 2.73080 0.13735  0.16040  15.57  -0.51   516 1272 Gefion       
284193 2.78360 0.12796  0.15685  15.98   0.00   516 1272 Gefion       
284291 2.73583 0.14198  0.15573  16.68  -0.28   516 1272 Gefion       
284873 2.72940 0.12422  0.15907  16.82  -0.29   516 1272 Gefion       
285098 2.74794 0.13378  0.16260  16.27  -0.25   516 1272 Gefion       
285152 2.74658 0.14652  0.15919  15.99  -0.29   516 1272 Gefion       
285774 2.71845 0.11652  0.15931  15.75  -0.58   516 1272 Gefion       
285883 2.81379 0.12452  0.15744  15.66   0.28   516 1272 Gefion       
286142 2.75703 0.12712  0.15342  15.41  -0.28   516 1272 Gefion       
286862 2.74629 0.12396  0.15407  16.64  -0.22   516 1272 Gefion       
286920 2.74087 0.10416  0.16433  15.36  -0.45   516 1272 Gefion       
286921 2.72610 0.10447  0.15520  15.94  -0.47   516 1272 Gefion       
287179 2.75782 0.13010  0.16372  16.06  -0.20   516 1272 Gefion       
287256 2.79923 0.13281  0.15635  15.68   0.14   516 1272 Gefion       
287343 2.74366 0.15396  0.15529  16.89  -0.21   516 1272 Gefion       
287365 2.73300 0.12174  0.16740  16.19  -0.37   516 1272 Gefion       
287872 2.78256 0.13299  0.15898  15.78   0.00   516 1272 Gefion       
287961 2.75641 0.14199  0.16056  16.07  -0.21   516 1272 Gefion       
288300 2.81213 0.13280  0.16286  15.53   0.28   516 1272 Gefion       
288456 2.73909 0.11891  0.15327  15.55  -0.43   516 1272 Gefion       
288489 2.77466 0.14232  0.15962  16.11  -0.07   516 1272 Gefion       
288678 2.79751 0.12565  0.15546  15.57   0.13   516 1272 Gefion       
288817 2.81587 0.13302  0.15453  15.44   0.33   516 1272 Gefion       
289305 2.77842 0.13821  0.15435  16.22  -0.04   516 1272 Gefion       
289484 2.79111 0.14376  0.15923  15.51   0.07   516 1272 Gefion       
289559 2.75229 0.14457  0.16024  16.59  -0.19   516 1272 Gefion       
289958 2.75644 0.12387  0.15642  15.62  -0.26   516 1272 Gefion       
290180 2.73460 0.13230  0.15330  16.13  -0.37   516 1272 Gefion       
290773 2.73248 0.12106  0.15473  15.45  -0.52   516 1272 Gefion       
290857 2.72425 0.10664  0.15620  16.12  -0.44   516 1272 Gefion       
291678 2.79518 0.12411  0.14914  16.24   0.08   516 1272 Gefion       
291889 2.81562 0.13834  0.16119  16.10   0.24   516 1272 Gefion       
291935 2.80241 0.13611  0.15924  15.19   0.21   516 1272 Gefion       
291942 2.76513 0.12324  0.15820  16.26  -0.13   516 1272 Gefion       
292275 2.79009 0.13794  0.16187  15.61   0.06   516 1272 Gefion       
292422 2.78114 0.13568  0.15267  16.39  -0.02   516 1272 Gefion       
293212 2.72652 0.11937  0.15517  16.10  -0.43   516 1272 Gefion       
293497 2.75387 0.13176  0.15758  15.74  -0.27   516 1272 Gefion       
293967 2.74867 0.12590  0.15625  15.87  -0.29   516 1272 Gefion       
294038 2.72086 0.11336  0.16208  16.50  -0.39   516 1272 Gefion       
294093 2.72812 0.09992  0.16278  16.48  -0.35   516 1272 Gefion       
294334 2.74623 0.12763  0.15049  15.87  -0.31   516 1272 Gefion       
294351 2.72645 0.08658  0.15787  15.69  -0.52   516 1272 Gefion       
294509 2.74800 0.12066  0.15402  15.94  -0.29   516 1272 Gefion       
294920 2.79645 0.12620  0.15818  16.09   0.10   516 1272 Gefion       
295281 2.81021 0.12298  0.15345  15.46   0.27   516 1272 Gefion       
295401 2.71534 0.10801  0.15718  16.92  -0.35   516 1272 Gefion       
296857 2.77249 0.14527  0.15855  15.95  -0.09   516 1272 Gefion       
296889 2.79355 0.13307  0.15615  16.17   0.07   516 1272 Gefion       
298152 2.73406 0.10474  0.16398  16.52  -0.31   516 1272 Gefion       
298180 2.79414 0.13356  0.16150  15.92   0.08   516 1272 Gefion       
298198 2.74023 0.09996  0.16366  15.51  -0.43   516 1272 Gefion       
298202 2.72603 0.14124  0.16199  15.45  -0.59   516 1272 Gefion       
298209 2.79113 0.14133  0.15932  16.60   0.04   516 1272 Gefion       
298227 2.75136 0.13242  0.15729  16.07  -0.25   516 1272 Gefion       
298245 2.76409 0.13010  0.15661  15.96  -0.16   516 1272 Gefion       
298260 2.74889 0.10701  0.15623  15.51  -0.35   516 1272 Gefion       
298274 2.76539 0.13212  0.15419  15.59  -0.18   516 1272 Gefion       
298535 2.72197 0.12099  0.16115  15.87  -0.52   516 1272 Gefion       
298655 2.77363 0.12351  0.15144  15.83  -0.09   516 1272 Gefion       
298679 2.75545 0.14221  0.15801  16.62  -0.17   516 1272 Gefion       
299111 2.77579 0.13803  0.15612  16.51  -0.05   516 1272 Gefion       
299144 2.78957 0.12491  0.15212  16.73   0.03   516 1272 Gefion       
299176 2.81029 0.12441  0.15130  15.93   0.22   516 1272 Gefion       
299193 2.76148 0.12571  0.16032  16.28  -0.15   516 1272 Gefion       
299694 2.78164 0.12350  0.15726  16.08  -0.02   516 1272 Gefion       
299753 2.79728 0.12523  0.15168  16.22   0.10   516 1272 Gefion       
299775 2.81306 0.13188  0.15558  15.94   0.24   516 1272 Gefion       
300690 2.79502 0.12221  0.15515  15.86   0.09   516 1272 Gefion       
300762 2.74407 0.11091  0.15394  16.17  -0.29   516 1272 Gefion       
300791 2.72861 0.10357  0.15973  16.09  -0.42   516 1272 Gefion       
300822 2.80287 0.13275  0.15873  15.55   0.19   516 1272 Gefion       
301200 2.74021 0.13051  0.16537  16.21  -0.31   516 1272 Gefion       
301340 2.71761 0.10865  0.15800  15.77  -0.58   516 1272 Gefion       
301740 2.76588 0.14463  0.16107  16.22  -0.13   516 1272 Gefion       
301743 2.77857 0.14140  0.15473  15.95  -0.04   516 1272 Gefion       
301773 2.78330 0.13093  0.16131  16.03   0.00   516 1272 Gefion       
301845 2.78084 0.13971  0.15454  16.64  -0.02   516 1272 Gefion       
302118 2.80928 0.12820  0.15760  15.80   0.22   516 1272 Gefion       
302666 2.72807 0.09369  0.16003  15.81  -0.48   516 1272 Gefion       
302710 2.80840 0.12876  0.16003  16.06   0.19   516 1272 Gefion       
302724 2.73449 0.13895  0.15694  16.58  -0.30   516 1272 Gefion       
303148 2.81467 0.13064  0.15488  15.89   0.26   516 1272 Gefion       
303151 2.77505 0.12060  0.15567  16.19  -0.06   516 1272 Gefion       
303618 2.80425 0.13988  0.16197  16.21   0.15   516 1272 Gefion       
304173 2.76791 0.13162  0.15643  16.24  -0.11   516 1272 Gefion       
304234 2.72051 0.10684  0.15840  15.51  -0.63   516 1272 Gefion       
304240 2.79949 0.13385  0.15987  16.11   0.12   516 1272 Gefion       
304281 2.79676 0.13273  0.16557  16.32   0.09   516 1272 Gefion       
304286 2.76052 0.12167  0.16294  16.04  -0.18   516 1272 Gefion       
304420 2.74103 0.14475  0.15908  16.07  -0.33   516 1272 Gefion       
305248 2.71095 0.14368  0.15812  16.04  -0.56   516 1272 Gefion       
305275 2.73442 0.14631  0.15649  16.13  -0.37   516 1272 Gefion       
305303 2.75740 0.12243  0.16163  16.85  -0.14   516 1272 Gefion       
305348 2.80731 0.11986  0.15641  16.01   0.18   516 1272 Gefion       
305354 2.74694 0.12157  0.15418  16.07  -0.28   516 1272 Gefion       
305870 2.75223 0.12569  0.15047  16.35  -0.21   516 1272 Gefion       
305898 2.77841 0.12184  0.15039  16.35  -0.04   516 1272 Gefion       
305991 2.77967 0.12440  0.16140  16.57  -0.03   516 1272 Gefion       
306002 2.78653 0.13755  0.15792  16.17   0.02   516 1272 Gefion       
307307 2.79115 0.13208  0.16163  15.95   0.06   516 1272 Gefion       
307516 2.75906 0.13517  0.15901  15.52  -0.24   516 1272 Gefion       
308144 2.72846 0.12233  0.16390  15.67  -0.51   516 1272 Gefion       
308324 2.75544 0.13631  0.16059  15.74  -0.25   516 1272 Gefion       
308856 2.71639 0.11644  0.15547  16.90  -0.35   516 1272 Gefion       
308861 2.75251 0.11531  0.15465  16.47  -0.20   516 1272 Gefion       
308867 2.74140 0.13246  0.15997  15.99  -0.34   516 1272 Gefion       
308874 2.77291 0.13338  0.15539  15.95  -0.09   516 1272 Gefion       
308876 2.75443 0.12326  0.15911  17.08  -0.14   516 1272 Gefion       
308942 2.71500 0.12689  0.15852  16.23  -0.49   516 1272 Gefion       
308958 2.75379 0.12795  0.15679  16.00  -0.24   516 1272 Gefion       
309034 2.77305 0.11725  0.15701  16.32  -0.07   516 1272 Gefion       
309541 2.78456 0.12597  0.15198  16.57   0.00   516 1272 Gefion       
309609 2.76763 0.12999  0.16439  15.86  -0.14   516 1272 Gefion       
309992 2.75487 0.12896  0.16000  16.56  -0.18   516 1272 Gefion       
310062 2.73655 0.12865  0.15185  16.08  -0.36   516 1272 Gefion       
310070 2.78987 0.12997  0.15400  15.70   0.05   516 1272 Gefion       
310562 2.77551 0.12767  0.15129  16.20  -0.06   516 1272 Gefion       
310581 2.79223 0.12345  0.16371  16.18   0.06   516 1272 Gefion       
311091 2.80160 0.13345  0.15868  16.04   0.14   516 1272 Gefion       
311111 2.77677 0.12952  0.16173  15.59  -0.07   516 1272 Gefion       
311663 2.79536 0.12929  0.15338  16.42   0.08   516 1272 Gefion       
311757 2.74457 0.12973  0.15647  15.89  -0.33   516 1272 Gefion       
312300 2.77959 0.13426  0.15616  16.18  -0.03   516 1272 Gefion       
312395 2.81076 0.13090  0.15439  15.96   0.22   516 1272 Gefion       
312648 2.72898 0.15141  0.15662  17.02  -0.27   516 1272 Gefion       
313199 2.72913 0.11633  0.16039  16.13  -0.41   516 1272 Gefion       
313224 2.75575 0.12229  0.16331  16.43  -0.18   516 1272 Gefion       
313263 2.78828 0.13192  0.15624  15.79   0.04   516 1272 Gefion       
313555 2.75904 0.13528  0.16093  15.96  -0.20   516 1272 Gefion       
313560 2.75518 0.12805  0.15836  16.31  -0.20   516 1272 Gefion       
313587 2.81331 0.13142  0.16059  16.16   0.22   516 1272 Gefion       
314263 2.74319 0.12017  0.15851  15.97  -0.32   516 1272 Gefion       
314332 2.77277 0.13449  0.14770  17.01  -0.05   516 1272 Gefion       
314871 2.73228 0.14485  0.15384  16.48  -0.33   516 1272 Gefion       
315614 2.74014 0.14467  0.16044  16.18  -0.32   516 1272 Gefion       
316104 2.76392 0.13916  0.16010  16.22  -0.14   516 1272 Gefion       
316184 2.73438 0.13795  0.15536  17.09  -0.24   516 1272 Gefion       
316310 2.79192 0.13368  0.15836  16.51   0.05   516 1272 Gefion       
316312 2.79873 0.11970  0.15752  16.66   0.09   516 1272 Gefion       
316438 2.79268 0.12684  0.15516  15.60   0.08   516 1272 Gefion       
316622 2.72802 0.13177  0.15578  16.01  -0.44   516 1272 Gefion       
317168 2.74978 0.11396  0.15553  15.97  -0.27   516 1272 Gefion       
317474 2.80805 0.12404  0.15387  16.12   0.18   516 1272 Gefion       
317666 2.78590 0.13698  0.15649  16.86   0.00   516 1272 Gefion       
318158 2.76427 0.12333  0.15767  15.90  -0.16   516 1272 Gefion       
318571 2.80082 0.12564  0.15621  15.96   0.14   516 1272 Gefion       
318688 2.78269 0.13476  0.15852  16.32   0.00   516 1272 Gefion       
318724 2.75707 0.13077  0.16089  16.09  -0.20   516 1272 Gefion       
318730 2.76052 0.13611  0.15461  15.95  -0.19   516 1272 Gefion       
318742 2.75199 0.12473  0.15724  15.81  -0.27   516 1272 Gefion       
318747 2.73064 0.09707  0.16054  16.30  -0.37   516 1272 Gefion       
318854 2.71599 0.14630  0.16168  16.70  -0.39   516 1272 Gefion       
318928 2.75912 0.13398  0.16074  16.05  -0.19   516 1272 Gefion       
318949 2.74715 0.14277  0.15999  16.14  -0.27   516 1272 Gefion       
318986 2.77070 0.14107  0.16234  16.45  -0.08   516 1272 Gefion       
319446 2.80384 0.13066  0.15589  16.29   0.14   516 1272 Gefion       
319629 2.75450 0.11164  0.16352  16.18  -0.21   516 1272 Gefion       
319922 2.74553 0.13143  0.15953  16.25  -0.27   516 1272 Gefion       
319949 2.75306 0.10929  0.15605  16.80  -0.17   516 1272 Gefion       
320683 2.79642 0.13854  0.16088  16.41   0.08   516 1272 Gefion       
320849 2.79648 0.13230  0.16487  16.63   0.07   516 1272 Gefion       
320906 2.73019 0.08600  0.15398  16.09  -0.41   516 1272 Gefion       
321018 2.80311 0.12641  0.15585  16.98   0.10   516 1272 Gefion       
321026 2.73255 0.09657  0.16307  16.58  -0.31   516 1272 Gefion       
321346 2.75124 0.14626  0.15944  16.12  -0.24   516 1272 Gefion       
321797 2.76982 0.12118  0.14747  16.85  -0.07   516 1272 Gefion       
321937 2.74085 0.15222  0.15971  16.81  -0.23   516 1272 Gefion       
321974 2.71660 0.12085  0.15878  15.80  -0.58   516 1272 Gefion       
322132 2.76505 0.13844  0.15901  16.36  -0.13   516 1272 Gefion       
322505 2.77552 0.13517  0.16109  16.28  -0.06   516 1272 Gefion       
322728 2.74008 0.11141  0.15786  16.24  -0.31   516 1272 Gefion       
322898 2.73085 0.14339  0.15374  15.91  -0.44   516 1272 Gefion       
322927 2.77607 0.12296  0.14813  16.56  -0.05   516 1272 Gefion       
323161 2.76462 0.13377  0.16250  15.74  -0.17   516 1272 Gefion       
323181 2.79273 0.12906  0.16010  16.67   0.05   516 1272 Gefion       
323802 2.71892 0.14569  0.16110  16.03  -0.50   516 1272 Gefion       
323856 2.76520 0.12479  0.15432  16.19  -0.13   516 1272 Gefion       
323913 2.73677 0.10527  0.16228  16.70  -0.27   516 1272 Gefion       
323947 2.72392 0.11329  0.16387  15.86  -0.50   516 1272 Gefion       
323963 2.72018 0.12084  0.15348  16.57  -0.39   516 1272 Gefion       
323972 2.75184 0.11649  0.15680  16.11  -0.24   516 1272 Gefion       
323978 2.73831 0.14963  0.15954  17.05  -0.22   516 1272 Gefion       
324014 2.74087 0.13648  0.16049  16.63  -0.25   516 1272 Gefion       
324637 2.76504 0.13141  0.16555  17.18  -0.09   516 1272 Gefion       
324649 2.76961 0.13073  0.15311  16.07  -0.11   516 1272 Gefion       
324673 2.72421 0.10853  0.16153  16.81  -0.32   516 1272 Gefion       
325260 2.74813 0.13200  0.15072  16.52  -0.22   516 1272 Gefion       
325286 2.80071 0.13779  0.15920  16.33   0.11   516 1272 Gefion       
325288 2.78652 0.12645  0.16094  16.34   0.02   516 1272 Gefion       
325324 2.71831 0.13115  0.16203  16.95  -0.33   516 1272 Gefion       
325496 2.78905 0.13207  0.15663  16.06   0.04   516 1272 Gefion       
325549 2.74446 0.12022  0.15811  16.43  -0.25   516 1272 Gefion       
325876 2.75078 0.12310  0.15912  16.20  -0.24   516 1272 Gefion       
326359 2.78505 0.12675  0.15667  16.18   0.00   516 1272 Gefion       
326365 2.78696 0.12047  0.15004  16.02   0.02   516 1272 Gefion       
326374 2.73042 0.14385  0.15474  15.83  -0.46   516 1272 Gefion       
326469 2.76512 0.12927  0.15385  16.22  -0.13   516 1272 Gefion       
326481 2.80999 0.12975  0.16100  15.39   0.27   516 1272 Gefion       
327006 2.76570 0.12383  0.15677  16.41  -0.12   516 1272 Gefion       
327015 2.72876 0.10605  0.15585  16.30  -0.38   516 1272 Gefion       
327058 2.79395 0.13094  0.16116  16.17   0.07   516 1272 Gefion       
327232 2.72395 0.13344  0.15970  16.20  -0.43   516 1272 Gefion       
327361 2.76013 0.12990  0.15910  16.36  -0.16   516 1272 Gefion       
327924 2.72329 0.12430  0.15987  15.73  -0.54   516 1272 Gefion       
329068 2.77924 0.13392  0.15177  16.22  -0.03   516 1272 Gefion       
329801 2.75418 0.14937  0.15747  16.10  -0.22   516 1272 Gefion       
329820 2.77005 0.13381  0.16284  16.47  -0.09   516 1272 Gefion       
329836 2.81266 0.13246  0.15917  15.75   0.26   516 1272 Gefion       
329842 2.73476 0.12652  0.15412  15.74  -0.44   516 1272 Gefion       
330121 2.79665 0.12946  0.15516  16.12   0.10   516 1272 Gefion       
330148 2.81034 0.12769  0.15561  15.89   0.22   516 1272 Gefion       
330152 2.71937 0.12171  0.16193  16.21  -0.46   516 1272 Gefion       
330458 2.79942 0.13660  0.15720  16.86   0.08   516 1272 Gefion       
330472 2.70942 0.10477  0.15550  16.24  -0.53   516 1272 Gefion       
331028 2.78425 0.13590  0.15130  16.86   0.00   516 1272 Gefion       
331456 2.80122 0.12623  0.15534  16.11   0.13   516 1272 Gefion       
331492 2.71769 0.11236  0.15597  16.06  -0.51   516 1272 Gefion       
331503 2.72357 0.08755  0.15582  16.61  -0.36   516 1272 Gefion       
331622 2.76044 0.13667  0.16653  16.15  -0.17   516 1272 Gefion       
331718 2.71968 0.13690  0.15883  17.03  -0.31   516 1272 Gefion       
331803 2.75243 0.14738  0.15984  15.41  -0.32   516 1272 Gefion       
331969 2.75834 0.13308  0.16361  15.97  -0.20   516 1272 Gefion       
332206 2.73759 0.11162  0.15930  16.23  -0.33   516 1272 Gefion       
332372 2.74498 0.11271  0.15524  16.65  -0.23   516 1272 Gefion       
332608 2.75973 0.12879  0.15853  16.14  -0.18   516 1272 Gefion       
332674 2.77553 0.12185  0.15275  16.48  -0.05   516 1272 Gefion       
332750 2.75096 0.14571  0.15612  15.65  -0.30   516 1272 Gefion       
332850 2.80637 0.11872  0.15872  16.60   0.14   516 1272 Gefion       
332972 2.72716 0.10933  0.15787  15.80  -0.49   516 1272 Gefion       
333438 2.80461 0.12738  0.15890  16.35   0.14   516 1272 Gefion       
333690 2.72778 0.10938  0.15753  16.05  -0.43   516 1272 Gefion       
333780 2.80039 0.12642  0.15325  16.20   0.12   516 1272 Gefion       
333956 2.81157 0.12656  0.15712  16.65   0.16   516 1272 Gefion       
334320 2.81006 0.14171  0.16221  16.34   0.18   516 1272 Gefion       
334332 2.77408 0.12762  0.15588  16.64  -0.06   516 1272 Gefion       
334408 2.74047 0.12395  0.15625  16.15  -0.32   516 1272 Gefion       
334748 2.72239 0.10775  0.15947  15.49  -0.61   516 1272 Gefion       
334755 2.76926 0.12059  0.15750  15.83  -0.12   516 1272 Gefion       
334769 2.77304 0.12187  0.15287  16.43  -0.07   516 1272 Gefion       
334775 2.74597 0.14115  0.15628  16.51  -0.24   516 1272 Gefion       
334797 2.78396 0.13207  0.16483  16.31   0.00   516 1272 Gefion       
334823 2.74520 0.13315  0.16364  16.27  -0.27   516 1272 Gefion       
334834 2.74419 0.10992  0.15342  16.16  -0.29   516 1272 Gefion       
334915 2.81314 0.12546  0.15727  15.86   0.25   516 1272 Gefion       
335976 2.79817 0.12142  0.15951  16.24   0.10   516 1272 Gefion       
336227 2.72066 0.09960  0.16072  16.20  -0.45   516 1272 Gefion       
336285 2.75373 0.12263  0.16071  16.70  -0.17   516 1272 Gefion       
336341 2.78046 0.12033  0.15915  15.69  -0.03   516 1272 Gefion       
336368 2.81474 0.12937  0.15863  15.98   0.25   516 1272 Gefion       
336696 2.75739 0.12906  0.16139  16.48  -0.17   516 1272 Gefion       
336874 2.76224 0.12606  0.15752  15.78  -0.19   516 1272 Gefion       
336886 2.71687 0.13401  0.16011  16.64  -0.39   516 1272 Gefion       
336893 2.79816 0.13478  0.15855  15.78   0.13   516 1272 Gefion       
337017 2.80812 0.13215  0.15619  16.29   0.17   516 1272 Gefion       
337097 2.80816 0.13134  0.16060  16.04   0.19   516 1272 Gefion       
337212 2.72655 0.08405  0.15390  15.88  -0.48   516 1272 Gefion       
338043 2.73171 0.13260  0.15380  16.26  -0.36   516 1272 Gefion       
338092 2.80296 0.14126  0.16412  16.75   0.11   516 1272 Gefion       
338573 2.73556 0.14719  0.15662  15.49  -0.48   516 1272 Gefion       
338629 2.79414 0.13434  0.16330  16.42   0.07   516 1272 Gefion       
338632 2.76856 0.13129  0.15383  16.18  -0.11   516 1272 Gefion       
338690 2.72123 0.12122  0.16122  16.46  -0.40   516 1272 Gefion       
338756 2.74040 0.09105  0.16177  16.16  -0.32   516 1272 Gefion       
338770 2.76701 0.12018  0.15437  16.20  -0.12   516 1272 Gefion       
338823 2.73341 0.10047  0.15877  15.92  -0.41   516 1272 Gefion       
338825 2.77986 0.14001  0.16072  16.34  -0.03   516 1272 Gefion       
340344 2.74049 0.13098  0.15282  16.83  -0.23   516 1272 Gefion       
340421 2.78976 0.13858  0.15877  16.54   0.04   516 1272 Gefion       
340470 2.81449 0.12522  0.15504  16.00   0.24   516 1272 Gefion       
340512 2.74073 0.13321  0.15814  16.14  -0.32   516 1272 Gefion       
340519 2.79453 0.12645  0.16027  15.83   0.09   516 1272 Gefion       
340532 2.73141 0.12840  0.15141  16.11  -0.39   516 1272 Gefion       
340564 2.75775 0.12077  0.16044  16.25  -0.18   516 1272 Gefion       
341201 2.78433 0.13156  0.15062  16.12   0.00   516 1272 Gefion       
341295 2.75183 0.11172  0.16310  16.12  -0.24   516 1272 Gefion       
341317 2.78399 0.13288  0.15320  16.40   0.00   516 1272 Gefion       
342505 2.72881 0.12738  0.15948  16.61  -0.33   516 1272 Gefion       
342554 2.77307 0.14415  0.15968  16.29  -0.07   516 1272 Gefion       
342629 2.76283 0.12343  0.15552  16.80  -0.11   516 1272 Gefion       
342645 2.72853 0.13299  0.15815  15.88  -0.46   516 1272 Gefion       
342689 2.72829 0.14732  0.15406  16.86  -0.29   516 1272 Gefion       
342926 2.75013 0.13459  0.16234  15.97  -0.27   516 1272 Gefion       
343454 2.80378 0.12613  0.15884  16.19   0.14   516 1272 Gefion       
343527 2.73315 0.09960  0.15999  16.36  -0.34   516 1272 Gefion       
343631 2.75752 0.11060  0.15786  16.44  -0.17   516 1272 Gefion       
343662 2.73858 0.13270  0.16328  15.93  -0.37   516 1272 Gefion       
343891 2.75829 0.12744  0.16102  17.12  -0.12   516 1272 Gefion       
343913 2.77483 0.14128  0.15903  16.07  -0.07   516 1272 Gefion       
344461 2.75814 0.12579  0.15324  16.02  -0.20   516 1272 Gefion       
344465 2.73321 0.11257  0.16237  16.68  -0.29   516 1272 Gefion       
344672 2.76607 0.14548  0.15795  16.25  -0.12   516 1272 Gefion       
344974 2.72012 0.08610  0.15698  15.84  -0.54   516 1272 Gefion       
345906 2.75820 0.10845  0.16019  16.27  -0.18   516 1272 Gefion       
345943 2.72308 0.12687  0.16011  16.54  -0.37   516 1272 Gefion       
346022 2.73090 0.10371  0.16262  16.36  -0.35   516 1272 Gefion       
346403 2.80381 0.13454  0.15993  16.73   0.11   516 1272 Gefion       
346810 2.80635 0.13052  0.16066  16.35   0.15   516 1272 Gefion       
347052 2.73923 0.12110  0.15822  17.05  -0.22   516 1272 Gefion       
347290 2.76577 0.13403  0.15820  16.10  -0.14   516 1272 Gefion       
347646 2.73501 0.11125  0.16222  16.12  -0.36   516 1272 Gefion       
347871 2.75908 0.12992  0.16102  16.46  -0.16   516 1272 Gefion       
347873 2.80718 0.12978  0.16089  15.83   0.20   516 1272 Gefion       
348115 2.76763 0.13663  0.16049  16.40  -0.11   516 1272 Gefion       
348123 2.72682 0.09539  0.16159  16.81  -0.31   516 1272 Gefion       
348216 2.81098 0.12395  0.15377  15.47   0.27   516 1272 Gefion       
348366 2.78125 0.13159  0.16318  16.43  -0.02   516 1272 Gefion       
348422 2.71540 0.10456  0.15633  16.65  -0.40   516 1272 Gefion       
348782 2.75855 0.10907  0.15694  16.83  -0.14   516 1272 Gefion       
349070 2.77596 0.12864  0.16235  15.66  -0.07   516 1272 Gefion       
349323 2.74037 0.12722  0.15961  16.63  -0.26   516 1272 Gefion       
349359 2.81050 0.12708  0.15884  16.04   0.21   516 1272 Gefion       
350394 2.73197 0.11134  0.15578  16.64  -0.30   516 1272 Gefion       
350411 2.74112 0.09901  0.16227  16.81  -0.23   516 1272 Gefion       
350913 2.78106 0.13050  0.16195  16.34  -0.02   516 1272 Gefion       
350919 2.72927 0.10743  0.16337  16.17  -0.40   516 1272 Gefion       
350921 2.80844 0.13286  0.15608  16.38   0.16   516 1272 Gefion       
350945 2.79263 0.13588  0.15729  16.13   0.07   516 1272 Gefion       
351558 2.73210 0.14485  0.16865  16.40  -0.34   516 1272 Gefion       
352326 2.73344 0.10821  0.15929  16.84  -0.27   516 1272 Gefion       
352339 2.79893 0.12801  0.15574  16.97   0.08   516 1272 Gefion       
353154 2.80926 0.13577  0.15890  16.42   0.17   516 1272 Gefion       
353666 2.78607 0.13602  0.15933  16.57   0.00   516 1272 Gefion       
353785 2.73191 0.13853  0.15499  15.55  -0.50   516 1272 Gefion       
354299 2.74205 0.13045  0.16209  16.27  -0.29   516 1272 Gefion       
354472 2.77204 0.13959  0.15673  16.50  -0.07   516 1272 Gefion       
354659 2.73395 0.13799  0.15596  16.79  -0.27   516 1272 Gefion       
355055 2.72915 0.14562  0.15384  16.73  -0.31   516 1272 Gefion       
355086 2.73225 0.13234  0.15342  17.11  -0.24   516 1272 Gefion       
355420 2.72037 0.13658  0.16386  16.46  -0.40   516 1272 Gefion       
355585 2.77273 0.12893  0.16036  16.31  -0.08   516 1272 Gefion       
356175 2.72579 0.11534  0.15490  17.01  -0.29   516 1272 Gefion       
356658 2.72852 0.10815  0.15883  16.74  -0.31   516 1272 Gefion       
356671 2.74111 0.12517  0.15664  15.92  -0.35   516 1272 Gefion       
356795 2.76441 0.12973  0.16621  16.23  -0.14   516 1272 Gefion       
356958 2.74814 0.13577  0.15678  15.92  -0.29   516 1272 Gefion       
357473 2.74919 0.12160  0.15760  16.25  -0.24   516 1272 Gefion       
357712 2.71903 0.14351  0.16149  16.13  -0.48   516 1272 Gefion       
358306 2.78404 0.12221  0.15415  16.58   0.00   516 1272 Gefion       
358609 2.74301 0.11292  0.16429  16.94  -0.21   516 1272 Gefion       
358673 2.73814 0.12714  0.14990  16.09  -0.35   516 1272 Gefion       
358714 2.79681 0.13278  0.15735  15.97   0.10   516 1272 Gefion       
358730 2.80576 0.12942  0.15353  16.60   0.13   516 1272 Gefion       
358755 2.76623 0.13175  0.15957  16.18  -0.13   516 1272 Gefion       
359621 2.73904 0.13399  0.15207  16.64  -0.26   516 1272 Gefion       
360008 2.72972 0.09315  0.15735  16.35  -0.36   516 1272 Gefion       
360353 2.78503 0.12872  0.15703  16.42   0.00   516 1272 Gefion       
360872 2.72755 0.14518  0.15208  15.92  -0.46   516 1272 Gefion       
360880 2.78542 0.13427  0.15108  16.13   0.00   516 1272 Gefion       
361276 2.74055 0.14624  0.15718  16.71  -0.25   516 1272 Gefion       
361389 2.74378 0.14367  0.15871  16.41  -0.26   516 1272 Gefion       
361810 2.76317 0.12009  0.15798  16.44  -0.13   516 1272 Gefion       
361864 2.78798 0.12764  0.15990  16.38   0.03   516 1272 Gefion       
361868 2.80454 0.12671  0.15499  17.08   0.10   516 1272 Gefion       
362742 2.77419 0.13277  0.15688  16.90  -0.05   516 1272 Gefion       
362781 2.72360 0.10431  0.16023  16.57  -0.37   516 1272 Gefion       
362832 2.79205 0.12006  0.15905  15.82   0.07   516 1272 Gefion       
362952 2.78311 0.13254  0.15612  15.85   0.00   516 1272 Gefion       
363849 2.72131 0.14719  0.16337  16.79  -0.34   516 1272 Gefion       
363883 2.79381 0.13104  0.15761  16.63   0.06   516 1272 Gefion       
363887 2.80619 0.13281  0.16255  16.61   0.13   516 1272 Gefion       
363903 2.79663 0.12743  0.15960  16.96   0.07   516 1272 Gefion       
363961 2.76139 0.13036  0.15270  17.11  -0.11   516 1272 Gefion       
364122 2.77198 0.13357  0.14953  16.80  -0.06   516 1272 Gefion       
364291 2.72579 0.10064  0.16451  16.43  -0.38   516 1272 Gefion       
364889 2.73532 0.14711  0.15601  16.40  -0.32   516 1272 Gefion       
364914 2.78183 0.12285  0.16369  16.55   0.00   516 1272 Gefion       
365594 2.77505 0.12344  0.15715  16.45  -0.06   516 1272 Gefion       
365919 2.71089 0.12517  0.15574  17.05  -0.35   516 1272 Gefion       
365976 2.75207 0.12094  0.15699  16.03  -0.25   516 1272 Gefion       
365982 2.71673 0.13142  0.16017  16.22  -0.48   516 1272 Gefion       
366753 2.75004 0.13270  0.16043  16.40  -0.22   516 1272 Gefion       
366948 2.76252 0.14046  0.15944  16.97  -0.11   516 1272 Gefion       
367203 2.74187 0.13832  0.15910  16.85  -0.22   516 1272 Gefion       
367667 2.80453 0.13049  0.15659  15.94   0.17   516 1272 Gefion       
367784 2.77415 0.13150  0.16545  16.23  -0.07   516 1272 Gefion       
368026 2.77066 0.12888  0.15684  16.55  -0.08   516 1272 Gefion       
368058 2.75410 0.14229  0.15776  16.29  -0.20   516 1272 Gefion       
368137 2.73547 0.11722  0.15980  15.80  -0.42   516 1272 Gefion       
368587 2.77518 0.13797  0.16008  16.10  -0.06   516 1272 Gefion       
368591 2.74216 0.13651  0.15733  16.02  -0.33   516 1272 Gefion       
368612 2.78055 0.12974  0.15448  16.80  -0.02   516 1272 Gefion       
368630 2.76792 0.13283  0.15767  16.06  -0.12   516 1272 Gefion       
368634 2.79968 0.12680  0.15208  15.73   0.14   516 1272 Gefion       
368740 2.71684 0.14738  0.16088  16.41  -0.44   516 1272 Gefion       
369363 2.72186 0.11415  0.15525  16.81  -0.34   516 1272 Gefion       
369389 2.73407 0.12059  0.15340  16.68  -0.29   516 1272 Gefion       
369608 2.80205 0.13488  0.15838  16.93   0.09   516 1272 Gefion       
369639 2.80109 0.13995  0.15897  16.85   0.09   516 1272 Gefion       
369760 2.80252 0.12297  0.15590  15.96   0.15   516 1272 Gefion       
369902 2.75385 0.13864  0.16199  16.03  -0.23   516 1272 Gefion       
370480 2.72987 0.11418  0.16524  17.07  -0.26   516 1272 Gefion       
370708 2.72338 0.11350  0.15965  16.34  -0.41   516 1272 Gefion       
370740 2.73824 0.11546  0.15572  16.80  -0.25   516 1272 Gefion       
370771 2.73520 0.13445  0.15601  16.38  -0.32   516 1272 Gefion       
370774 2.73173 0.14647  0.15974  16.48  -0.33   516 1272 Gefion       
370777 2.77855 0.13506  0.16228  16.15  -0.04   516 1272 Gefion       
370835 2.80699 0.13189  0.15895  15.98   0.18   516 1272 Gefion       
371183 2.73788 0.15107  0.15327  16.78  -0.25   516 1272 Gefion       
371214 2.80516 0.14107  0.16288  16.07   0.16   516 1272 Gefion       
371764 2.71800 0.13020  0.16053  16.32  -0.45   516 1272 Gefion       
371783 2.78982 0.12146  0.16001  16.32   0.04   516 1272 Gefion       
372269 2.79013 0.13126  0.15405  16.32   0.04   516 1272 Gefion       
372426 2.74085 0.11838  0.15854  16.76  -0.24   516 1272 Gefion       
372430 2.73819 0.12576  0.15429  16.59  -0.27   516 1272 Gefion       
372477 2.72759 0.12486  0.15518  16.64  -0.33   516 1272 Gefion       
373288 2.78312 0.13150  0.15825  16.37   0.00   516 1272 Gefion       
373359 2.73080 0.14056  0.16865  17.48  -0.21   516 1272 Gefion       
374166 2.77244 0.13783  0.15855  15.68  -0.10   516 1272 Gefion       
374524 2.71203 0.14565  0.15989  16.71  -0.41   516 1272 Gefion       
374560 2.77570 0.11803  0.15630  17.38  -0.03   516 1272 Gefion       
374571 2.78103 0.11721  0.15727  16.24  -0.02   516 1272 Gefion       
374606 2.78128 0.12152  0.16222  16.66   0.00   516 1272 Gefion       
375338 2.78245 0.12665  0.15600  16.26   0.00   516 1272 Gefion       
375340 2.77342 0.13691  0.15288  16.55  -0.06   516 1272 Gefion       
375847 2.78566 0.11789  0.15975  16.57   0.00   516 1272 Gefion       
376002 2.81052 0.13021  0.15584  16.64   0.16   516 1272 Gefion       
376301 2.79359 0.12291  0.15760  16.58   0.06   516 1272 Gefion       
376430 2.74711 0.13399  0.15173  16.42  -0.24   516 1272 Gefion       
376559 2.72974 0.14430  0.16743  16.66  -0.31   516 1272 Gefion       
376682 2.72160 0.13974  0.16346  16.94  -0.32   516 1272 Gefion       
376722 2.78591 0.12924  0.15882  16.54   0.00   516 1272 Gefion       
376741 2.73233 0.13909  0.16241  15.81  -0.44   516 1272 Gefion       
376743 2.73949 0.12817  0.14736  16.25  -0.31   516 1272 Gefion       
377412 2.71539 0.10638  0.15679  16.26  -0.48   516 1272 Gefion       
377415 2.72463 0.08616  0.15507  16.33  -0.40   516 1272 Gefion       
377436 2.76966 0.12838  0.16164  16.48  -0.09   516 1272 Gefion       
377466 2.80072 0.12935  0.15170  16.02   0.13   516 1272 Gefion       
377882 2.79278 0.13625  0.16012  16.25   0.06   516 1272 Gefion       
378718 2.81462 0.12239  0.15781  16.38   0.20   516 1272 Gefion       
378773 2.76571 0.13009  0.15935  16.35  -0.12   516 1272 Gefion       
378818 2.81082 0.13296  0.16034  15.96   0.22   516 1272 Gefion       
378891 2.76313 0.13109  0.15860  16.21  -0.15   516 1272 Gefion       
379014 2.75608 0.13509  0.16840  15.95  -0.22   516 1272 Gefion       
379244 2.72186 0.11098  0.15788  16.40  -0.41   516 1272 Gefion       
379419 2.71863 0.11037  0.15782  16.27  -0.45   516 1272 Gefion       
379654 2.72876 0.09238  0.15799  16.45  -0.35   516 1272 Gefion       
379765 2.77644 0.13868  0.15411  16.79  -0.04   516 1272 Gefion       
379774 2.80821 0.12295  0.15548  16.11   0.18   516 1272 Gefion       
379900 2.72699 0.10595  0.16040  17.04  -0.28   516 1272 Gefion       
380011 2.79127 0.13067  0.15861  16.29   0.05   516 1272 Gefion       
380086 2.73405 0.09747  0.16141  16.64  -0.29   516 1272 Gefion       
380148 2.73581 0.09290  0.15873  16.03  -0.37   516 1272 Gefion       
380444 2.81194 0.12653  0.15929  15.79   0.24   516 1272 Gefion       
380902 2.72631 0.15480  0.16558  16.62  -0.34   516 1272 Gefion       
380947 2.75548 0.13952  0.15777  16.16  -0.21   516 1272 Gefion       
381436 2.76459 0.12040  0.14840  16.60  -0.11   516 1272 Gefion       
381440 2.75906 0.12522  0.16077  16.20  -0.18   516 1272 Gefion       
381514 2.74375 0.13526  0.16033  16.26  -0.28   516 1272 Gefion       
381537 2.77918 0.13635  0.15670  16.41  -0.03   516 1272 Gefion       
381597 2.75237 0.12652  0.16156  16.52  -0.20   516 1272 Gefion       
381922 2.80139 0.12749  0.15653  16.65   0.10   516 1272 Gefion       
382145 2.75703 0.13662  0.16233  16.20  -0.19   516 1272 Gefion       
382216 2.74194 0.13654  0.15780  16.68  -0.24   516 1272 Gefion       
382326 2.77706 0.12346  0.16365  16.17  -0.05   516 1272 Gefion       
382371 2.74921 0.13283  0.15474  16.55  -0.21   516 1272 Gefion       
382773 2.79376 0.12541  0.15165  16.36   0.07   516 1272 Gefion       
382784 2.76286 0.12493  0.15517  16.21  -0.15   516 1272 Gefion       
382792 2.72435 0.12038  0.15991  16.90  -0.31   516 1272 Gefion       
382807 2.79899 0.13251  0.16048  16.14   0.11   516 1272 Gefion       
382973 2.74830 0.12906  0.15798  16.22  -0.25   516 1272 Gefion       
383322 2.73732 0.11327  0.16504  16.07  -0.35   516 1272 Gefion       
383931 2.76709 0.13798  0.15572  17.01  -0.08   516 1272 Gefion       
383957 2.72252 0.12505  0.15504  16.56  -0.37   516 1272 Gefion       
384002 2.74897 0.11784  0.15841  16.45  -0.22   516 1272 Gefion       
384010 2.76153 0.12994  0.15974  16.22  -0.16   516 1272 Gefion       
384054 2.78186 0.12014  0.15183  16.52   0.00   516 1272 Gefion       
384581 2.80652 0.12019  0.15678  16.03   0.18   516 1272 Gefion       
384770 2.74009 0.12856  0.15275  16.45  -0.28   516 1272 Gefion       
384801 2.78831 0.12516  0.15313  16.86   0.02   516 1272 Gefion       
385157 2.74312 0.14003  0.16230  16.17  -0.30   516 1272 Gefion       
385456 2.72517 0.13593  0.16453  16.79  -0.32   516 1272 Gefion       
385485 2.80763 0.13311  0.15940  16.54   0.15   516 1272 Gefion       
386746 2.77016 0.14277  0.15561  17.22  -0.06   516 1272 Gefion       
387115 2.80535 0.13513  0.15916  16.58   0.13   516 1272 Gefion       
387262 2.74258 0.14823  0.16205  16.47  -0.26   516 1272 Gefion       
387964 2.79481 0.12320  0.14931  16.07   0.08   516 1272 Gefion       
388578 2.73564 0.10767  0.16153  16.67  -0.28   516 1272 Gefion       
388643 2.81114 0.12385  0.15789  16.40   0.18   516 1272 Gefion       
388659 2.79050 0.12766  0.15731  16.03   0.05   516 1272 Gefion       
388661 2.76420 0.12049  0.15840  16.23  -0.14   516 1272 Gefion       
388746 2.80731 0.13311  0.15629  16.55   0.14   516 1272 Gefion       
388936 2.73577 0.12038  0.15304  17.46  -0.19   516 1272 Gefion       
389682 2.73764 0.14281  0.15914  16.49  -0.29   516 1272 Gefion       
389772 2.77478 0.12429  0.15553  16.84  -0.05   516 1272 Gefion       
389881 2.72861 0.09612  0.16252  16.97  -0.28   516 1272 Gefion       
390008 2.81379 0.12820  0.15594  16.42   0.19   516 1272 Gefion       
390384 2.78415 0.12519  0.15662  15.94   0.00   516 1272 Gefion       
390408 2.74238 0.14220  0.15631  17.20  -0.19   516 1272 Gefion       
390582 2.76412 0.13805  0.15555  16.04  -0.15   516 1272 Gefion       
390917 2.71408 0.14482  0.15557  17.10  -0.33   516 1272 Gefion       
390941 2.77267 0.12988  0.16188  16.26  -0.08   516 1272 Gefion       
391509 2.78253 0.12871  0.15566  16.94   0.00   516 1272 Gefion       
392009 2.77214 0.13262  0.16234  16.51  -0.07   516 1272 Gefion       
392012 2.73151 0.11524  0.15686  17.30  -0.23   516 1272 Gefion       
392101 2.79600 0.13271  0.16177  16.82   0.07   516 1272 Gefion       
392591 2.72938 0.12028  0.15736  16.91  -0.28   516 1272 Gefion       
392656 2.74902 0.12060  0.16289  16.34  -0.23   516 1272 Gefion       
392829 2.79447 0.12538  0.15484  16.42   0.07   516 1272 Gefion       
393017 2.81541 0.11977  0.16023  16.45   0.20   516 1272 Gefion       
393260 2.73947 0.13108  0.15377  16.68  -0.26   516 1272 Gefion       
