,id,m,c_param,fam_num,par_num,name,pdes,H,diameter,albedo,rot_per,BV,UB,IR,spec_B,spec_T,e,a,q,i
0,93,7.78,-10.12,516,1272,Gefion,93,7.9,154.155,0.056,5.982,0.685,0.315,,C,CU,0.1427,2.753,2.36,8.54
1,1272,12.84,0.0,516,1272,Gefion,1272,12.92,6.965,0.252,3.086,,,,Sl,,0.1504,2.786,2.367,8.41
2,2053,11.74,1.03,516,1272,Gefion,2053,11.94,11.064,0.251,11.604,,,,S,,0.1411,2.803,2.408,8.51
3,2157,11.91,-0.02,516,1272,Gefion,2157,12.15,13.423,0.17,147.45,,,,S,,0.1103,2.787,2.48,8.61
4,2521,11.56,0.61,516,1272,Gefion,2521,11.87,,,12.0,,,,S,,0.0894,2.795,2.545,7.73
5,2875,12.11,0.66,516,1272,Gefion,2875,12.43,9.511,0.282,5.628,,,,S,,0.0996,2.797,2.518,9.03
6,2905,11.93,1.03,516,1272,Gefion,2905,12.07,10.224,0.273,,,,,S,,0.0991,2.802,2.525,8.91
7,2911,11.55,0.64,516,1272,Gefion,2911,11.92,12.214,0.358,4.201,,,,S,,0.0955,2.795,2.528,9.61
8,3788,12.03,0.42,516,1272,Gefion,3788,12.37,9.799,0.32,18.467,,,,S,,0.1025,2.794,2.508,9.68
9,3860,11.6,1.32,516,1272,Gefion,3860,11.72,12.812,0.172,6.114,,,,S,,0.1533,2.809,2.378,8.13
10,3910,11.8,0.58,516,1272,Gefion,3910,11.99,,,4.73,,,,S,,0.1333,2.795,2.423,8.69
11,4096,12.55,1.0,516,1272,Gefion,4096,12.91,7.664,0.277,3.79522,,,,Sl,,0.1501,2.81,2.388,9.07
12,4182,12.04,0.76,516,1272,Gefion,4182,12.33,10.397,0.215,3.0179,,,,Sr,,0.135,2.797,2.419,8.07
13,4417,11.87,-1.33,516,1272,Gefion,4417,12.21,11.1,0.36,3.1758,,,,S,,0.1057,2.758,2.466,9.01
14,4702,12.44,0.39,516,1272,Gefion,4702,12.68,8.478,0.345,,,,,S,,0.0927,2.794,2.535,9.36
15,5159,12.93,0.17,516,1272,Gefion,5159,13.3,6.388,0.299,,,,,S,,0.111,2.789,2.479,9.25
16,5401,11.94,0.63,516,1272,Gefion,5401,12.35,9.56,0.299,3.949,,,,S,,0.1528,2.795,2.368,10.07
17,5685,11.62,0.94,516,1272,Gefion,5685,11.74,12.993,0.24,3.388,,,,S,,0.0935,2.8,2.538,7.7
18,5955,12.47,0.82,516,1272,Gefion,5955,12.86,7.45,0.318,,,,,,,0.0949,2.803,2.537,7.93
19,6044,13.2,-0.26,516,1272,Gefion,6044,13.58,,,,,,,,,0.1546,2.778,2.348,8.88
20,6211,12.94,-0.89,516,1272,Gefion,6211,13.27,5.752,0.444,2.69802,,,,Sr,,0.094,2.756,2.497,8.54
21,6499,12.25,-0.92,516,1272,Gefion,6499,12.58,8.922,0.293,6.004,,,,,,0.1404,2.766,2.378,10.06
22,6929,12.49,-0.7,516,1272,Gefion,6929,12.74,7.315,0.228,4.248,,,,,,0.1433,2.768,2.371,10.34
23,7141,13.25,0.09,516,1272,Gefion,7141,13.64,6.771,0.184,,,,,,,0.0921,2.789,2.532,9.87
24,7176,12.66,-0.83,516,1272,Gefion,7176,13.1,6.729,0.324,,,,,,,0.1374,2.762,2.382,7.94
25,7272,12.51,-0.09,516,1272,Gefion,7272,12.76,8.04,0.273,30.334,,,,,,0.0987,2.785,2.51,9.62
26,7363,12.65,-0.95,516,1272,Gefion,7363,12.84,8.271,0.215,,,,,,,0.1206,2.758,2.425,8.94
27,7576,12.53,0.06,516,1272,Gefion,7576,12.85,6.871,0.341,3.085372,,,,,,0.1013,2.784,2.502,9.94
28,7651,12.93,0.02,516,1272,Gefion,7651,13.32,6.515,0.263,132.721,,,,,,0.1403,2.783,2.392,9.23
29,7957,13.4,-0.28,516,1272,Gefion,7957,13.79,5.127,0.267,,,,,,,0.1165,2.772,2.449,9.01
30,8074,13.08,0.12,516,1272,Gefion,8074,13.59,4.62,0.292,6.77306,,,,,,0.146,2.789,2.382,7.72
31,8334,12.95,0.04,516,1272,Gefion,8334,13.25,7.837,0.181,279.87,,,,S,,0.1004,2.787,2.508,10.14
32,8440,12.97,-0.12,516,1272,Gefion,8440,13.36,,,,,,,,,0.1404,2.783,2.392,7.75
33,8511,12.9,-0.42,516,1272,Gefion,8511,13.18,6.906,0.234,,,,,,,0.1541,2.77,2.343,9.16
34,8533,12.88,-0.7,516,1272,Gefion,8533,13.29,,,,,,,,,0.086,2.763,2.525,8.5
35,8565,12.87,0.2,516,1272,Gefion,8565,13.26,15.606,0.041,,,,,,,0.1494,2.788,2.371,8.57
36,8659,12.6,-0.02,516,1272,Gefion,8659,13.14,7.076,0.322,,,,,,,0.151,2.781,2.361,8.31
37,9173,12.48,0.35,516,1272,Gefion,9173,12.69,8.207,0.181,6.06633,,,,,,0.1192,2.791,2.458,8.58
38,9312,12.64,0.93,516,1272,Gefion,9312,13.07,6.525,0.345,,,,,,,0.1118,2.808,2.494,8.03
39,9447,13.01,-0.98,516,1272,Gefion,9447,13.29,5.864,0.296,,,,,,,0.1467,2.752,2.349,9.87
40,9511,13.02,-0.48,516,1272,Gefion,9511,13.34,,,4.5833,,,,,,0.1397,2.767,2.381,10.44
41,10222,12.73,-0.42,516,1272,Gefion,10222,13.08,,,29.0,,,,,,0.105,2.771,2.48,7.98
42,10245,12.99,-0.07,516,1272,Gefion,10245,13.37,,,,,,,,,0.0926,2.781,2.523,8.9
43,10335,13.43,0.25,516,1272,Gefion,10335,13.86,4.461,0.353,,,,,,,0.1495,2.794,2.376,8.94
44,10511,12.54,-0.11,516,1272,Gefion,10511,12.81,7.89,0.284,4.431637,,,,,,0.1384,2.779,2.394,8.8
45,10649,14.19,0.52,516,1272,Gefion,10649,14.65,3.214,0.326,3.07412,,,,,,0.1202,2.815,2.476,8.36
46,10913,12.56,0.34,516,1272,Gefion,10913,12.89,,,,,,,,,0.1291,2.798,2.437,8.19
47,11199,12.79,-0.73,516,1272,Gefion,11199,13.11,6.041,0.403,,,,,,,0.144,2.766,2.368,8.63
48,11368,12.79,0.26,516,1272,Gefion,11368,13.12,7.986,0.21,5.76823,,,,,,0.1318,2.79,2.422,10.16
49,11508,12.85,0.0,516,1272,Gefion,11508,13.22,6.625,0.278,3.049,,,,,,0.0992,2.784,2.508,10.11
50,11661,13.3,0.1,516,1272,Gefion,11661,13.64,5.257,0.212,3.192,,,,,,0.1417,2.787,2.392,8.72
51,12275,12.57,-0.78,516,1272,Gefion,12275,12.94,,,,,,,,,0.152,2.764,2.344,10.45
52,12279,12.46,-0.52,516,1272,Gefion,12279,12.75,7.929,0.281,5.59803,,,,,,0.0938,2.77,2.51,10.25
53,12381,13.24,-0.4,516,1272,Gefion,12381,13.69,5.315,0.299,2.86845,,,,,,0.0974,2.77,2.501,9.08
54,12503,13.98,-0.53,516,1272,Gefion,12503,14.36,4.266,0.244,,,,,,,0.1279,2.755,2.403,8.75
55,12813,13.62,-0.08,516,1272,Gefion,12813,13.93,4.97,0.237,,,,,,,0.0919,2.781,2.525,9.03
56,13175,13.94,0.33,516,1272,Gefion,13175,14.21,4.086,0.266,,,,,,,0.1427,2.801,2.402,8.18
57,13338,12.68,-0.32,516,1272,Gefion,13338,12.94,7.541,0.178,4.129105,,,,,,0.1191,2.776,2.445,9.34
58,13749,12.82,0.21,516,1272,Gefion,13749,13.13,6.799,0.264,,,,,,,0.1224,2.791,2.45,8.15
59,13960,13.56,-0.25,516,1272,Gefion,13960,14.03,,,17.212,,,,,,0.1199,2.773,2.44,9.09
60,14128,13.1,-0.35,516,1272,Gefion,14128,13.45,5.731,0.288,4.457755,,,,,,0.147,2.773,2.366,8.99
61,14938,12.32,0.28,516,1272,Gefion,14938,12.73,7.362,0.392,7.8185,,,,,,0.1358,2.789,2.41,9.33
62,14941,14.16,-0.42,516,1272,Gefion,14941,14.59,,,,,,,,,0.1311,2.76,2.398,9.02
63,15000,14.04,-0.35,516,1272,Gefion,15000,14.37,3.607,0.284,,,,,,,0.1076,2.764,2.467,8.27
64,15067,13.24,0.43,516,1272,Gefion,15067,13.53,4.675,0.424,,,,,,,0.1553,2.799,2.365,9.74
65,15142,12.86,-0.48,516,1272,Gefion,15142,13.34,5.465,0.409,,,,,,,0.1139,2.768,2.453,9.7
66,15212,12.87,0.15,516,1272,Gefion,15212,13.39,,,,,,,,,0.1367,2.788,2.407,10.32
67,15216,14.82,0.35,516,1272,Gefion,15216,15.3,,,,,,,,,0.1081,2.811,2.507,8.63
68,15702,12.91,-1.57,516,1272,Gefion,15702,13.29,7.617,0.192,2.46,,,,,,0.1393,2.735,2.354,7.96
69,15840,13.06,0.12,516,1272,Gefion,15840,13.46,5.883,0.294,6.449,,,,,,0.144,2.79,2.389,10.26
70,15961,13.23,-0.04,516,1272,Gefion,15961,13.45,,,,,,,,,0.1471,2.786,2.376,9.97
71,16055,13.24,-0.37,516,1272,Gefion,16055,13.67,5.244,0.28,94.273,,,,,,0.1012,2.772,2.492,8.06
72,16138,13.4,-0.46,516,1272,Gefion,16138,13.71,5.057,0.19,6.19344,,,,,,0.1009,2.765,2.486,9.75
73,16140,13.3,-0.36,516,1272,Gefion,16140,13.61,4.866,0.247,,,,,,,0.106,2.771,2.477,9.47
74,16148,13.23,0.22,516,1272,Gefion,16148,13.61,5.89,0.244,,,,,,,0.1008,2.793,2.511,8.18
75,16184,12.76,-0.03,516,1272,Gefion,16184,13.15,7.142,0.263,3.20864,,,,,,0.102,2.783,2.499,8.02
76,16344,13.77,0.69,516,1272,Gefion,16344,14.2,4.074,0.321,,,,,,,0.1495,2.815,2.395,8.21
77,16537,13.14,-0.92,516,1272,Gefion,16537,13.58,,,,,,,,,0.1315,2.757,2.394,8.4
78,16679,12.98,-0.55,516,1272,Gefion,16679,13.33,6.491,0.29,13.501,,,,,,0.0937,2.768,2.509,8.43
79,16766,12.95,-0.39,516,1272,Gefion,16766,13.34,6.258,0.197,,,,,,,0.12,2.773,2.44,9.52
80,16899,13.55,-0.73,516,1272,Gefion,16899,13.85,,,,,,,,,0.1213,2.753,2.419,9.2
81,16938,13.45,-0.43,516,1272,Gefion,16938,13.74,,,,,,,,,0.1439,2.766,2.368,9.22
82,17005,12.97,0.42,516,1272,Gefion,17005,13.36,5.182,0.455,1.13,,,,,,0.1531,2.797,2.368,9.25
83,17202,13.09,0.89,516,1272,Gefion,17202,13.51,5.949,0.222,,,,,,,0.1135,2.813,2.494,10.3
84,17833,13.17,0.07,516,1272,Gefion,17833,13.55,,,,,,,,,0.1107,2.787,2.478,10.01
85,17909,14.18,-0.41,516,1272,Gefion,17909,14.55,,,,,,,,,0.1379,2.764,2.383,8.58
86,17979,13.21,0.0,516,1272,Gefion,17979,13.55,,,9.18544,,,,,,0.1378,2.786,2.403,10.23
87,18009,13.66,0.7,516,1272,Gefion,18009,14.07,4.58,0.279,,,,,,,0.0873,2.816,2.57,9.71
88,18098,13.06,-0.66,516,1272,Gefion,18098,13.47,5.631,0.321,,,,,,,0.0858,2.764,2.527,8.61
89,18244,14.75,-0.79,516,1272,Gefion,18244,15.1,,,,,,,,,0.11,2.726,2.426,9.09
90,18338,13.41,-0.12,516,1272,Gefion,18338,13.85,5.011,0.28,7.108,,,,,,0.0956,2.782,2.516,7.9
91,18464,14.07,0.54,516,1272,Gefion,18464,14.46,,,,,,,,,0.145,2.811,2.403,9.06
92,18552,13.38,-0.42,516,1272,Gefion,18552,13.85,4.877,0.296,100.142,,,,,,0.1085,2.768,2.467,10.19
93,18649,13.72,-0.04,516,1272,Gefion,18649,14.06,3.984,0.369,,,,,,,0.1411,2.78,2.388,8.63
94,18725,13.1,-0.74,516,1272,Gefion,18725,13.38,6.048,0.278,,,,,,,0.1319,2.759,2.396,8.82
95,18820,12.88,0.38,516,1272,Gefion,18820,13.23,,,13.1432,,,,,,0.0991,2.797,2.519,9.65
96,18829,13.11,-0.16,516,1272,Gefion,18829,13.59,,,12.276,,,,,,0.1205,2.778,2.443,10.32
97,18902,13.22,-0.31,516,1272,Gefion,18902,13.65,,,,,,,,,0.1551,2.774,2.344,8.77
98,18912,13.79,0.69,516,1272,Gefion,18912,14.14,4.218,0.3,,,,,,,0.1517,2.815,2.388,8.98
99,19273,13.96,0.4,516,1272,Gefion,19273,14.32,3.89,0.293,,,,,,,0.1369,2.803,2.419,10.41
100,19480,13.23,-0.14,516,1272,Gefion,19480,13.6,,,,,,,,,0.1067,2.778,2.482,8.92
101,19613,13.48,-0.5,516,1272,Gefion,19613,13.84,,,,,,,,,0.101,2.764,2.485,8.29
102,19641,13.26,-1.51,516,1272,Gefion,19641,13.65,4.889,0.323,,,,,,,0.1128,2.729,2.422,9.12
103,19674,13.22,0.62,516,1272,Gefion,19674,13.58,4.591,0.44,,,,,,,0.1552,2.804,2.369,9.32
104,19698,12.61,0.59,516,1272,Gefion,19698,12.91,7.115,0.318,5.381,,,,,,0.0877,2.8,2.554,8.92
105,19740,13.05,-0.81,516,1272,Gefion,19740,13.41,5.732,0.214,,,,,,,0.0871,2.757,2.517,10.29
106,19820,14.4,-0.33,516,1272,Gefion,19820,14.84,,,,,,,,,0.118,2.764,2.437,8.72
107,19829,13.11,0.17,516,1272,Gefion,19829,13.43,,,,,,,,,0.0972,2.791,2.52,9.49
108,19834,13.43,-0.37,516,1272,Gefion,19834,13.86,,,3.62905,,,,,,0.0983,2.77,2.498,10.01
109,19897,13.72,-0.78,516,1272,Gefion,19897,14.06,3.972,0.371,,,,,,,0.1386,2.748,2.367,8.23
110,19995,13.25,0.2,516,1272,Gefion,19995,13.57,5.797,0.252,,,,,,,0.1462,2.789,2.381,9.86
111,20087,13.38,0.0,516,1272,Gefion,20087,13.78,5.453,0.216,7.275,,,,,,0.0848,2.783,2.547,9.77
112,20200,13.77,-0.36,516,1272,Gefion,20200,14.28,4.103,0.182,,,,,,,0.1137,2.766,2.452,8.28
113,20385,13.57,-0.14,516,1272,Gefion,20385,14.0,6.115,0.143,4.03663,,,,,,0.1335,2.776,2.405,9.89
114,20684,13.56,-0.05,516,1272,Gefion,20684,13.88,4.652,0.27,,,,,,,0.1008,2.783,2.503,8.65
115,20687,13.78,-1.03,516,1272,Gefion,20687,14.21,3.771,0.285,,,,,,,0.0889,2.737,2.494,9.89
116,20689,13.57,-0.47,516,1272,Gefion,20689,13.92,4.236,0.326,,,,,,,0.1411,2.766,2.376,9.72
117,20817,13.92,-0.38,516,1272,Gefion,20817,14.35,,,80.4198,,,,,,0.1057,2.766,2.473,9.89
118,20847,13.21,-0.62,516,1272,Gefion,20847,13.56,,,7.87456,,,,,,0.1163,2.762,2.441,9.39
119,21246,13.18,-0.07,516,1272,Gefion,21246,13.53,6.629,0.211,,,,,,,0.1148,2.781,2.461,8.16
120,21956,13.88,-0.21,516,1272,Gefion,21956,14.28,4.233,0.188,,,,,,,0.1007,2.774,2.495,9.9
121,22013,13.3,0.04,516,1272,Gefion,22013,13.66,5.766,0.254,6.5,,,,,,0.1186,2.786,2.455,8.15
122,22089,13.43,0.51,516,1272,Gefion,22089,13.92,4.024,0.476,220.119,,,,,,0.0915,2.805,2.549,9.55
123,22259,13.71,-0.54,516,1272,Gefion,22259,14.04,3.718,0.243,,,,,,,0.112,2.76,2.451,10.05
124,23206,13.66,-1.33,516,1272,Gefion,23206,14.07,4.765,0.235,44.1128,,,,,,0.106,2.727,2.438,9.12
125,23287,14.01,0.43,516,1272,Gefion,23287,14.42,3.99,0.279,,,,,,,0.1022,2.806,2.519,8.32
126,23547,13.37,-0.61,516,1272,Gefion,23547,13.75,4.614,0.362,5.798,,,,,,0.1541,2.764,2.338,10.07
127,24173,14.34,0.07,516,1272,Gefion,24173,14.6,3.967,0.214,,,,,,,0.1291,2.79,2.43,8.27
128,24197,13.88,-0.56,516,1272,Gefion,24197,14.3,3.987,0.279,3.08295,,,,,,0.1019,2.757,2.476,8.14
129,24264,13.79,-0.35,516,1272,Gefion,24264,14.12,3.826,0.364,5.5354,,,,,,0.1241,2.769,2.425,9.13
130,24295,13.47,-0.45,516,1272,Gefion,24295,13.87,4.924,0.29,,,,,,,0.112,2.766,2.456,8.31
131,24433,12.72,-0.21,516,1272,Gefion,24433,13.04,6.664,0.335,,,,,,,0.1472,2.777,2.369,10.06
132,24623,13.82,-0.49,516,1272,Gefion,24623,14.13,4.532,0.182,,,,,,,0.1047,2.761,2.472,7.66
133,24784,13.28,0.36,516,1272,Gefion,24784,13.63,4.943,0.263,,,,,,,0.1411,2.798,2.403,9.65
134,24948,13.93,0.51,516,1272,Gefion,24948,14.3,4.173,0.279,,,,,,,0.0934,2.807,2.545,8.37
135,25025,14.29,-0.67,516,1272,Gefion,25025,14.64,3.104,0.366,,,,,,,0.1321,2.746,2.383,8.81
136,25083,13.68,-0.18,516,1272,Gefion,25083,14.13,4.984,0.136,92.1482,,,,,,0.1275,2.777,2.423,8.16
137,25253,13.61,-0.45,516,1272,Gefion,25253,13.9,4.968,0.26,3.789,,,,,,0.1488,2.765,2.353,10.11
138,25487,13.61,-0.06,516,1272,Gefion,25487,13.94,4.835,0.25,75.4646,,,,,,0.0999,2.782,2.504,7.99
139,25524,14.08,-0.65,516,1272,Gefion,25524,14.39,4.265,0.128,,,,,,,0.1378,2.751,2.372,10.02
140,25723,13.92,-0.4,516,1272,Gefion,25723,14.25,,,6.35052,,,,,,0.1498,2.766,2.352,8.56
141,25727,13.79,-0.38,516,1272,Gefion,25727,14.14,4.455,0.117,38.9373,,,,,,0.0943,2.766,2.505,9.44
142,25898,13.83,-0.6,516,1272,Gefion,25898,14.24,,,,,,,,,0.1051,2.755,2.466,8.05
143,25978,13.91,-0.25,516,1272,Gefion,25978,14.36,4.399,0.251,5.68185,,,,,,0.0882,2.771,2.527,8.7
144,26099,13.96,-0.5,516,1272,Gefion,26099,14.35,4.142,0.236,,,,,,,0.1441,2.76,2.362,8.62
145,26478,13.91,-0.25,516,1272,Gefion,26478,14.26,4.75,0.213,,,,,,,0.0859,2.771,2.533,8.48
146,26511,13.6,-0.31,516,1272,Gefion,26511,13.97,4.736,0.314,,,,,,,0.1537,2.77,2.345,10.41
147,26586,13.13,-0.24,516,1272,Gefion,26586,13.42,5.792,0.252,,,,,,,0.1019,2.776,2.493,10.38
148,26697,13.76,-0.87,516,1272,Gefion,26697,14.04,4.335,0.259,,,,,,,0.0883,2.744,2.502,10.16
149,26745,13.86,0.19,516,1272,Gefion,26745,14.18,4.399,0.251,,,,,,,0.1263,2.794,2.441,10.07
150,26799,12.94,0.14,516,1272,Gefion,26799,13.27,4.836,0.435,,,,,,,0.1106,2.786,2.478,10.08
151,27116,14.16,-0.15,516,1272,Gefion,27116,14.55,,,,,,,,,0.0989,2.774,2.5,8.0
152,27127,13.54,-0.18,516,1272,Gefion,27127,13.87,4.299,0.263,,,,,,,0.138,2.775,2.392,10.15
153,27140,13.36,0.46,516,1272,Gefion,27140,13.76,5.669,0.263,44.6292,,,,,,0.0868,2.799,2.556,9.04
154,27414,13.19,0.7,516,1272,Gefion,27414,13.61,5.002,0.536,,,,,,,0.1012,2.809,2.525,10.15
155,27564,13.97,-0.57,516,1272,Gefion,27564,14.37,3.395,0.351,2.932,,,,,,0.0972,2.754,2.487,8.52
156,27678,14.26,-0.65,516,1272,Gefion,27678,14.7,4.337,0.196,,,,,,,0.0979,2.746,2.477,7.93
157,27941,14.32,0.29,516,1272,Gefion,27941,14.76,2.961,0.266,,,,,,,0.0847,2.802,2.564,9.77
158,28049,13.87,-0.9,516,1272,Gefion,28049,14.36,3.436,0.313,,,,,,,0.153,2.741,2.322,8.25
159,28380,13.0,0.86,516,1272,Gefion,28380,13.33,6.17,0.244,,,,,,,0.1369,2.809,2.424,8.56
160,28422,13.95,-0.54,516,1272,Gefion,28422,14.27,3.852,0.249,4.733,,,,,,0.0945,2.757,2.497,9.61
161,28743,12.91,-0.34,516,1272,Gefion,28743,13.21,5.778,0.366,,,,,,,0.1394,2.773,2.386,10.56
162,29038,13.44,0.42,516,1272,Gefion,29038,13.8,4.997,0.339,146.21,,,,,,0.1501,2.799,2.379,9.01
163,29043,13.47,-0.47,516,1272,Gefion,29043,13.77,4.705,0.29,,,,,,,0.1479,2.765,2.356,8.6
164,29113,14.77,-0.77,516,1272,Gefion,29113,15.17,,,,,,,,,0.133,2.729,2.366,8.67
165,29691,13.36,-0.45,516,1272,Gefion,29691,13.7,5.013,0.307,,,,,,,0.1019,2.766,2.484,9.95
166,29737,14.06,-0.47,516,1272,Gefion,29737,14.45,3.491,0.303,,,,,,,0.0941,2.759,2.5,9.6
167,29937,13.32,0.06,516,1272,Gefion,29937,13.79,4.793,0.279,,,,,,,0.1027,2.787,2.5,10.37
168,29974,13.72,-0.64,516,1272,Gefion,29974,14.13,,,,,,,,,0.0895,2.756,2.509,10.43
169,30163,13.48,0.21,516,1272,Gefion,30163,13.92,4.145,0.373,,,,,,,0.1134,2.792,2.475,9.25
170,30367,13.53,0.0,516,1272,Gefion,30367,13.88,4.475,0.32,,,,,,,0.0973,2.783,2.512,10.22
171,30421,14.15,0.27,516,1272,Gefion,30421,14.46,4.087,0.221,,,,,,,0.1165,2.797,2.471,9.71
172,30474,13.97,-0.43,516,1272,Gefion,30474,14.34,3.889,0.293,,,,,,,0.1436,2.763,2.366,10.43
173,30631,15.37,-0.38,516,1272,Gefion,30631,15.82,,,,,,,,,0.1255,2.749,2.404,9.0
174,30655,13.46,-0.27,516,1272,Gefion,30655,13.87,5.473,0.235,,,,,,,0.1045,2.773,2.484,9.28
175,30691,14.56,0.22,516,1272,Gefion,30691,14.96,3.22,0.296,,,,,,,0.101,2.798,2.516,9.53
176,30731,14.53,-0.42,516,1272,Gefion,30731,15.0,4.585,0.133,8.499,,,,,,0.1277,2.759,2.407,7.91
177,31224,14.02,-0.57,516,1272,Gefion,31224,14.32,,,,,,,,,0.1005,2.754,2.478,10.33
178,31557,14.22,-0.13,516,1272,Gefion,31557,14.69,3.287,0.312,,,,,,,0.1453,2.779,2.376,8.88
179,31612,14.43,0.15,516,1272,Gefion,31612,14.91,3.716,0.185,,,,,,,0.0848,2.793,2.556,9.17
180,31744,14.27,-0.47,516,1272,Gefion,31744,14.69,3.969,0.178,,,,,,,0.0883,2.759,2.516,8.6
181,31797,13.66,-0.48,516,1272,Gefion,31797,14.08,,,102.863,,,,,,0.1003,2.766,2.488,9.08
182,32161,13.62,-0.75,516,1272,Gefion,32161,14.0,4.121,0.414,,,,,,,0.1217,2.754,2.418,8.11
183,32343,13.47,-0.28,516,1272,Gefion,32343,13.91,,,,,,,,,0.0955,2.773,2.508,8.48
184,32371,13.9,-0.36,516,1272,Gefion,32371,14.37,,,,,,,,,0.1276,2.771,2.417,8.52
185,32535,15.01,-0.75,516,1272,Gefion,32535,15.3,,,6.695,,,,,,0.1404,2.723,2.341,8.63
186,32567,12.97,0.14,516,1272,Gefion,32567,13.24,6.4,0.248,20.0,,,,,,0.1225,2.786,2.445,8.43
187,32684,14.49,-0.33,516,1272,Gefion,32684,14.74,,,,,,,,,0.1332,2.764,2.396,8.9
188,32778,14.23,0.47,516,1272,Gefion,32778,14.65,,,,,,,,,0.101,2.813,2.529,8.4
189,33173,14.12,-0.81,516,1272,Gefion,33173,14.5,,,,,,,,,0.1137,2.74,2.428,9.58
190,33519,13.29,-0.18,516,1272,Gefion,33519,13.73,4.736,0.377,,,,,,,0.0946,2.777,2.514,8.0
191,33727,13.67,-1.06,516,1272,Gefion,33727,14.18,,,15.0494,,,,,,0.0898,2.737,2.492,9.82
192,34258,14.1,-0.39,516,1272,Gefion,34258,14.47,,,,,,,,,0.0924,2.763,2.508,7.89
193,34342,14.27,-0.05,516,1272,Gefion,34342,14.75,,,,,,,,,0.1243,2.781,2.436,8.1
194,34379,14.12,-0.63,516,1272,Gefion,34379,14.66,,,,,,,,,0.1334,2.751,2.384,8.37
195,34501,13.15,-0.25,516,1272,Gefion,34501,13.6,,,3.00334,,,,,,0.12,2.775,2.442,9.95
196,34615,13.27,0.07,516,1272,Gefion,34615,13.74,5.931,0.24,12.3524,,,,,,0.1247,2.785,2.438,10.59
197,34963,14.44,-0.25,516,1272,Gefion,34963,14.94,,,,,,,,,0.0991,2.769,2.494,9.15
198,34988,14.39,-0.49,516,1272,Gefion,34988,14.78,,,,,,,,,0.0992,2.753,2.48,9.72
199,35516,14.36,0.3,516,1272,Gefion,35516,14.63,,,,,,,,,0.0857,2.804,2.564,8.71
200,35619,13.17,-0.27,516,1272,Gefion,35619,13.55,6.092,0.274,,,,,,,0.1523,2.773,2.351,9.44
201,35643,13.36,0.28,516,1272,Gefion,35643,13.67,5.058,0.397,,,,,,,0.1349,2.794,2.417,9.05
202,35652,13.29,-0.26,516,1272,Gefion,35652,13.72,5.219,0.31,30.58,,,,,,0.0974,2.774,2.504,9.99
203,35985,13.85,0.3,516,1272,Gefion,35985,14.29,,,,,,,,,0.1238,2.798,2.452,9.94
204,35999,14.37,-0.34,516,1272,Gefion,35999,14.86,3.508,0.227,,,,,,,0.1335,2.762,2.393,10.07
205,36001,14.39,-0.36,516,1272,Gefion,36001,14.85,3.767,0.216,165.164,,,,,,0.1356,2.76,2.386,10.4
206,36015,14.27,0.21,516,1272,Gefion,36015,14.77,3.046,0.331,,,,,,,0.1525,2.794,2.368,8.75
207,36048,14.09,0.11,516,1272,Gefion,36048,14.62,,,,,,,,,0.0876,2.79,2.545,7.95
208,36115,13.72,-0.5,516,1272,Gefion,36115,14.12,4.385,0.277,,,,,,,0.1239,2.76,2.418,8.17
209,36124,13.86,-0.35,516,1272,Gefion,36124,14.34,4.418,0.207,,,,,,,0.0843,2.766,2.533,7.84
210,36668,14.42,-0.46,516,1272,Gefion,36668,14.8,,,,,,,,,0.1413,2.755,2.366,9.77
211,36709,14.14,-0.82,516,1272,Gefion,36709,14.59,,,,,,,,,0.1253,2.74,2.396,8.69
212,36989,14.41,-0.93,516,1272,Gefion,36989,14.89,,,7.18225,,,,,,0.1482,2.728,2.323,10.36
213,37032,14.38,-0.89,516,1272,Gefion,37032,14.81,7.473,0.046,,,,,,,0.1425,2.731,2.342,9.56
214,37089,14.13,-0.77,516,1272,Gefion,37089,14.49,3.674,0.3,,,,,,,0.1461,2.741,2.34,7.68
215,37132,13.52,-0.31,516,1272,Gefion,37132,13.96,5.107,0.141,,,,,,,0.0947,2.771,2.509,10.04
216,37169,14.11,-0.69,516,1272,Gefion,37169,14.54,,,,,,,,,0.1266,2.745,2.397,10.44
217,37396,14.75,-0.87,516,1272,Gefion,37396,15.15,5.659,0.055,,,,,,,0.1551,2.721,2.299,8.29
218,37508,14.29,-0.14,516,1272,Gefion,37508,14.68,3.419,0.263,,,,,,,0.1126,2.775,2.463,9.45
219,37611,14.24,-0.7,516,1272,Gefion,37611,14.62,6.294,0.112,,,,,,,0.1233,2.745,2.406,8.02
220,37745,14.55,-0.76,516,1272,Gefion,37745,14.91,3.292,0.215,,,,,,,0.0881,2.734,2.493,8.22
221,37759,13.77,-0.72,516,1272,Gefion,37759,14.2,3.616,0.408,,,,,,,0.0946,2.751,2.491,8.56
222,37957,14.24,-0.63,516,1272,Gefion,37957,14.59,,,3.431,,,,,,0.1264,2.747,2.4,8.29
223,37973,13.9,0.28,516,1272,Gefion,37973,14.43,4.756,0.163,24.6338,,,,,,0.1526,2.795,2.369,10.16
224,37975,14.39,-1.0,516,1272,Gefion,37975,14.7,,,,,,,,,0.1311,2.724,2.367,10.29
225,37984,14.46,0.1,516,1272,Gefion,37984,14.98,3.635,0.212,549.934,,,,,,0.1491,2.788,2.372,9.38
226,38465,13.55,0.04,516,1272,Gefion,38465,13.92,5.108,0.246,13.4,,,,,,0.0859,2.785,2.546,8.79
227,38765,14.28,-0.77,516,1272,Gefion,38765,14.77,,,,,,,,,0.1343,2.74,2.372,9.4
228,38931,13.88,-0.97,516,1272,Gefion,38931,14.3,,,,,,,,,0.145,2.736,2.34,10.0
229,39098,15.03,-0.84,516,1272,Gefion,39098,15.36,2.301,0.277,,,,,,,0.1457,2.716,2.32,9.27
230,39173,14.21,-0.8,516,1272,Gefion,39173,14.65,3.502,0.274,,,,,,,0.1393,2.74,2.358,9.44
231,39447,14.64,-0.64,516,1272,Gefion,39447,15.1,3.184,0.332,134.006,,,,,,0.1393,2.739,2.357,8.93
232,39630,13.83,-1.16,516,1272,Gefion,39630,14.21,,,,,,,,,0.1394,2.73,2.349,8.18
233,40092,14.33,-0.49,516,1272,Gefion,40092,14.84,3.196,0.274,,,,,,,0.0997,2.754,2.48,7.84
234,40459,14.38,-0.31,516,1272,Gefion,40459,14.84,3.559,0.168,38.034,,,,,,0.1131,2.766,2.453,8.32
235,40532,14.72,-0.75,516,1272,Gefion,40532,15.07,5.762,0.07,17.948,,,,,,0.1068,2.732,2.44,8.48
236,40603,14.36,0.08,516,1272,Gefion,40603,14.61,3.985,0.193,,,,,,,0.1148,2.789,2.468,8.38
237,40621,14.18,0.25,516,1272,Gefion,40621,14.58,3.035,0.365,,,,,,,0.1369,2.797,2.414,8.1
238,40704,14.6,-0.4,516,1272,Gefion,40704,14.88,,,,,,,,,0.1273,2.756,2.405,10.52
239,40710,14.07,-0.54,516,1272,Gefion,40710,14.58,3.73,0.291,5.079,,,,,,0.1463,2.756,2.353,9.97
240,40934,13.64,-0.15,516,1272,Gefion,40934,14.02,4.948,0.239,,,,,,,0.1305,2.776,2.414,8.14
241,41108,14.84,-0.31,516,1272,Gefion,41108,15.13,,,,,,,,,0.1428,2.76,2.366,8.99
242,41220,14.44,0.15,516,1272,Gefion,41220,14.79,,,,,,,,,0.1522,2.792,2.367,8.75
243,41314,13.05,-0.38,516,1272,Gefion,41314,13.44,5.414,0.347,,,,,,,0.1457,2.771,2.367,9.25
244,41782,14.33,-0.62,516,1272,Gefion,41782,14.82,3.182,0.332,,,,,,,0.1036,2.748,2.463,9.59
245,41968,14.25,-0.74,516,1272,Gefion,41968,14.7,3.754,0.218,,,,,,,0.1057,2.743,2.453,9.34
246,42000,14.8,-0.9,516,1272,Gefion,42000,15.1,,,,,,,,,0.1165,2.718,2.402,10.02
247,42075,13.96,-0.37,516,1272,Gefion,42075,14.44,3.932,0.239,6.76,,,,,,0.1501,2.766,2.351,10.09
248,42093,14.55,-0.8,516,1272,Gefion,42093,14.98,,,,,,,,,0.1049,2.732,2.446,10.08
249,42262,13.93,-0.34,516,1272,Gefion,42262,14.27,4.226,0.248,6.269,,,,,,0.1182,2.765,2.439,10.05
250,42352,14.43,-0.35,516,1272,Gefion,42352,14.69,,,68.9069,,,,,,0.1427,2.761,2.367,10.47
251,42676,14.74,-0.3,516,1272,Gefion,42676,15.14,,,,,,,,,0.1115,2.761,2.453,10.3
252,42803,12.95,-0.48,516,1272,Gefion,42803,13.33,,,,,,,,,0.1403,2.768,2.38,10.29
253,42922,12.92,0.72,516,1272,Gefion,42922,13.35,6.436,0.355,7.3392,,,,,,0.1431,2.805,2.404,10.31
254,43248,13.9,0.0,516,1272,Gefion,43248,14.23,4.396,0.252,73.152,,,,,,0.1494,2.784,2.368,10.36
255,43298,14.39,0.46,516,1272,Gefion,43298,14.69,,,,,,,,,0.1414,2.81,2.413,8.4
256,43471,14.59,-0.34,516,1272,Gefion,43471,15.02,3.151,0.235,5.85,,,,,,0.0965,2.761,2.495,7.95
257,43668,14.08,-0.18,516,1272,Gefion,43668,14.45,,,,,,,,,0.131,2.773,2.41,9.41
258,43734,14.85,-0.28,516,1272,Gefion,43734,15.24,2.917,0.228,,,,,,,0.1159,2.764,2.443,7.96
259,43849,14.43,-0.03,516,1272,Gefion,43849,14.85,,,,,,,,,0.1539,2.784,2.355,8.94
260,43920,13.17,-0.75,516,1272,Gefion,43920,13.51,,,,,,,,,0.103,2.758,2.474,10.27
261,44222,13.77,-0.26,516,1272,Gefion,44222,14.16,4.667,0.223,,,,,,,0.1031,2.771,2.485,7.94
262,44241,14.08,-0.29,516,1272,Gefion,44241,14.36,4.989,0.163,,,,,,,0.1072,2.768,2.471,9.07
263,44263,14.05,-0.69,516,1272,Gefion,44263,14.42,4.028,0.329,3.54484,,,,,,0.141,2.749,2.362,8.35
264,44308,14.18,-0.35,516,1272,Gefion,44308,14.48,3.801,0.244,,,,,,,0.1239,2.765,2.423,10.1
265,44368,14.34,-0.71,516,1272,Gefion,44368,14.7,,,,,,,,,0.152,2.743,2.326,8.56
266,44398,14.66,-0.5,516,1272,Gefion,44398,15.06,,,,,,,,,0.1261,2.749,2.403,8.95
267,44461,13.82,-0.52,516,1272,Gefion,44461,14.26,4.174,0.279,3.59104,,,,,,0.1308,2.76,2.399,8.67
268,44467,14.29,0.15,516,1272,Gefion,44467,14.67,,,,,,,,,0.148,2.794,2.38,8.78
269,45016,13.96,-0.69,516,1272,Gefion,45016,14.31,3.717,0.321,2.87,,,,,,0.0904,2.75,2.501,10.17
270,45123,13.29,-0.1,516,1272,Gefion,45123,13.67,5.137,0.32,5.33,,,,,,0.1207,2.781,2.445,8.2
271,45139,13.3,-0.71,516,1272,Gefion,45139,13.63,4.857,0.358,,,,,,,0.1284,2.758,2.404,10.19
272,45204,14.08,0.05,516,1272,Gefion,45204,14.53,3.911,0.29,,,,,,,0.1167,2.788,2.463,8.3
273,45211,14.44,-0.02,516,1272,Gefion,45211,14.82,2.951,0.256,,,,,,,0.104,2.783,2.494,9.35
274,45239,14.22,-0.34,516,1272,Gefion,45239,14.58,3.804,0.307,,,,,,,0.1394,2.766,2.381,10.09
275,45275,14.24,-0.03,516,1272,Gefion,45275,14.66,3.008,0.372,,,,,,,0.1006,2.782,2.502,7.88
276,45336,14.65,0.14,516,1272,Gefion,45336,14.93,2.966,0.349,,,,,,,0.1016,2.794,2.51,8.08
277,45340,13.95,-0.34,516,1272,Gefion,45340,14.32,4.067,0.268,4.421,,,,,,0.1396,2.767,2.381,10.45
278,45441,14.18,-0.35,516,1272,Gefion,45441,14.52,3.661,0.251,,,,,,,0.1171,2.765,2.442,8.7
279,45615,15.16,-0.15,516,1272,Gefion,45615,15.53,,,,,,,,,0.1556,2.772,2.341,9.25
280,45729,13.4,0.46,516,1272,Gefion,45729,13.74,4.832,0.275,,,,,,,0.1506,2.803,2.381,9.2
281,45744,14.0,-0.51,516,1272,Gefion,45744,14.28,3.878,0.389,,,,,,,0.1409,2.758,2.369,10.18
282,45765,13.38,0.29,516,1272,Gefion,45765,13.81,4.106,0.457,,,,,,,0.1531,2.795,2.367,8.7
283,45786,14.5,-0.37,516,1272,Gefion,45786,14.94,,,4.36,,,,,,0.1076,2.764,2.467,9.25
284,45921,13.6,-0.26,516,1272,Gefion,45921,13.88,,,3.307,,,,,,0.1344,2.773,2.401,10.15
285,46135,14.04,-0.51,516,1272,Gefion,46135,14.41,4.392,0.21,54.5776,,,,,,0.1481,2.758,2.349,8.11
286,46140,13.88,-0.57,516,1272,Gefion,46140,14.28,4.419,0.249,6.00498,,,,,,0.0918,2.756,2.503,8.4
287,46166,14.53,-0.43,516,1272,Gefion,46166,14.9,,,30.4017,,,,,,0.1071,2.756,2.461,8.14
288,46203,14.79,-0.36,516,1272,Gefion,46203,15.17,,,,,,,,,0.152,2.757,2.338,9.04
289,46259,14.12,-0.4,516,1272,Gefion,46259,14.43,3.405,0.349,,,,,,,0.1466,2.762,2.357,10.44
290,47054,14.13,-0.27,516,1272,Gefion,47054,14.47,3.495,0.331,,,,,,,0.1279,2.77,2.415,10.19
291,47058,14.28,-0.25,516,1272,Gefion,47058,14.58,,,,,,,,,0.1521,2.77,2.349,8.34
292,47323,14.35,-1.03,516,1272,Gefion,47323,14.75,2.804,0.356,,,,,,,0.1041,2.721,2.438,9.81
293,47485,13.66,-0.49,516,1272,Gefion,47485,13.96,4.478,0.266,2.892,,,,,,0.1049,2.762,2.473,10.23
294,47510,13.81,0.11,516,1272,Gefion,47510,14.16,4.204,0.275,,,,,,,0.1105,2.789,2.481,10.04
295,47514,13.67,-0.44,516,1272,Gefion,47514,14.14,4.574,0.233,,,,,,,0.1451,2.764,2.363,10.26
296,47531,13.43,-0.33,516,1272,Gefion,47531,13.74,4.959,0.313,,,,,,,0.0978,2.77,2.499,10.04
297,47533,13.61,-0.68,516,1272,Gefion,47533,13.99,,,,,,,,,0.1023,2.754,2.472,8.93
298,47563,14.1,0.35,516,1272,Gefion,47563,14.5,3.179,0.4,14.8307,,,,,,0.0848,2.802,2.564,9.27
299,47657,13.64,0.26,516,1272,Gefion,47657,13.99,4.402,0.455,,,,,,,0.0996,2.795,2.517,8.15
300,47776,13.77,-0.57,516,1272,Gefion,47776,14.15,,,,,,,,,0.1459,2.757,2.355,8.86
301,47816,13.7,0.61,516,1272,Gefion,47816,14.16,4.034,0.299,,,,,,,0.1513,2.813,2.387,9.72
302,47884,14.41,-0.46,516,1272,Gefion,47884,14.77,,,,,,,,,0.1489,2.756,2.345,9.39
303,47921,13.78,-0.2,516,1272,Gefion,47921,14.1,,,,,,,,,0.1386,2.774,2.389,8.88
304,47929,13.7,0.34,516,1272,Gefion,47929,14.13,,,,,,,,,0.1022,2.798,2.512,8.01
305,48308,14.27,0.52,516,1272,Gefion,48308,14.72,3.781,0.258,,,,,,,0.1514,2.815,2.389,7.85
306,48543,13.54,-0.69,516,1272,Gefion,48543,13.86,5.075,0.189,6.56127,,,,,,0.153,2.755,2.333,9.38
307,48552,14.62,-0.07,516,1272,Gefion,48552,15.07,,,,,,,,,0.1169,2.778,2.453,9.79
308,48796,14.77,0.09,516,1272,Gefion,48796,15.15,,,,,,,,,0.1445,2.791,2.387,9.13
309,48798,13.7,-0.42,516,1272,Gefion,48798,14.14,4.201,0.315,4.53721,,,,,,0.1331,2.765,2.397,8.36
310,49117,13.57,-0.08,516,1272,Gefion,49117,13.88,4.67,0.322,,,,,,,0.1345,2.781,2.407,9.29
311,49449,14.49,0.0,516,1272,Gefion,49449,14.93,,,,,,,,,0.1186,2.782,2.452,10.39
312,49494,14.14,-0.25,516,1272,Gefion,49494,14.56,,,,,,,,,0.1312,2.768,2.405,10.26
313,49506,14.62,0.43,516,1272,Gefion,49506,15.01,,,,,,,,,0.0949,2.811,2.544,9.74
314,49551,14.3,-0.55,516,1272,Gefion,49551,14.73,,,,,,,,,0.1038,2.75,2.465,9.94
315,49562,14.01,0.36,516,1272,Gefion,49562,14.42,,,,,,,,,0.1517,2.802,2.377,9.69
316,49902,14.41,-0.44,516,1272,Gefion,49902,14.87,3.019,0.307,,,,,,,0.084,2.756,2.525,10.08
317,50129,14.24,-0.59,516,1272,Gefion,50129,14.54,3.089,0.353,3.002,,,,,,0.0923,2.75,2.496,10.06
318,50266,13.8,-0.7,516,1272,Gefion,50266,14.28,3.798,0.37,,,,,,,0.1186,2.75,2.424,10.22
319,50339,14.38,-0.49,516,1272,Gefion,50339,14.84,6.413,0.075,,,,,,,0.1185,2.753,2.427,9.34
320,50350,13.75,-0.88,516,1272,Gefion,50350,14.11,,,5.75,,,,,,0.1297,2.743,2.387,8.32
321,50390,14.29,0.34,516,1272,Gefion,50390,14.61,3.4,0.266,,,,,,,0.0873,2.802,2.557,9.95
322,50444,14.41,-0.91,516,1272,Gefion,50444,14.86,3.144,0.258,,,,,,,0.1199,2.728,2.401,8.22
323,50534,13.79,-0.29,516,1272,Gefion,50534,14.08,4.631,0.249,,,,,,,0.1428,2.77,2.374,9.72
324,50649,13.55,-1.23,516,1272,Gefion,50649,13.99,,,,,,,,,0.149,2.733,2.326,8.71
325,50659,14.02,0.55,516,1272,Gefion,50659,14.42,3.912,0.318,4.41465,,,,,,0.0896,2.813,2.561,7.75
326,50678,14.26,-0.57,516,1272,Gefion,50678,14.59,3.076,0.324,,,,,,,0.0915,2.753,2.501,10.21
327,50793,14.13,-0.51,516,1272,Gefion,50793,14.59,,,,,,,,,0.1057,2.755,2.464,10.04
328,51246,14.57,-0.18,516,1272,Gefion,51246,15.04,,,,,,,,,0.1524,2.771,2.349,9.53
329,51268,14.28,-0.28,516,1272,Gefion,51268,14.65,,,,,,,,,0.0939,2.766,2.507,9.77
330,51828,13.62,-0.24,516,1272,Gefion,51828,13.99,5.549,0.19,3.61,,,,,,0.132,2.772,2.406,9.46
331,51931,14.26,-0.21,516,1272,Gefion,51931,14.77,3.628,0.256,,,,,,,0.0976,2.771,2.5,8.04
332,51995,14.12,0.13,516,1272,Gefion,51995,14.73,,,8.938,,,,,,0.1118,2.789,2.477,8.39
333,52258,14.88,-0.53,516,1272,Gefion,52258,15.37,,,,,,,,,0.129,2.744,2.39,8.27
334,52639,13.63,-0.36,516,1272,Gefion,52639,14.06,4.229,0.327,,,,,,,0.0961,2.768,2.502,9.98
335,52957,13.78,-1.01,516,1272,Gefion,52957,14.1,4.172,0.255,,,,,,,0.1438,2.738,2.344,10.14
336,53149,14.58,-0.86,516,1272,Gefion,53149,14.98,,,,,,,,,0.108,2.729,2.434,8.12
337,53189,14.11,-0.24,516,1272,Gefion,53189,14.54,3.842,0.274,,,,,,,0.1188,2.771,2.442,10.42
338,53294,13.61,-0.31,516,1272,Gefion,53294,14.02,4.58,0.306,7.4,,,,,,0.0949,2.772,2.509,9.32
339,53749,14.2,-0.5,516,1272,Gefion,53749,14.65,3.238,0.293,,,,,,,0.122,2.755,2.419,9.11
340,53803,14.39,-0.24,516,1272,Gefion,53803,14.77,3.119,0.262,,,,,,,0.0876,2.769,2.527,9.91
341,53853,14.92,-0.93,516,1272,Gefion,53853,15.23,,,,,,,,,0.0986,2.711,2.444,9.87
342,53996,14.69,-0.18,516,1272,Gefion,53996,15.24,2.848,0.262,,,,,,,0.1015,2.771,2.49,10.19
343,54308,14.35,-0.42,516,1272,Gefion,54308,14.7,,,,,,,,,0.1287,2.757,2.402,10.38
344,54405,14.14,-0.58,516,1272,Gefion,54405,14.52,3.154,0.213,,,,,,,0.1305,2.755,2.396,9.56
345,54449,14.19,0.24,516,1272,Gefion,54449,14.61,,,,,,,,,0.0891,2.796,2.547,9.69
346,54450,14.64,-0.62,516,1272,Gefion,54450,15.02,,,,,,,,,0.1067,2.745,2.452,8.54
347,54490,13.88,-0.02,516,1272,Gefion,54490,14.31,3.974,0.308,,,,,,,0.1146,2.784,2.465,8.86
348,54519,14.61,-0.1,516,1272,Gefion,54519,15.03,,,,,,,,,0.1327,2.782,2.413,10.52
349,54611,14.37,-0.61,516,1272,Gefion,54611,14.81,3.531,0.225,,,,,,,0.1074,2.751,2.455,9.64
350,54839,13.5,0.06,516,1272,Gefion,54839,13.83,5.082,0.188,,,,,,,0.1523,2.785,2.361,8.23
351,54987,15.01,-0.21,516,1272,Gefion,54987,15.37,,,,,,,,,0.1536,2.766,2.341,9.2
352,55499,13.67,-0.18,516,1272,Gefion,55499,14.14,4.612,0.251,,,,,,,0.153,2.78,2.355,9.91
353,55536,14.7,-0.49,516,1272,Gefion,55536,15.08,,,,,,,,,0.0895,2.75,2.504,8.75
354,56095,14.07,-0.27,516,1272,Gefion,56095,14.39,4.206,0.251,,,,,,,0.0961,2.769,2.503,9.66
355,56834,14.04,-0.54,516,1272,Gefion,56834,14.44,,,6.916,,,,,,0.0923,2.757,2.503,8.1
356,56940,13.9,-0.13,516,1272,Gefion,56940,14.25,,,,,,,,,0.1056,2.78,2.486,9.12
357,56972,14.62,0.09,516,1272,Gefion,56972,15.04,,,4.77128,,,,,,0.1111,2.794,2.483,8.91
358,57630,14.12,-0.28,516,1272,Gefion,57630,14.58,3.323,0.305,,,,,,,0.1553,2.769,2.339,10.27
359,57879,14.84,-0.44,516,1272,Gefion,57879,15.18,,,,,,,,,0.1513,2.755,2.338,9.46
360,57908,13.93,-0.22,516,1272,Gefion,57908,14.3,4.13,0.26,,,,,,,0.1339,2.773,2.402,8.74
361,58221,14.15,-0.21,516,1272,Gefion,58221,14.5,,,,,,,,,0.1119,2.773,2.462,9.89
362,58785,13.84,-0.46,516,1272,Gefion,58785,14.23,,,75.7327,,,,,,0.1417,2.761,2.37,9.7
363,58816,14.55,-0.56,516,1272,Gefion,58816,14.96,,,,,,,,,0.1122,2.746,2.438,9.61
364,58836,14.68,0.03,516,1272,Gefion,58836,15.14,,,,,,,,,0.1095,2.786,2.481,9.11
365,59182,14.76,-0.53,516,1272,Gefion,59182,15.18,,,,,,,,,0.1294,2.744,2.388,9.87
366,59404,13.83,-0.25,516,1272,Gefion,59404,14.21,4.834,0.158,,,,,,,0.0971,2.772,2.503,9.77
367,59594,14.48,-0.35,516,1272,Gefion,59594,14.88,,,25.1032,,,,,,0.1464,2.761,2.357,10.45
368,59645,14.79,-0.32,516,1272,Gefion,59645,15.14,,,,,,,,,0.0906,2.764,2.513,9.14
369,59700,14.2,-0.78,516,1272,Gefion,59700,14.59,,,,,,,,,0.1085,2.739,2.442,8.45
370,59717,15.29,-0.18,516,1272,Gefion,59717,15.66,,,,,,,,,0.1078,2.771,2.472,9.09
371,59740,14.38,-0.63,516,1272,Gefion,59740,14.78,,,,,,,,,0.1187,2.745,2.419,8.43
372,59872,14.87,-0.62,516,1272,Gefion,59872,15.14,,,,,,,,,0.1525,2.736,2.318,9.4
373,60644,14.62,-0.68,516,1272,Gefion,60644,15.05,,,,,,,,,0.1199,2.737,2.409,9.93
374,60655,14.4,-0.2,516,1272,Gefion,60655,14.73,3.329,0.253,,,,,,,0.1139,2.77,2.455,10.0
375,60768,14.34,-0.76,516,1272,Gefion,60768,14.83,,,,,,,,,0.1056,2.738,2.449,8.82
376,60833,14.78,-0.35,516,1272,Gefion,60833,15.08,2.841,0.24,,,,,,,0.0913,2.757,2.506,8.28
377,61154,13.98,-0.24,516,1272,Gefion,61154,14.5,,,,,,,,,0.1527,2.771,2.348,8.05
378,61290,13.67,0.44,516,1272,Gefion,61290,14.07,4.579,0.254,,,,,,,0.1387,2.803,2.415,8.25
379,61369,14.01,-0.32,516,1272,Gefion,61369,14.46,,,3.78913,,,,,,0.1537,2.766,2.341,8.79
380,61725,13.93,-0.59,516,1272,Gefion,61725,14.31,,,,,,,,,0.0957,2.755,2.491,9.85
381,61748,14.26,0.03,516,1272,Gefion,61748,14.71,3.33,0.304,,,,,,,0.0985,2.787,2.513,7.8
382,61927,14.33,-0.42,516,1272,Gefion,61927,14.7,,,,,,,,,0.1154,2.759,2.441,8.61
383,61974,14.57,-0.48,516,1272,Gefion,61974,14.98,,,,,,,,,0.1008,2.753,2.475,8.57
384,61992,14.43,-0.69,516,1272,Gefion,61992,14.82,,,,,,,,,0.1445,2.74,2.344,8.75
385,62320,14.95,-0.67,516,1272,Gefion,62320,15.38,2.759,0.122,33.2706,,,,,,0.1247,2.73,2.39,9.58
386,62484,14.19,-0.06,516,1272,Gefion,62484,14.59,,,,,,,,,0.1524,2.78,2.356,10.49
387,62722,14.57,-0.57,516,1272,Gefion,62722,15.05,,,,,,,,,0.1238,2.745,2.405,10.02
388,63082,14.11,-0.21,516,1272,Gefion,63082,14.63,,,,,,,,,0.123,2.772,2.431,8.23
389,63421,14.8,-0.95,516,1272,Gefion,63421,15.14,2.398,0.233,,,,,,,0.1295,2.716,2.364,8.21
390,63526,14.6,-0.92,516,1272,Gefion,63526,14.84,,,,,,,,,0.0939,2.724,2.468,7.99
391,64155,14.53,-0.48,516,1272,Gefion,64155,15.0,,,,,,,,,0.1499,2.752,2.339,8.35
392,64219,14.07,-0.33,516,1272,Gefion,64219,14.35,,,,,,,,,0.1456,2.766,2.363,10.3
393,64976,15.11,-0.12,516,1272,Gefion,64976,15.52,,,,,,,,,0.1079,2.774,2.475,9.21
394,65069,14.78,-0.46,516,1272,Gefion,65069,15.19,,,,,,,,,0.1374,2.749,2.372,10.51
395,65294,14.28,-0.52,516,1272,Gefion,65294,14.77,3.354,0.249,,,,,,,0.1083,2.755,2.457,8.84
396,65310,14.71,0.24,516,1272,Gefion,65310,15.15,,,,,,,,,0.1176,2.799,2.47,9.49
397,65627,14.55,-0.24,516,1272,Gefion,65627,14.9,,,,,,,,,0.0949,2.769,2.506,9.98
398,65758,15.05,-0.21,516,1272,Gefion,65758,15.4,,,,,,,,,0.1193,2.765,2.435,9.61
399,66015,14.18,0.35,516,1272,Gefion,66015,14.65,,,10.532,,,,,,0.1519,2.802,2.376,8.69
400,66034,14.11,-0.83,516,1272,Gefion,66034,14.47,4.031,0.36,,,,,,,0.1351,2.741,2.371,8.56
401,66160,13.8,-0.79,516,1272,Gefion,66160,14.25,3.833,0.275,,,,,,,0.101,2.747,2.469,9.8
402,66622,14.85,-0.62,516,1272,Gefion,66622,15.27,,,,,,,,,0.0947,2.737,2.478,8.28
403,66629,14.02,-0.78,516,1272,Gefion,66629,14.38,4.09,0.265,,,,,,,0.1467,2.746,2.343,8.35
404,66713,14.5,-0.66,516,1272,Gefion,66713,14.97,,,,,,,,,0.154,2.743,2.321,9.86
405,66763,14.54,-0.82,516,1272,Gefion,66763,14.9,3.491,0.209,,,,,,,0.0999,2.731,2.458,8.62
406,66779,14.1,-0.4,516,1272,Gefion,66779,14.54,,,,,,,,,0.1366,2.762,2.385,10.26
407,66793,14.7,0.04,516,1272,Gefion,66793,15.07,2.639,0.305,,,,,,,0.1126,2.788,2.474,9.63
408,66801,14.35,-0.28,516,1272,Gefion,66801,14.73,,,,,,,,,0.1287,2.766,2.41,8.21
409,66816,14.82,-0.51,516,1272,Gefion,66816,15.17,2.886,0.232,,,,,,,0.1316,2.748,2.386,8.55
410,66833,13.72,-0.22,516,1272,Gefion,66833,14.11,,,4.272,,,,,,0.0931,2.773,2.515,7.93
411,67003,13.86,0.13,516,1272,Gefion,67003,14.26,5.418,0.166,,,,,,,0.154,2.789,2.359,7.75
412,67006,14.58,-0.62,516,1272,Gefion,67006,14.91,3.397,0.243,,,,,,,0.1506,2.744,2.331,10.17
413,67225,14.1,-0.34,516,1272,Gefion,67225,14.63,,,16.6288,,,,,,0.112,2.765,2.456,9.06
414,67349,13.91,-0.68,516,1272,Gefion,67349,14.32,3.844,0.3,,,,,,,0.1395,2.754,2.37,10.06
415,67636,14.08,-0.12,516,1272,Gefion,67636,14.48,,,,,,,,,0.116,2.777,2.455,10.1
416,68204,14.78,-0.35,516,1272,Gefion,68204,15.21,,,3.72,,,,,,0.0877,2.758,2.516,9.49
417,68209,14.29,0.35,516,1272,Gefion,68209,14.64,4.356,0.177,,,,,,,0.1342,2.802,2.426,8.33
418,68232,13.93,-0.06,516,1272,Gefion,68232,14.4,,,,,,,,,0.1328,2.78,2.411,8.49
419,68332,14.52,-0.61,516,1272,Gefion,68332,14.89,2.831,0.204,,,,,,,0.0963,2.744,2.48,10.19
420,68495,14.43,-0.42,516,1272,Gefion,68495,14.73,,,6.459,,,,,,0.098,2.757,2.487,7.84
421,68582,14.59,-0.48,516,1272,Gefion,68582,14.98,,,,,,,,,0.1097,2.749,2.447,9.93
422,68852,14.62,-0.08,516,1272,Gefion,68852,15.16,,,,,,,,,0.1341,2.777,2.405,10.36
423,69219,15.08,-0.32,516,1272,Gefion,69219,15.36,,,,,,,,,0.1147,2.756,2.44,8.58
424,69376,14.16,-0.24,516,1272,Gefion,69376,14.52,3.541,0.268,,,,,,,0.129,2.772,2.415,9.79
425,69757,14.01,0.28,516,1272,Gefion,69757,14.27,3.584,0.239,,,,,,,0.0879,2.799,2.553,7.73
426,69804,14.59,-0.08,516,1272,Gefion,69804,15.03,,,,,,,,,0.1452,2.778,2.375,9.53
427,69816,13.88,-0.06,516,1272,Gefion,69816,14.28,3.558,0.292,,,,,,,0.104,2.78,2.491,9.15
428,69824,14.29,-0.25,516,1272,Gefion,69824,14.68,4.088,0.201,,,,,,,0.1453,2.771,2.368,9.4
429,69829,14.16,-0.21,516,1272,Gefion,69829,14.53,4.636,0.157,,,,,,,0.1444,2.774,2.373,8.83
430,69928,14.14,-0.34,516,1272,Gefion,69928,14.49,3.812,0.133,,,,,,,0.1227,2.766,2.426,9.38
431,69937,14.13,-1.11,516,1272,Gefion,69937,14.53,3.289,0.236,,,,,,,0.1525,2.724,2.308,10.05
432,69963,13.78,-0.53,516,1272,Gefion,69963,14.12,,,,,,,,,0.1325,2.759,2.393,10.1
433,70481,14.76,-0.71,516,1272,Gefion,70481,15.1,2.605,0.26,,,,,,,0.0883,2.732,2.491,9.13
434,70751,13.59,-0.67,516,1272,Gefion,70751,13.79,,,,,,,,,0.1344,2.757,2.387,10.4
435,70870,14.68,-0.58,516,1272,Gefion,70870,15.08,,,,,,,,,0.1266,2.744,2.396,9.58
436,70932,14.64,-0.07,516,1272,Gefion,70932,14.91,3.462,0.134,,,,,,,0.0976,2.78,2.509,8.82
437,71059,14.08,-0.22,516,1272,Gefion,71059,14.44,3.09,0.465,,,,,,,0.1052,2.773,2.481,9.99
438,71146,14.3,-0.36,516,1272,Gefion,71146,14.67,3.217,0.297,,,,,,,0.0917,2.763,2.51,9.31
439,71151,14.68,-0.09,516,1272,Gefion,71151,15.07,2.74,0.31,,,,,,,0.1029,2.778,2.492,8.7
440,71190,14.05,0.61,516,1272,Gefion,71190,14.5,3.164,0.307,,,,,,,0.1234,2.815,2.468,8.76
441,71231,15.21,-0.28,516,1272,Gefion,71231,15.62,,,,,,,,,0.1455,2.761,2.359,8.05
442,71239,13.54,0.3,516,1272,Gefion,71239,13.93,4.492,0.264,,,,,,,0.1169,2.795,2.469,10.2
443,71270,14.4,-0.17,516,1272,Gefion,71270,14.94,,,,,,,,,0.1326,2.775,2.407,8.32
444,71281,14.59,-0.48,516,1272,Gefion,71281,14.84,2.763,0.211,,,,,,,0.0983,2.752,2.481,10.56
445,71358,14.53,-0.7,516,1272,Gefion,71358,15.06,3.47,0.193,,,,,,,0.1096,2.738,2.438,8.08
446,71405,14.47,-0.84,516,1272,Gefion,71405,14.9,3.318,0.193,,,,,,,0.1242,2.731,2.392,8.74
447,71422,14.77,-0.62,516,1272,Gefion,71422,15.15,,,,,,,,,0.1523,2.74,2.323,8.41
448,72244,14.08,-0.8,516,1272,Gefion,72244,14.48,4.131,0.237,,,,,,,0.1047,2.742,2.455,10.3
449,72274,14.38,-0.26,516,1272,Gefion,72274,14.7,3.029,0.334,,,,,,,0.097,2.768,2.5,10.03
450,72395,14.27,0.27,516,1272,Gefion,72395,14.58,3.63,0.255,,,,,,,0.1043,2.797,2.505,9.36
451,72618,14.64,-0.38,516,1272,Gefion,72618,14.97,3.001,0.314,,,,,,,0.1088,2.758,2.458,9.43
452,72693,14.16,-0.4,516,1272,Gefion,72693,14.53,3.284,0.375,2.87,,,,,,0.0851,2.762,2.527,9.24
453,74095,14.65,-0.77,516,1272,Gefion,74095,15.1,,,,,,,,,0.1104,2.732,2.43,8.26
454,74381,15.0,-0.36,516,1272,Gefion,74381,15.46,,,,,,,,,0.11,2.753,2.45,8.07
455,74392,14.57,-0.74,516,1272,Gefion,74392,14.92,,,,,,,,,0.1457,2.734,2.336,7.99
456,74416,14.76,-0.25,516,1272,Gefion,74416,15.14,,,,,,,,,0.1256,2.766,2.419,9.11
457,75513,14.69,-0.37,516,1272,Gefion,75513,15.12,2.314,0.105,,,,,,,0.0882,2.757,2.514,9.0
458,75731,15.05,-0.03,516,1272,Gefion,75731,15.35,,,,,,,,,0.1038,2.782,2.493,10.01
459,75912,15.64,-0.12,516,1272,Gefion,75912,15.83,,,,,,,,,0.1172,2.771,2.446,9.62
460,76086,15.11,-0.17,516,1272,Gefion,76086,15.55,,,,,,,,,0.1533,2.77,2.345,8.52
461,76264,14.37,-0.83,516,1272,Gefion,76264,14.7,2.935,0.356,,,,,,,0.1191,2.733,2.408,9.95
462,76383,13.84,-0.69,516,1272,Gefion,76383,14.25,3.938,0.314,,,,,,,0.1363,2.751,2.376,8.27
463,76489,14.86,-0.64,516,1272,Gefion,76489,15.26,,,,,,,,,0.1166,2.734,2.415,9.25
464,76490,15.39,-0.11,516,1272,Gefion,76490,15.8,,,,,,,,,0.1277,2.773,2.419,9.6
465,76644,14.21,0.32,516,1272,Gefion,76644,14.7,,,,,,,,,0.1328,2.802,2.429,9.64
466,77309,14.44,-0.23,516,1272,Gefion,77309,14.76,3.273,0.181,,,,,,,0.1124,2.77,2.458,8.09
467,77467,14.97,-0.38,516,1272,Gefion,77467,15.34,2.445,0.155,,,,,,,0.0847,2.754,2.521,9.86
468,77487,15.5,-0.18,516,1272,Gefion,77487,15.7,2.141,0.222,72.4181,,,,,,0.0898,2.765,2.517,8.54
469,77496,14.61,-0.62,516,1272,Gefion,77496,14.98,3.226,0.245,,,,,,,0.088,2.742,2.501,9.74
470,77503,14.74,-0.29,516,1272,Gefion,77503,15.17,,,9.725,,,,,,0.0863,2.763,2.525,10.3
471,77607,15.0,-0.47,516,1272,Gefion,77607,15.36,2.426,0.189,,,,,,,0.0932,2.746,2.49,8.7
472,77733,14.21,-0.64,516,1272,Gefion,77733,14.58,3.476,0.211,7.579,,,,,,0.0902,2.748,2.5,7.84
473,78367,14.44,-0.04,516,1272,Gefion,78367,14.79,3.258,0.138,,,,,,,0.1255,2.782,2.433,8.24
474,78438,14.72,-0.57,516,1272,Gefion,78438,15.1,,,,,,,,,0.1207,2.743,2.412,8.52
475,78502,14.47,-0.15,516,1272,Gefion,78502,14.86,3.272,0.261,,,,,,,0.1354,2.774,2.399,8.85
476,78572,14.91,0.06,516,1272,Gefion,78572,15.34,,,,,,,,,0.1191,2.788,2.456,10.07
477,78615,14.23,-0.7,516,1272,Gefion,78615,14.58,4.168,0.194,,,,,,,0.0945,2.743,2.484,10.0
478,78677,14.36,-0.14,516,1272,Gefion,78677,14.78,,,,,,,,,0.0945,2.774,2.512,7.98
479,79869,14.91,0.23,516,1272,Gefion,79869,15.14,,,,,,,,,0.122,2.8,2.458,10.33
480,79872,14.93,-0.7,516,1272,Gefion,79872,15.21,2.535,0.158,,,,,,,0.1378,2.731,2.355,8.47
481,79893,14.73,-0.29,516,1272,Gefion,79893,15.16,,,,,,,,,0.1393,2.762,2.377,8.22
482,79924,14.83,-0.25,516,1272,Gefion,79924,15.18,,,,,,,,,0.1101,2.763,2.459,10.38
483,79949,14.61,-0.53,516,1272,Gefion,79949,15.08,,,,,,,,,0.0936,2.749,2.491,8.97
484,81242,14.68,-0.88,516,1272,Gefion,81242,15.12,2.366,0.548,,,,,,,0.15,2.725,2.316,9.36
485,81360,15.05,-0.26,516,1272,Gefion,81360,15.44,,,,,,,,,0.0937,2.762,2.503,8.57
486,81431,14.18,-0.46,516,1272,Gefion,81431,14.6,3.176,0.334,,,,,,,0.1225,2.758,2.42,9.18
487,81432,14.34,-0.08,516,1272,Gefion,81432,14.72,3.231,0.245,,,,,,,0.1074,2.778,2.48,8.92
488,81660,14.88,-0.38,516,1272,Gefion,81660,15.3,,,,,,,,,0.1049,2.754,2.465,9.5
489,81687,15.21,-0.21,516,1272,Gefion,81687,15.55,2.429,0.189,,,,,,,0.1007,2.764,2.485,10.73
490,81704,14.66,-0.03,516,1272,Gefion,81704,15.07,2.744,0.339,,,,,,,0.1406,2.78,2.389,8.87
491,81778,15.08,-0.35,516,1272,Gefion,81778,15.4,,,,,,,,,0.0871,2.754,2.514,8.94
492,81788,14.76,0.27,516,1272,Gefion,81788,15.15,2.614,0.258,85.0,,,,,,0.11,2.803,2.495,9.01
493,82652,15.11,-0.4,516,1272,Gefion,82652,15.56,2.448,0.224,,,,,,,0.1182,2.749,2.424,10.22
494,82704,15.08,0.3,516,1272,Gefion,82704,15.42,,,,,,,,,0.1134,2.808,2.49,8.05
495,82790,14.35,-0.83,516,1272,Gefion,82790,14.72,3.597,0.237,,,,,,,0.0891,2.735,2.491,8.78
496,82810,14.67,-0.15,516,1272,Gefion,82810,15.0,,,,,,,,,0.1426,2.772,2.377,7.89
497,82832,14.36,0.23,516,1272,Gefion,82832,14.81,,,,,,,,,0.1348,2.796,2.419,9.44
498,82942,14.28,-0.34,516,1272,Gefion,82942,14.76,,,,,,,,,0.1015,2.764,2.483,8.12
499,82998,14.84,0.29,516,1272,Gefion,82998,15.18,,,,,,,,,0.1104,2.805,2.496,9.18
500,83194,14.74,-0.59,516,1272,Gefion,83194,15.02,,,,,,,,,0.088,2.742,2.501,10.05
501,83215,14.7,0.27,516,1272,Gefion,83215,15.08,,,,,,,,,0.1151,2.801,2.478,8.56
502,83410,14.21,-0.48,516,1272,Gefion,83410,14.61,3.914,0.167,,,,,,,0.1047,2.757,2.469,9.23
503,83533,14.52,-0.2,516,1272,Gefion,83533,14.95,3.286,0.312,,,,,,,0.1091,2.771,2.469,8.05
504,83606,14.1,0.12,516,1272,Gefion,83606,14.52,3.782,0.283,,,,,,,0.1433,2.791,2.391,8.51
505,83756,14.83,0.14,516,1272,Gefion,83756,15.3,,,,,,,,,0.1091,2.792,2.488,9.43
506,83963,14.72,-0.17,516,1272,Gefion,83963,15.1,3.909,0.08,9.469,,,,,,0.1534,2.776,2.35,9.13
507,84547,14.9,-0.57,516,1272,Gefion,84547,15.3,,,,,,,,,0.09,2.74,2.493,9.72
508,84549,14.8,0.0,516,1272,Gefion,84549,15.31,,,,,,,,,0.0941,2.782,2.52,7.77
509,84665,14.44,-1.01,516,1272,Gefion,84665,14.85,3.077,0.296,,,,,,,0.1504,2.723,2.314,8.35
510,84844,14.91,-0.24,516,1272,Gefion,84844,15.31,,,,,,,,,0.0978,2.768,2.497,8.15
511,84916,14.5,-0.23,516,1272,Gefion,84916,14.92,3.111,0.241,,,,,,,0.1302,2.768,2.408,10.26
512,84936,15.32,-0.52,516,1272,Gefion,84936,15.6,,,,,,,,,0.1511,2.734,2.321,8.64
513,85159,13.96,0.31,516,1272,Gefion,85159,14.43,,,,,,,,,0.1229,2.798,2.455,8.23
514,85960,15.12,-0.45,516,1272,Gefion,85960,15.52,4.702,0.066,,,,,,,0.0837,2.747,2.517,8.1
515,86904,14.66,-0.43,516,1272,Gefion,86904,15.06,3.262,0.166,,,,,,,0.1492,2.756,2.345,9.45
516,87163,14.84,-0.88,516,1272,Gefion,87163,15.34,,,21.0606,,,,,,0.1479,2.718,2.316,10.48
517,87617,13.71,-0.81,516,1272,Gefion,87617,14.15,,,10.224,,,,,,0.1401,2.746,2.361,8.63
518,87749,14.84,-0.42,516,1272,Gefion,87749,15.26,,,67.3359,,,,,,0.1464,2.751,2.348,9.46
519,87825,15.13,-0.57,516,1272,Gefion,87825,15.59,,,,,,,,,0.1263,2.733,2.388,9.02
520,87843,15.06,-0.46,516,1272,Gefion,87843,15.38,,,,,,,,,0.0959,2.746,2.483,8.99
521,87852,14.33,-0.48,516,1272,Gefion,87852,14.82,3.553,0.243,54.0801,,,,,,0.1268,2.754,2.405,10.27
522,87887,14.82,-0.4,516,1272,Gefion,87887,15.37,,,5.7773,,,,,,0.1138,2.754,2.44,8.36
523,87901,14.47,-0.39,516,1272,Gefion,87901,14.88,,,,,,,,,0.0943,2.759,2.499,8.01
524,87949,13.97,0.0,516,1272,Gefion,87949,14.3,,,,,,,,,0.0948,2.787,2.522,9.89
525,88017,14.4,0.21,516,1272,Gefion,88017,14.76,7.473,0.046,,,,,,,0.122,2.796,2.455,7.99
526,88049,15.03,0.06,516,1272,Gefion,88049,15.36,,,,,,,,,0.1481,2.787,2.375,8.13
527,88380,14.4,-0.21,516,1272,Gefion,88380,14.9,6.849,0.06,,,,,,,0.1468,2.77,2.363,8.04
528,88603,14.28,-0.44,516,1272,Gefion,88603,14.81,3.473,0.279,,,,,,,0.153,2.759,2.337,9.09
529,88678,15.1,-0.78,516,1272,Gefion,88678,15.6,,,,,,,,,0.1144,2.719,2.408,9.23
530,88700,14.59,-0.05,516,1272,Gefion,88700,15.16,5.856,0.062,,,,,,,0.104,2.779,2.49,8.23
531,88714,14.05,0.09,516,1272,Gefion,88714,14.54,3.937,0.198,,,,,,,0.1284,2.787,2.429,9.39
532,89118,15.36,-0.67,516,1272,Gefion,89118,15.7,,,,,,,,,0.128,2.72,2.372,9.83
533,89254,14.26,-0.63,516,1272,Gefion,89254,14.65,6.641,0.07,,,,,,,0.1161,2.749,2.43,10.36
534,89337,14.8,0.02,516,1272,Gefion,89337,15.38,,,,,,,,,0.1228,2.786,2.444,8.57
535,89444,15.68,-0.63,516,1272,Gefion,89444,16.11,,,,,,,,,0.1323,2.715,2.355,8.22
536,89506,14.98,-0.51,516,1272,Gefion,89506,15.33,,,,,,,,,0.1,2.743,2.469,7.9
537,89667,14.64,0.0,516,1272,Gefion,89667,15.12,,,,,,,,,0.134,2.783,2.41,7.87
538,90148,14.82,-0.21,516,1272,Gefion,90148,15.1,,,3.276,,,,,,0.0922,2.767,2.512,10.13
539,90249,14.83,-0.11,516,1272,Gefion,90249,15.25,,,,,,,,,0.1112,2.78,2.471,10.37
540,90261,14.49,-0.13,516,1272,Gefion,90261,15.01,,,,,,,,,0.1284,2.78,2.423,10.43
541,90381,14.88,-0.38,516,1272,Gefion,90381,15.25,,,,,,,,,0.1355,2.756,2.382,9.86
542,90550,15.0,0.04,516,1272,Gefion,90550,15.27,,,,,,,,,0.1011,2.786,2.504,9.77
543,90647,15.09,-0.37,516,1272,Gefion,90647,15.55,5.174,0.06,,,,,,,0.142,2.75,2.36,8.03
544,90673,14.85,-0.19,516,1272,Gefion,90673,15.22,2.722,0.314,,,,,,,0.1353,2.77,2.395,10.24
545,90745,14.9,-0.45,516,1272,Gefion,90745,15.35,2.508,0.308,,,,,,,0.1428,2.75,2.357,8.91
546,90885,14.63,-0.18,516,1272,Gefion,90885,15.21,,,,,,,,,0.1268,2.771,2.42,8.3
547,91541,14.66,-0.48,516,1272,Gefion,91541,15.12,,,,,,,,,0.1481,2.75,2.343,8.34
548,91569,14.82,-0.19,516,1272,Gefion,91569,15.26,3.172,0.231,,,,,,,0.0968,2.77,2.502,8.99
549,91585,14.35,-0.51,516,1272,Gefion,91585,14.79,3.054,0.329,,,,,,,0.1519,2.755,2.337,10.42
550,91798,14.89,-0.32,516,1272,Gefion,91798,15.33,2.624,0.281,,,,,,,0.1266,2.761,2.411,8.09
551,92052,14.22,0.04,516,1272,Gefion,92052,14.68,,,,,,,,,0.1454,2.786,2.381,9.43
552,92876,13.44,-0.03,516,1272,Gefion,92876,13.88,4.752,0.311,,,,,,,0.0916,2.783,2.528,9.69
553,93264,14.87,0.02,516,1272,Gefion,93264,15.34,,,,,,,,,0.085,2.787,2.55,7.5
554,93270,14.37,-0.69,516,1272,Gefion,93270,14.78,3.156,0.256,3.373,,,,,,0.0948,2.743,2.483,7.75
555,93299,15.2,-0.7,516,1272,Gefion,93299,15.64,2.261,0.239,,,,,,,0.118,2.722,2.401,9.74
556,93476,15.3,-0.61,516,1272,Gefion,93476,15.8,2.172,0.236,,,,,,,0.1412,2.728,2.343,9.78
557,93606,14.59,-0.66,516,1272,Gefion,93606,14.93,,,,,,,,,0.1313,2.738,2.378,8.54
558,93800,15.23,-0.69,516,1272,Gefion,93800,15.68,2.114,0.274,,,,,,,0.1398,2.724,2.343,10.38
559,93908,15.15,-0.62,516,1272,Gefion,93908,15.54,2.237,0.294,,,,,,,0.1457,2.731,2.333,8.35
560,93913,13.68,-1.37,516,1272,Gefion,93913,14.11,3.829,0.399,,,,,,,0.1419,2.726,2.339,9.85
561,93927,14.18,-0.19,516,1272,Gefion,93927,14.59,3.94,0.238,,,,,,,0.1196,2.773,2.442,9.23
562,93929,14.71,0.19,516,1272,Gefion,93929,14.98,,,,,,,,,0.0885,2.798,2.55,10.1
563,93975,13.48,0.15,516,1272,Gefion,93975,13.96,4.83,0.275,,,,,,,0.0908,2.79,2.537,8.87
564,94060,15.15,-0.8,516,1272,Gefion,94060,15.63,,,,,,,,,0.1282,2.717,2.368,8.4
565,94229,14.47,0.28,516,1272,Gefion,94229,14.88,3.071,0.325,17.7319,,,,,,0.1091,2.802,2.496,9.59
566,95120,14.46,0.0,516,1272,Gefion,95120,14.98,,,,,,,,,0.0883,2.785,2.539,9.97
567,95206,14.59,-0.04,516,1272,Gefion,95206,14.96,,,,,,,,,0.0962,2.78,2.512,7.95
568,95349,14.77,-0.5,516,1272,Gefion,95349,15.18,,,,,,,,,0.0931,2.746,2.491,7.63
569,95355,14.32,-0.35,516,1272,Gefion,95355,14.85,3.468,0.28,229.853,,,,,,0.0934,2.763,2.505,8.07
570,95479,14.92,0.12,516,1272,Gefion,95479,15.33,,,,,,,,,0.0937,2.793,2.531,8.4
571,95481,15.12,-0.34,516,1272,Gefion,95481,15.46,,,,,,,,,0.0919,2.755,2.502,7.82
572,95610,15.05,-0.02,516,1272,Gefion,95610,15.47,2.511,0.233,,,,,,,0.0998,2.783,2.505,8.87
573,95644,14.9,0.35,516,1272,Gefion,95644,15.39,2.811,0.223,,,,,,,0.1074,2.809,2.508,9.23
574,95646,14.61,-0.42,516,1272,Gefion,95646,14.96,,,,,,,,,0.0836,2.755,2.525,8.18
575,95799,14.99,0.32,516,1272,Gefion,95799,15.33,,,,,,,,,0.1502,2.812,2.389,9.67
576,96389,14.92,0.06,516,1272,Gefion,96389,15.22,,,,,,,,,0.1038,2.793,2.503,8.04
577,96968,14.73,-0.09,516,1272,Gefion,96968,14.93,2.546,0.248,,,,,,,0.1149,2.779,2.46,7.61
578,96974,15.05,-0.72,516,1272,Gefion,96974,15.51,5.55,0.048,3.478,,,,,,0.1494,2.727,2.319,7.54
579,96994,14.7,-0.45,516,1272,Gefion,96994,15.09,,,,,,,,,0.0852,2.752,2.517,8.17
580,96999,15.04,-0.33,516,1272,Gefion,96999,15.41,2.491,0.18,,,,,,,0.1358,2.759,2.384,8.08
581,97149,14.84,0.38,516,1272,Gefion,97149,15.32,,,,,,,,,0.0989,2.814,2.536,9.54
582,97295,14.48,0.03,516,1272,Gefion,97295,14.98,,,,,,,,,0.1541,2.787,2.358,8.15
583,97298,14.85,0.23,516,1272,Gefion,97298,15.07,2.632,0.255,,,,,,,0.117,2.803,2.475,8.74
584,97325,14.89,-0.74,516,1272,Gefion,97325,15.36,,,,,,,,,0.0884,2.728,2.487,10.62
585,97327,15.02,-0.45,516,1272,Gefion,97327,15.48,,,,,,,,,0.1171,2.749,2.427,8.08
586,97388,14.72,-0.22,516,1272,Gefion,97388,15.14,2.8,0.297,,,,,,,0.1107,2.768,2.462,10.39
587,98675,14.76,-0.44,516,1272,Gefion,98675,15.15,2.824,0.221,6.421,,,,,,0.1484,2.753,2.345,10.08
588,98834,14.89,-0.26,516,1272,Gefion,98834,15.34,2.377,0.376,,,,,,,0.12,2.765,2.433,7.74
589,98844,14.9,-0.25,516,1272,Gefion,98844,15.28,2.591,0.24,,,,,,,0.0987,2.766,2.493,8.67
590,98949,14.46,-0.69,516,1272,Gefion,98949,14.95,6.933,0.053,,,,,,,0.11,2.742,2.44,10.55
591,98978,14.25,-0.34,516,1272,Gefion,98978,14.62,3.722,0.243,8.198,,,,,,0.1426,2.765,2.371,9.97
592,99242,14.86,0.14,516,1272,Gefion,99242,15.2,2.614,0.283,,,,,,,0.0911,2.794,2.539,9.96
593,99493,14.34,0.46,516,1272,Gefion,99493,14.74,,,,,,,,,0.1418,2.808,2.41,8.9
594,101053,15.01,-0.77,516,1272,Gefion,101053,15.61,,,,,,,,,0.138,2.722,2.347,8.49
595,101209,15.47,-0.28,516,1272,Gefion,101209,15.77,,,,,,,,,0.0931,2.755,2.499,9.17
596,101376,15.77,0.02,516,1272,Gefion,101376,15.95,,,,,,,,,0.1437,2.788,2.387,9.48
597,101687,15.18,-0.3,516,1272,Gefion,101687,15.46,,,,,,,,,0.0969,2.757,2.49,8.13
598,101817,14.37,-1.08,516,1272,Gefion,101817,14.77,3.087,0.294,,,,,,,0.1443,2.72,2.327,10.46
599,101843,14.3,-0.04,516,1272,Gefion,101843,14.69,,,,,,,,,0.1122,2.781,2.469,9.81
600,103270,14.79,-0.43,516,1272,Gefion,103270,15.35,,,,,,,,,0.096,2.75,2.486,8.09
601,103396,14.73,-0.44,516,1272,Gefion,103396,15.22,,,,,,,,,0.1512,2.755,2.338,7.79
602,103417,14.85,-0.27,516,1272,Gefion,103417,15.3,,,,,,,,,0.135,2.765,2.392,8.43
603,103458,15.01,-0.28,516,1272,Gefion,103458,15.37,,,,,,,,,0.1002,2.761,2.484,9.15
604,103591,15.34,0.0,516,1272,Gefion,103591,15.69,,,,,,,,,0.1046,2.785,2.493,9.83
605,103613,15.24,-0.51,516,1272,Gefion,103613,15.56,,,,,,,,,0.1042,2.737,2.452,7.92
606,103629,14.44,-0.52,516,1272,Gefion,103629,14.81,2.843,0.346,,,,,,,0.1061,2.752,2.46,9.28
607,103663,15.01,-0.58,516,1272,Gefion,103663,15.38,5.019,0.07,,,,,,,0.1167,2.735,2.416,9.44
608,103818,15.36,-0.45,516,1272,Gefion,103818,15.89,,,,,,,,,0.1455,2.742,2.343,10.04
609,103860,15.13,-0.33,516,1272,Gefion,103860,15.56,,,,,,,,,0.132,2.755,2.392,9.34
610,104197,14.35,-1.11,516,1272,Gefion,104197,14.81,,,,,,,,,0.0926,2.716,2.465,9.8
611,104213,14.76,-0.73,516,1272,Gefion,104213,15.16,,,,,,,,,0.0897,2.73,2.486,9.8
612,104230,15.17,0.16,516,1272,Gefion,104230,15.49,,,,,,,,,0.1006,2.796,2.515,9.27
613,104344,15.48,-0.17,516,1272,Gefion,104344,15.89,,,,,,,,,0.0993,2.766,2.491,9.56
614,104359,15.05,-0.15,516,1272,Gefion,104359,15.37,,,,,,,,,0.103,2.771,2.486,9.61
615,104375,14.55,0.24,516,1272,Gefion,104375,14.85,3.311,0.255,,,,,,,0.1052,2.8,2.505,10.04
616,104687,15.15,0.0,516,1272,Gefion,104687,15.57,,,,,,,,,0.0858,2.784,2.546,8.28
617,105111,14.76,-0.33,516,1272,Gefion,105111,15.32,,,,,,,,,0.1428,2.765,2.37,8.12
618,105412,14.55,-0.57,516,1272,Gefion,105412,14.87,,,,,,,,,0.1431,2.746,2.353,8.38
619,105454,14.9,0.27,516,1272,Gefion,105454,15.19,,,,,,,,,0.1315,2.806,2.437,8.7
620,107260,14.91,-0.25,516,1272,Gefion,107260,15.26,2.427,0.273,,,,,,,0.1007,2.765,2.487,8.19
621,107767,15.03,-0.31,516,1272,Gefion,107767,15.49,2.581,0.242,,,,,,,0.093,2.758,2.502,9.35
622,108257,14.21,0.39,516,1272,Gefion,108257,14.63,3.706,0.245,,,,,,,0.1556,2.806,2.369,9.87
623,108304,14.61,0.37,516,1272,Gefion,108304,14.92,2.652,0.331,7.591,,,,,,0.1173,2.809,2.48,10.37
624,108361,14.83,-0.64,516,1272,Gefion,108361,15.22,6.141,0.059,,,,,,,0.1492,2.735,2.327,9.95
625,108500,14.75,-0.41,516,1272,Gefion,108500,15.21,2.883,0.204,,,,,,,0.1344,2.754,2.384,10.68
626,108514,15.23,-0.29,516,1272,Gefion,108514,15.58,,,,,,,,,0.0943,2.757,2.497,10.17
627,108703,15.74,-0.51,516,1272,Gefion,108703,15.99,,,,,,,,,0.1103,2.727,2.426,9.78
628,109109,15.34,-0.68,516,1272,Gefion,109109,15.58,,,,,,,,,0.1114,2.721,2.418,10.0
629,109199,14.47,-0.26,516,1272,Gefion,109199,14.94,3.315,0.279,,,,,,,0.1256,2.768,2.421,8.54
630,109320,14.87,-0.73,516,1272,Gefion,109320,15.35,2.447,0.295,,,,,,,0.1533,2.73,2.311,9.02
631,109576,15.28,-0.35,516,1272,Gefion,109576,15.51,,,,,,,,,0.1168,2.752,2.431,10.12
632,109636,14.94,-0.34,516,1272,Gefion,109636,15.38,,,,,,,,,0.1511,2.757,2.34,10.26
633,109875,14.45,0.39,516,1272,Gefion,109875,14.82,2.699,0.291,,,,,,,0.1516,2.808,2.383,9.19
634,109909,14.11,0.02,516,1272,Gefion,109909,14.46,4.026,0.25,4.276122,,,,,,0.0922,2.784,2.527,8.84
635,110177,15.29,-0.66,516,1272,Gefion,110177,15.65,2.391,0.214,,,,,,,0.1218,2.724,2.392,9.74
636,110212,14.65,0.25,516,1272,Gefion,110212,15.03,,,3.403,,,,,,0.101,2.8,2.517,9.75
637,110221,15.04,0.22,516,1272,Gefion,110221,15.54,5.609,0.051,,,,,,,0.0914,2.802,2.545,9.35
638,110385,15.04,-0.11,516,1272,Gefion,110385,15.62,,,,,,,,,0.1002,2.774,2.496,8.46
639,110419,14.67,-0.12,516,1272,Gefion,110419,15.29,,,,,,,,,0.1427,2.776,2.38,7.96
640,110630,14.1,-1.11,516,1272,Gefion,110630,14.57,3.481,0.305,,,,,,,0.0835,2.726,2.499,10.28
641,110644,14.55,0.12,516,1272,Gefion,110644,15.1,2.791,0.328,28.645,,,,,,0.1491,2.794,2.377,8.24
642,110651,14.68,-0.2,516,1272,Gefion,110651,15.2,,,,,,,,,0.0958,2.771,2.505,8.46
643,110680,14.98,-0.03,516,1272,Gefion,110680,15.5,,,,,,,,,0.1502,2.78,2.363,9.81
644,110693,14.91,-0.65,516,1272,Gefion,110693,15.35,,,,,,,,,0.1011,2.738,2.461,8.65
645,110708,14.82,-0.49,516,1272,Gefion,110708,15.26,2.814,0.268,6.487,,,,,,0.1473,2.752,2.346,10.25
646,110751,14.82,0.21,516,1272,Gefion,110751,15.33,2.698,0.266,,,,,,,0.124,2.798,2.451,9.02
647,110940,14.31,-0.85,516,1272,Gefion,110940,14.75,,,,,,,,,0.1095,2.734,2.435,9.99
648,110945,15.34,-0.38,516,1272,Gefion,110945,15.68,,,,,,,,,0.1432,2.752,2.358,10.06
649,111007,14.25,-0.45,516,1272,Gefion,111007,14.68,3.649,0.253,6.783,,,,,,0.1289,2.758,2.403,10.15
650,111041,14.97,-0.71,516,1272,Gefion,111041,15.36,,,,,,,,,0.103,2.727,2.446,10.14
651,111075,15.0,-0.78,516,1272,Gefion,111075,15.55,,,,,,,,,0.1241,2.723,2.385,9.19
652,111093,15.03,0.0,516,1272,Gefion,111093,15.44,2.812,0.204,,,,,,,0.1104,2.784,2.477,8.52
653,111163,15.29,0.23,516,1272,Gefion,111163,15.59,,,,,,,,,0.1284,2.804,2.444,8.07
654,111271,14.98,0.26,516,1272,Gefion,111271,15.37,,,,,,,,,0.0925,2.803,2.544,8.42
655,111280,15.32,-0.31,516,1272,Gefion,111280,15.67,,,,,,,,,0.1234,2.754,2.414,8.48
656,111340,14.66,0.42,516,1272,Gefion,111340,14.98,,,,,,,,,0.0871,2.813,2.568,10.17
657,111435,14.75,0.11,516,1272,Gefion,111435,15.22,3.519,0.172,,,,,,,0.1268,2.792,2.438,8.07
658,111458,15.42,0.06,516,1272,Gefion,111458,15.62,,,,,,,,,0.1165,2.79,2.465,9.29
659,111465,14.58,0.32,516,1272,Gefion,111465,15.08,,,,,,,,,0.1036,2.805,2.514,9.95
660,111561,15.23,0.03,516,1272,Gefion,111561,15.63,,,,,,,,,0.0848,2.789,2.552,8.81
661,112181,14.93,-0.4,516,1272,Gefion,112181,15.38,2.995,0.18,,,,,,,0.0882,2.754,2.511,7.85
662,112439,14.39,-0.77,516,1272,Gefion,112439,14.94,3.1,0.319,,,,,,,0.1514,2.736,2.322,7.88
663,112482,14.94,-0.6,516,1272,Gefion,112482,15.27,,,,,,,,,0.118,2.736,2.413,10.15
664,112955,15.32,-0.12,516,1272,Gefion,112955,15.84,,,,,,,,,0.1355,2.772,2.397,8.94
665,113177,15.63,-0.55,516,1272,Gefion,113177,15.98,,,,,,,,,0.1066,2.724,2.434,9.24
666,113271,15.49,-0.42,516,1272,Gefion,113271,15.76,,,,,,,,,0.1274,2.74,2.391,8.28
667,113365,14.82,0.04,516,1272,Gefion,113365,15.16,,,,,,,,,0.1346,2.787,2.411,9.57
668,113476,14.6,-0.24,516,1272,Gefion,113476,14.88,3.714,0.203,,,,,,,0.1387,2.767,2.383,10.18
669,113810,14.83,-0.74,516,1272,Gefion,113810,15.23,,,,,,,,,0.0835,2.728,2.501,9.58
670,114024,15.67,-0.09,516,1272,Gefion,114024,15.85,,,,,,,,,0.0902,2.773,2.523,8.32
671,114262,15.02,-0.6,516,1272,Gefion,114262,15.27,,,,,,,,,0.1523,2.735,2.319,10.43
672,114274,15.1,-0.63,516,1272,Gefion,114274,15.6,,,,,,,,,0.1502,2.731,2.321,8.76
673,114380,14.95,-0.29,516,1272,Gefion,114380,15.33,,,,,,,,,0.1551,2.76,2.332,9.69
674,114389,15.17,-0.31,516,1272,Gefion,114389,15.52,,,,,,,,,0.0937,2.758,2.5,7.91
675,114636,14.83,0.13,516,1272,Gefion,114636,15.17,,,,,,,,,0.0853,2.796,2.557,9.22
676,115225,14.45,-0.63,516,1272,Gefion,115225,14.73,3.334,0.276,,,,,,,0.135,2.745,2.375,10.05
677,115324,14.85,-0.34,516,1272,Gefion,115324,15.01,,,,,,,,,0.1409,2.759,2.37,9.72
678,115640,15.23,0.2,516,1272,Gefion,115640,15.66,,,,,,,,,0.1365,2.803,2.421,8.61
679,115675,15.08,-0.4,516,1272,Gefion,115675,15.42,,,,,,,,,0.1416,2.751,2.362,8.91
680,115856,15.4,-0.62,516,1272,Gefion,115856,15.71,,,,,,,,,0.1488,2.723,2.318,10.4
681,116578,14.93,-0.69,516,1272,Gefion,116578,15.41,2.522,0.278,,,,,,,0.1266,2.73,2.384,8.49
682,116748,15.42,0.24,516,1272,Gefion,116748,15.82,,,,,,,,,0.1348,2.805,2.427,9.81
683,116966,15.04,-0.17,516,1272,Gefion,116966,15.42,,,,,,,,,0.121,2.774,2.438,9.35
684,117258,14.49,-0.47,516,1272,Gefion,117258,14.78,3.51,0.207,,,,,,,0.1303,2.753,2.394,10.11
685,117275,14.88,-0.38,516,1272,Gefion,117275,15.19,2.578,0.221,,,,,,,0.0863,2.755,2.517,8.44
686,117621,15.48,0.22,516,1272,Gefion,117621,15.68,,,,,,,,,0.1106,2.808,2.497,10.1
687,117728,15.06,-0.63,516,1272,Gefion,117728,15.45,,,,,,,,,0.0966,2.731,2.467,10.04
688,117757,15.33,-0.2,516,1272,Gefion,117757,15.54,,,,,,,,,0.1089,2.764,2.463,10.04
689,118685,14.98,-0.67,516,1272,Gefion,118685,15.32,,,113.813,,,,,,0.1526,2.729,2.312,9.92
690,118967,14.5,-0.4,516,1272,Gefion,118967,15.02,3.223,0.296,,,,,,,0.0975,2.759,2.49,10.03
691,119684,15.48,-0.56,516,1272,Gefion,119684,15.83,,,,,,,,,0.1145,2.728,2.416,8.15
692,120110,15.03,-0.47,516,1272,Gefion,120110,15.53,,,,,,,,,0.0853,2.746,2.512,9.83
693,120322,15.72,-0.52,516,1272,Gefion,120322,16.03,,,,,,,,,0.0984,2.725,2.457,10.08
694,120835,14.83,-0.29,516,1272,Gefion,120835,15.11,,,,,,,,,0.089,2.761,2.515,10.31
695,120881,14.64,-0.06,516,1272,Gefion,120881,15.03,,,,,,,,,0.1296,2.779,2.419,9.14
696,121269,14.52,0.04,516,1272,Gefion,121269,14.96,,,3.299,,,,,,0.1258,2.784,2.434,8.33
697,121540,14.46,-0.11,516,1272,Gefion,121540,14.86,,,,,,,,,0.1487,2.776,2.364,10.05
698,122494,14.6,-0.75,516,1272,Gefion,122494,14.91,3.15,0.257,,,,,,,0.1473,2.735,2.332,8.64
699,122618,14.16,0.5,516,1272,Gefion,122618,14.57,3.802,0.255,,,,,,,0.1075,2.81,2.508,10.04
700,123045,15.01,0.31,516,1272,Gefion,123045,15.56,,,,,,,,,0.118,2.809,2.478,8.46
701,123232,15.59,0.03,516,1272,Gefion,123232,15.98,,,,,,,,,0.1491,2.785,2.37,8.16
702,123384,14.9,-0.7,516,1272,Gefion,123384,15.22,2.469,0.318,,,,,,,0.1519,2.732,2.317,10.64
703,123423,14.82,-0.66,516,1272,Gefion,123423,15.38,,,2.839,,,,,,0.1418,2.734,2.346,8.11
704,123471,14.93,-0.55,516,1272,Gefion,123471,15.39,2.816,0.223,96.5942,,,,,,0.133,2.741,2.377,9.93
705,123543,15.2,-0.03,516,1272,Gefion,123543,15.63,2.046,0.351,,,,,,,0.1411,2.78,2.388,8.06
706,123545,14.66,-0.18,516,1272,Gefion,123545,15.05,2.727,0.313,,,,,,,0.0989,2.772,2.498,8.16
707,123617,15.09,-0.67,516,1272,Gefion,123617,15.41,,,,,,,,,0.0872,2.728,2.49,8.02
708,123751,14.87,0.05,516,1272,Gefion,123751,15.34,2.555,0.325,6.44461,,,,,,0.1348,2.787,2.411,10.12
709,123753,14.47,-0.27,516,1272,Gefion,123753,14.94,,,,,,,,,0.0942,2.766,2.505,10.44
710,126700,15.24,-0.49,516,1272,Gefion,126700,15.64,,,,,,,,,0.1032,2.739,2.456,10.23
711,126955,15.02,-0.6,516,1272,Gefion,126955,15.45,,,,,,,,,0.1141,2.734,2.422,9.58
712,127017,15.09,-0.58,516,1272,Gefion,127017,15.54,,,,,,,,,0.0926,2.736,2.482,9.32
713,127097,14.98,0.13,516,1272,Gefion,127097,15.39,,,,,,,,,0.1528,2.793,2.367,9.98
714,127125,14.96,-0.57,516,1272,Gefion,127125,15.17,,,3.65,,,,,,0.0868,2.739,2.501,9.35
715,127128,15.26,0.04,516,1272,Gefion,127128,15.72,,,,,,,,,0.1232,2.785,2.442,10.05
716,127142,14.97,-0.93,516,1272,Gefion,127142,15.42,,,,,,,,,0.0967,2.711,2.449,9.96
717,127682,15.2,-0.06,516,1272,Gefion,127682,15.56,,,,,,,,,0.1016,2.782,2.499,8.6
718,128129,14.87,-0.35,516,1272,Gefion,128129,15.33,,,,,,,,,0.1151,2.756,2.439,8.31
719,128381,15.6,-0.4,516,1272,Gefion,128381,15.88,,,,,,,,,0.1546,2.742,2.318,8.4
720,128562,15.41,-0.09,516,1272,Gefion,128562,15.86,,,,,,,,,0.1207,2.775,2.44,8.01
721,128605,15.43,0.14,516,1272,Gefion,128605,15.7,,,,,,,,,0.1051,2.797,2.503,8.18
722,128690,15.12,-0.02,516,1272,Gefion,128690,15.48,,,,,,,,,0.1545,2.783,2.353,9.34
723,128730,15.39,0.17,516,1272,Gefion,128730,15.69,2.368,0.262,,,,,,,0.1431,2.799,2.398,9.18
724,130062,14.92,-0.13,516,1272,Gefion,130062,15.34,2.763,0.254,,,,,,,0.1126,2.775,2.462,8.44
725,130104,14.88,-0.3,516,1272,Gefion,130104,15.13,2.448,0.323,,,,,,,0.1097,2.762,2.459,8.13
726,130172,15.46,-0.52,516,1272,Gefion,130172,15.86,,,,,,,,,0.1453,2.734,2.337,10.24
727,131111,15.02,-0.64,516,1272,Gefion,131111,15.26,5.163,0.064,,,,,,,0.1354,2.733,2.363,9.28
728,131133,15.13,0.07,516,1272,Gefion,131133,15.71,,,,,,,,,0.122,2.79,2.449,7.33
729,131221,15.56,0.07,516,1272,Gefion,131221,15.87,,,,,,,,,0.098,2.792,2.519,8.92
730,131232,15.05,0.06,516,1272,Gefion,131232,15.27,,,,,,,,,0.1169,2.788,2.462,10.32
731,131273,14.8,-0.74,516,1272,Gefion,131273,15.19,3.125,0.198,,,,,,,0.1484,2.729,2.324,9.12
732,131347,14.52,-0.04,516,1272,Gefion,131347,14.97,3.326,0.253,,,,,,,0.0999,2.782,2.504,9.95
733,132507,15.08,0.27,516,1272,Gefion,132507,15.48,,,,,,,,,0.1174,2.803,2.474,10.4
734,132673,15.24,-0.35,516,1272,Gefion,132673,15.56,,,,,,,,,0.1292,2.754,2.398,7.98
735,133201,15.02,-0.25,516,1272,Gefion,133201,15.27,,,,,,,,,0.1307,2.765,2.403,9.51
736,133284,14.77,-0.29,516,1272,Gefion,133284,15.22,,,,,,,,,0.1455,2.763,2.361,8.34
737,133314,15.78,-0.46,516,1272,Gefion,133314,16.02,,,,,,,,,0.1137,2.732,2.421,8.58
738,133334,15.07,-0.17,516,1272,Gefion,133334,15.43,,,,,,,,,0.1068,2.77,2.474,8.1
739,133390,15.39,-0.3,516,1272,Gefion,133390,15.56,,,,,,,,,0.109,2.755,2.455,9.34
740,133669,15.11,-0.31,516,1272,Gefion,133669,15.45,,,,,,,,,0.1324,2.758,2.393,9.17
741,134222,14.95,-0.36,516,1272,Gefion,134222,15.29,,,4.38,,,,,,0.1105,2.755,2.451,8.41
742,134268,15.52,-0.31,516,1272,Gefion,134268,15.8,,,,,,,,,0.1236,2.752,2.412,8.09
743,134312,15.19,0.22,516,1272,Gefion,134312,15.46,,,,,,,,,0.1497,2.804,2.384,9.23
744,134499,14.86,0.04,516,1272,Gefion,134499,15.26,,,,,,,,,0.1238,2.785,2.44,9.76
745,134789,15.46,-0.17,516,1272,Gefion,134789,15.77,,,,,,,,,0.1437,2.765,2.368,9.28
746,134801,14.95,-0.54,516,1272,Gefion,134801,15.33,,,,,,,,,0.0842,2.74,2.51,9.56
747,134923,15.14,-0.37,516,1272,Gefion,134923,15.5,2.545,0.189,,,,,,,0.1419,2.752,2.361,10.48
748,135018,14.99,-0.67,516,1272,Gefion,135018,15.33,,,,,,,,,0.1363,2.729,2.357,9.77
749,135050,15.12,-0.76,516,1272,Gefion,135050,15.57,,,,,,,,,0.1035,2.722,2.44,9.22
750,135069,15.07,0.19,516,1272,Gefion,135069,15.36,,,5.33,,,,,,0.1529,2.799,2.371,9.81
751,135585,14.97,-0.4,516,1272,Gefion,135585,15.26,,,,,,,,,0.1355,2.752,2.379,10.33
752,135587,15.44,-0.07,516,1272,Gefion,135587,15.72,2.593,0.166,,,,,,,0.0873,2.777,2.534,10.11
753,135879,15.12,-0.31,516,1272,Gefion,135879,15.57,,,,,,,,,0.1414,2.756,2.367,9.44
754,135980,15.41,0.18,516,1272,Gefion,135980,15.66,,,,,,,,,0.1159,2.802,2.477,10.16
755,136103,14.93,-0.16,516,1272,Gefion,136103,15.45,,,,,,,,,0.1032,2.774,2.488,9.58
756,136382,15.38,-0.51,516,1272,Gefion,136382,15.75,,,,,,,,,0.14,2.734,2.351,8.35
757,136652,15.23,-0.44,516,1272,Gefion,136652,15.59,,,,,,,,,0.1303,2.745,2.387,10.48
758,138297,15.54,-0.19,516,1272,Gefion,138297,15.86,,,,,,,,,0.1069,2.763,2.468,9.17
759,138396,14.91,-0.43,516,1272,Gefion,138396,15.45,,,,,,,,,0.0889,2.749,2.504,9.48
760,138435,14.96,-0.65,516,1272,Gefion,138435,15.26,,,,,,,,,0.12,2.736,2.407,9.77
761,138442,14.59,-0.6,516,1272,Gefion,138442,14.98,2.685,0.323,,,,,,,0.1447,2.746,2.348,10.33
762,138456,15.01,-0.58,516,1272,Gefion,138456,15.49,5.261,0.058,,,,,,,0.1397,2.739,2.357,9.42
763,138541,15.34,-0.69,516,1272,Gefion,138541,15.61,,,,,,,,,0.1359,2.718,2.348,10.54
764,139363,15.39,-0.37,516,1272,Gefion,139363,15.63,,,,,,,,,0.1078,2.747,2.451,8.57
765,139414,15.62,-0.12,516,1272,Gefion,139414,15.85,,,,,,,,,0.1349,2.769,2.396,9.84
766,139523,14.69,0.25,516,1272,Gefion,139523,15.01,,,,,,,,,0.1398,2.8,2.408,9.92
767,139581,15.56,-0.57,516,1272,Gefion,139581,15.76,,,,,,,,,0.0924,2.726,2.474,10.23
768,139591,15.68,-0.31,516,1272,Gefion,139591,16.06,,,,,,,,,0.1448,2.75,2.352,8.1
769,139642,15.23,-0.66,516,1272,Gefion,139642,15.56,5.375,0.046,,,,,,,0.1188,2.725,2.402,10.05
770,139676,15.13,0.12,516,1272,Gefion,139676,15.41,,,,,,,,,0.1154,2.792,2.469,8.18
771,139692,15.23,-0.09,516,1272,Gefion,139692,15.62,,,,,,,,,0.1533,2.775,2.349,8.16
772,139780,15.71,-0.43,516,1272,Gefion,139780,16.02,,,,,,,,,0.1505,2.736,2.324,8.21
773,139950,15.32,-0.08,516,1272,Gefion,139950,15.79,,,,,,,,,0.1496,2.776,2.36,10.1
774,140079,15.27,-0.18,516,1272,Gefion,140079,15.7,,,,,,,,,0.1502,2.766,2.351,8.83
775,140140,14.99,0.39,516,1272,Gefion,140140,15.42,2.436,0.272,,,,,,,0.1352,2.813,2.432,8.69
776,140189,15.19,-0.51,516,1272,Gefion,140189,15.76,,,,,,,,,0.095,2.741,2.48,9.59
777,140275,14.53,0.06,516,1272,Gefion,140275,15.02,3.394,0.222,,,,,,,0.1374,2.787,2.404,9.28
778,140289,14.64,0.08,516,1272,Gefion,140289,15.05,2.617,0.373,,,,,,,0.1503,2.789,2.37,7.88
779,140432,14.91,0.16,516,1272,Gefion,140432,15.31,2.589,0.264,26.002,,,,,,0.1182,2.794,2.464,7.95
780,140592,15.33,0.27,516,1272,Gefion,140592,15.86,,,,,,,,,0.1202,2.806,2.469,8.67
781,140674,15.1,-0.32,516,1272,Gefion,140674,15.42,,,,,,,,,0.1349,2.757,2.386,10.6
782,140856,15.6,0.0,516,1272,Gefion,140856,16.28,,,,,,,,,0.0889,2.783,2.536,9.42
783,141356,15.48,-0.46,516,1272,Gefion,141356,15.73,,,,,,,,,0.1387,2.737,2.358,8.2
784,142766,15.79,0.0,516,1272,Gefion,142766,16.07,,,,,,,,,0.1476,2.783,2.372,9.64
785,143121,15.58,-0.03,516,1272,Gefion,143121,15.94,3.972,0.064,,,,,,,0.1262,2.779,2.428,9.74
786,143244,15.42,-0.13,516,1272,Gefion,143244,15.77,,,,,,,,,0.1061,2.77,2.476,10.35
787,143252,15.11,0.12,516,1272,Gefion,143252,15.4,,,,,,,,,0.1009,2.794,2.512,8.23
788,143414,15.53,-0.45,516,1272,Gefion,143414,15.99,,,,,,,,,0.1161,2.739,2.421,10.0
789,143450,14.8,-0.48,516,1272,Gefion,143450,15.24,,,,,,,,,0.0839,2.752,2.521,8.47
790,144089,14.92,0.0,516,1272,Gefion,144089,15.38,,,,,,,,,0.1346,2.782,2.407,8.55
791,144473,15.15,-0.57,516,1272,Gefion,144473,15.53,,,,,,,,,0.1204,2.734,2.405,8.33
792,144504,15.7,-0.4,516,1272,Gefion,144504,15.98,,,,,,,,,0.1451,2.74,2.342,9.28
793,144714,15.04,-0.09,516,1272,Gefion,144714,15.46,,,,,,,,,0.0934,2.775,2.516,9.89
794,145047,15.61,-0.33,516,1272,Gefion,145047,16.05,3.9,0.061,,,,,,,0.0973,2.748,2.481,8.9
795,145477,15.17,-0.68,516,1272,Gefion,145477,15.37,,,,,,,,,0.1542,2.723,2.303,10.2
796,145561,15.44,-0.29,516,1272,Gefion,145561,15.79,,,,,,,,,0.1384,2.754,2.373,10.53
797,145726,15.43,-0.3,516,1272,Gefion,145726,15.94,,,,,,,,,0.1487,2.755,2.345,9.48
798,146468,15.36,-0.49,516,1272,Gefion,146468,15.98,,,,,,,,,0.1469,2.738,2.336,8.5
799,146524,14.86,0.31,516,1272,Gefion,146524,15.38,,,,,,,,,0.1547,2.807,2.373,9.31
800,146587,15.01,-0.62,516,1272,Gefion,146587,15.48,4.854,0.068,,,,,,,0.1186,2.735,2.411,7.89
801,146599,15.36,-0.28,516,1272,Gefion,146599,15.64,2.483,0.198,,,,,,,0.145,2.757,2.358,8.24
802,146630,15.35,-0.6,516,1272,Gefion,146630,16.03,4.186,0.064,9.386,,,,,,0.1437,2.727,2.335,8.21
803,146632,14.89,-0.07,516,1272,Gefion,146632,15.48,,,,,,,,,0.1399,2.779,2.39,10.59
804,146664,15.53,-0.06,516,1272,Gefion,146664,16.0,,,,,,,,,0.1107,2.779,2.471,8.72
805,146671,15.56,-0.5,516,1272,Gefion,146671,15.95,,,,,,,,,0.1485,2.732,2.326,8.06
806,146706,15.34,-0.61,516,1272,Gefion,146706,15.62,,,,,,,,,0.1323,2.727,2.366,8.62
807,146742,15.46,-0.62,516,1272,Gefion,146742,15.88,,,,,,,,,0.1393,2.723,2.343,10.09
808,147292,15.55,-0.38,516,1272,Gefion,147292,15.98,,,,,,,,,0.1253,2.745,2.401,8.22
809,147315,15.17,0.15,516,1272,Gefion,147315,15.85,,,,,,,,,0.1185,2.795,2.464,8.35
810,147326,15.27,0.0,516,1272,Gefion,147326,15.79,,,,,,,,,0.0978,2.785,2.513,9.08
811,147370,16.04,-0.24,516,1272,Gefion,147370,16.29,,,,,,,,,0.1279,2.754,2.401,9.85
812,147373,16.26,-0.17,516,1272,Gefion,147373,16.34,,,,,,,,,0.0898,2.762,2.513,8.21
813,147401,15.1,0.32,516,1272,Gefion,147401,15.34,,,,,,,,,0.0864,2.812,2.569,9.96
814,147661,15.09,0.14,516,1272,Gefion,147661,15.53,2.813,0.204,,,,,,,0.1314,2.796,2.429,10.24
815,148713,15.19,-0.74,516,1272,Gefion,148713,15.4,,,,,,,,,0.1106,2.719,2.418,8.93
816,148739,15.46,-0.1,516,1272,Gefion,148739,15.85,,,,,,,,,0.1137,2.775,2.46,8.5
817,148740,14.81,-0.64,516,1272,Gefion,148740,15.28,,,92.743,,,,,,0.1368,2.736,2.362,9.14
818,148755,15.66,-0.33,516,1272,Gefion,148755,16.03,,,,,,,,,0.1485,2.747,2.339,9.07
819,148997,15.38,-0.08,516,1272,Gefion,148997,15.61,,,,,,,,,0.1096,2.777,2.473,8.43
820,149551,15.44,-0.43,516,1272,Gefion,149551,15.7,,,,,,,,,0.0973,2.741,2.475,9.98
821,149749,15.37,-0.69,516,1272,Gefion,149749,15.72,,,,,,,,,0.1261,2.717,2.375,10.14
822,149886,15.53,-0.46,516,1272,Gefion,149886,15.81,,,,,,,,,0.1113,2.736,2.432,8.48
823,149906,15.54,-0.14,516,1272,Gefion,149906,15.73,,,,,,,,,0.0971,2.771,2.502,8.57
824,150065,16.09,-0.02,516,1272,Gefion,150065,16.17,,,,,,,,,0.1554,2.781,2.349,9.5
825,150117,15.13,0.12,516,1272,Gefion,150117,15.51,,,,,,,,,0.1014,2.795,2.512,9.26
826,150540,15.43,-0.16,516,1272,Gefion,150540,15.79,,,,,,,,,0.1537,2.768,2.342,8.36
827,151134,15.25,-0.16,516,1272,Gefion,151134,15.64,,,,,,,,,0.0962,2.77,2.503,10.14
828,151294,15.28,0.27,516,1272,Gefion,151294,15.64,,,,,,,,,0.1232,2.811,2.464,8.58
829,151810,15.12,-0.51,516,1272,Gefion,151810,15.37,,,,,,,,,0.115,2.739,2.424,8.98
830,152046,15.36,-0.34,516,1272,Gefion,152046,15.8,,,,,,,,,0.1421,2.749,2.358,9.57
831,152529,15.58,0.04,516,1272,Gefion,152529,15.78,,,,,,,,,0.0931,2.789,2.53,7.99
832,152677,14.99,-0.19,516,1272,Gefion,152677,15.31,,,,,,,,,0.0986,2.768,2.495,9.94
833,153121,15.18,0.29,516,1272,Gefion,153121,15.55,,,,,,,,,0.1352,2.809,2.429,8.36
834,154048,15.07,-0.34,516,1272,Gefion,154048,15.57,,,,,,,,,0.1174,2.755,2.431,8.43
835,154053,15.86,-0.02,516,1272,Gefion,154053,16.04,,,,,,,,,0.1179,2.781,2.453,9.29
836,154130,15.01,0.38,516,1272,Gefion,154130,15.42,,,,,,,,,0.093,2.814,2.552,8.17
837,154501,15.3,-0.46,516,1272,Gefion,154501,15.54,,,,,,,,,0.124,2.74,2.4,10.29
838,154886,15.35,-0.46,516,1272,Gefion,154886,15.65,,,,,,,,,0.1412,2.738,2.352,8.49
839,155220,15.7,-0.18,516,1272,Gefion,155220,16.04,,,,,,,,,0.1207,2.764,2.43,7.71
840,155407,15.84,-0.39,516,1272,Gefion,155407,16.05,,,,,,,,,0.1478,2.738,2.333,8.1
841,155442,15.34,-0.23,516,1272,Gefion,155442,15.81,,,,,,,,,0.0961,2.762,2.497,9.95
842,155541,14.93,-0.15,516,1272,Gefion,155541,15.43,,,,,,,,,0.144,2.771,2.372,8.59
843,155569,15.42,0.1,516,1272,Gefion,155569,15.71,,,,,,,,,0.1239,2.792,2.446,9.53
844,155765,15.58,-0.06,516,1272,Gefion,155765,16.0,,,,,,,,,0.1377,2.776,2.394,8.24
845,156594,14.65,0.18,516,1272,Gefion,156594,15.06,3.063,0.248,,,,,,,0.1547,2.794,2.362,9.95
846,157295,15.27,-0.7,516,1272,Gefion,157295,15.58,,,,,,,,,0.0939,2.72,2.465,8.09
847,157331,15.33,0.02,516,1272,Gefion,157331,15.48,,,,,,,,,0.103,2.785,2.498,9.35
848,157353,15.38,-0.52,516,1272,Gefion,157353,15.76,,,,,,,,,0.1544,2.735,2.313,9.92
849,157582,15.9,-0.38,516,1272,Gefion,157582,16.22,,,,,,,,,0.1169,2.737,2.417,7.96
850,158512,15.3,-0.49,516,1272,Gefion,158512,15.71,,,,,,,,,0.1089,2.738,2.44,9.61
851,158530,15.77,-0.17,516,1272,Gefion,158530,16.09,,,,,,,,,0.0904,2.763,2.513,8.86
852,158544,15.09,-0.11,516,1272,Gefion,158544,15.44,,,,,,,,,0.1538,2.774,2.347,9.34
853,158552,15.48,0.04,516,1272,Gefion,158552,15.69,,,,,,,,,0.0968,2.788,2.518,8.13
854,158992,15.79,-0.44,516,1272,Gefion,158992,16.13,3.908,0.05,,,,,,,0.1226,2.732,2.397,8.98
855,159252,15.48,-0.44,516,1272,Gefion,159252,15.74,,,,,,,,,0.1283,2.739,2.388,10.51
856,159655,15.45,-0.13,516,1272,Gefion,159655,15.63,,,,,,,,,0.1043,2.769,2.48,10.13
857,159670,15.01,0.13,516,1272,Gefion,159670,15.31,,,,,,,,,0.1041,2.793,2.502,10.37
858,160346,15.4,0.06,516,1272,Gefion,160346,15.65,,,,,,,,,0.1082,2.789,2.487,8.08
859,160450,15.98,-0.2,516,1272,Gefion,160450,16.05,,,,,,,,,0.1335,2.758,2.39,9.5
860,161605,15.78,-0.65,516,1272,Gefion,161605,16.03,,,,,,,,,0.0937,2.71,2.456,9.17
861,162122,15.33,-0.65,516,1272,Gefion,162122,15.65,,,,,,,,,0.1509,2.723,2.312,8.54
862,162863,15.19,-0.18,516,1272,Gefion,162863,15.53,,,,,,,,,0.0941,2.768,2.507,9.21
863,162872,14.99,-0.15,516,1272,Gefion,162872,15.36,2.563,0.224,21.0204,,,,,,0.091,2.771,2.519,9.22
864,162875,15.21,0.1,516,1272,Gefion,162875,15.31,2.88,0.177,,,,,,,0.0928,2.793,2.534,7.97
865,162879,15.77,-0.28,516,1272,Gefion,162879,16.01,,,,,,,,,0.0997,2.75,2.476,9.26
866,163391,15.17,-0.15,516,1272,Gefion,163391,15.54,,,,,,,,,0.1049,2.771,2.48,7.84
867,163404,15.49,0.21,516,1272,Gefion,163404,15.74,2.384,0.179,,,,,,,0.0981,2.803,2.528,9.46
868,163860,15.42,-0.48,516,1272,Gefion,163860,15.87,3.375,0.081,,,,,,,0.0978,2.737,2.47,8.35
869,163863,15.21,-0.49,516,1272,Gefion,163863,15.59,,,,,,,,,0.1297,2.742,2.386,8.03
870,164180,15.12,0.21,516,1272,Gefion,164180,15.42,,,,,,,,,0.1421,2.803,2.405,9.88
871,164755,15.06,-0.61,516,1272,Gefion,164755,15.45,,,3.65,,,,,,0.1448,2.734,2.338,7.94
872,165036,15.15,0.18,516,1272,Gefion,165036,15.54,2.489,0.26,,,,,,,0.086,2.798,2.557,9.13
873,165046,15.32,-0.37,516,1272,Gefion,165046,15.73,,,,,,,,,0.1163,2.748,2.429,9.54
874,165076,15.65,-0.05,516,1272,Gefion,165076,15.94,,,1.33,,,,,,0.0846,2.778,2.543,9.64
875,165078,15.64,0.15,516,1272,Gefion,165078,15.99,,,,,,,,,0.1155,2.799,2.476,9.09
876,166494,15.68,-0.61,516,1272,Gefion,166494,16.05,,,,,,,,,0.1204,2.716,2.389,7.87
877,166539,15.08,-0.21,516,1272,Gefion,166539,15.58,,,,,,,,,0.1073,2.766,2.469,8.96
878,166598,15.43,-0.46,516,1272,Gefion,166598,15.76,2.698,0.088,,,,,,,0.1482,2.739,2.333,10.12
879,166669,14.95,0.19,516,1272,Gefion,166669,15.45,,,,,,,,,0.1341,2.8,2.425,8.24
880,167327,15.37,-0.69,516,1272,Gefion,167327,15.77,,,,,,,,,0.0969,2.719,2.455,8.34
881,167940,15.49,-0.27,516,1272,Gefion,167940,15.8,,,,,,,,,0.1042,2.756,2.469,9.61
882,167947,15.59,-0.38,516,1272,Gefion,167947,15.88,,,,,,,,,0.0989,2.743,2.472,8.82
883,168148,15.85,0.22,516,1272,Gefion,168148,16.08,,,,,,,,,0.1115,2.808,2.495,9.41
884,168616,15.67,0.11,516,1272,Gefion,168616,15.83,,,,,,,,,0.1311,2.797,2.43,8.06
885,168662,15.29,0.35,516,1272,Gefion,168662,15.6,2.305,0.23,,,,,,,0.0876,2.813,2.567,9.77
886,168709,15.38,-0.25,516,1272,Gefion,168709,15.75,,,,,,,,,0.1054,2.759,2.468,9.67
887,169102,15.58,0.0,516,1272,Gefion,169102,15.87,2.225,0.187,,,,,,,0.1188,2.784,2.453,9.16
888,169124,15.42,-0.02,516,1272,Gefion,169124,15.75,,,,,,,,,0.1548,2.781,2.35,9.84
889,169818,15.53,-0.53,516,1272,Gefion,169818,15.87,,,,,,,,,0.1138,2.729,2.418,10.03
890,169872,15.35,0.29,516,1272,Gefion,169872,15.84,,,,,,,,,0.1427,2.813,2.411,8.57
891,169884,15.53,-0.05,516,1272,Gefion,169884,15.88,,,,,,,,,0.1356,2.78,2.403,8.54
892,169959,15.26,-0.59,516,1272,Gefion,169959,15.74,,,,,,,,,0.1462,2.729,2.33,8.43
893,170660,15.56,0.11,516,1272,Gefion,170660,15.78,,,,,,,,,0.1183,2.794,2.464,10.33
894,171070,15.24,0.21,516,1272,Gefion,171070,15.57,,,,,,,,,0.1108,2.801,2.491,9.3
895,171131,15.78,-0.07,516,1272,Gefion,171131,16.04,,,,,,,,,0.1187,2.776,2.446,10.08
896,171133,15.93,-0.45,516,1272,Gefion,171133,16.2,,,,,,,,,0.1096,2.727,2.428,8.36
897,171138,16.42,-0.19,516,1272,Gefion,171138,16.41,,,,,,,,,0.1009,2.754,2.476,8.75
898,171215,15.15,-0.07,516,1272,Gefion,171215,15.58,,,,,,,,,0.0844,2.777,2.543,7.56
899,172262,15.45,-0.12,516,1272,Gefion,172262,15.77,,,,,,,,,0.1552,2.772,2.342,8.76
900,172335,15.32,-0.08,516,1272,Gefion,172335,15.69,,,,,,,,,0.1411,2.776,2.384,10.0
901,172356,14.98,0.4,516,1272,Gefion,172356,15.69,,,,,,,,,0.0936,2.813,2.549,8.37
902,173024,15.39,-0.38,516,1272,Gefion,173024,15.66,,,,,,,,,0.1493,2.746,2.336,8.73
903,173029,15.61,-0.53,516,1272,Gefion,173029,15.93,,,,,,,,,0.1114,2.727,2.423,10.17
904,173041,15.96,-0.5,516,1272,Gefion,173041,16.27,,,,,,,,,0.1349,2.722,2.355,10.14
905,173057,15.38,0.12,516,1272,Gefion,173057,15.73,,,,,,,,,0.1153,2.793,2.471,8.3
906,173757,15.22,-0.07,516,1272,Gefion,173757,15.6,,,,,,,,,0.1076,2.776,2.477,9.7
907,174363,16.2,-0.28,516,1272,Gefion,174363,16.25,,,,,,,,,0.0936,2.745,2.488,10.45
908,174450,15.47,-0.64,516,1272,Gefion,174450,15.79,,,,,,,,,0.1269,2.72,2.375,8.23
909,174462,15.36,-0.05,516,1272,Gefion,174462,15.86,,,,,,,,,0.1034,2.778,2.49,8.26
910,175000,15.27,-0.12,516,1272,Gefion,175000,15.6,2.672,0.156,,,,,,,0.1189,2.771,2.442,10.53
911,175017,15.28,-0.62,516,1272,Gefion,175017,15.7,,,,,,,,,0.1,2.73,2.457,10.18
912,175204,15.25,-0.17,516,1272,Gefion,175204,15.56,2.58,0.201,,,,,,,0.104,2.768,2.48,10.09
913,175293,15.56,0.0,516,1272,Gefion,175293,15.73,,,,,,,,,0.0983,2.782,2.508,8.09
914,175306,15.93,-0.42,516,1272,Gefion,175306,16.13,,,,,,,,,0.1326,2.733,2.371,9.9
915,175486,16.21,-0.44,516,1272,Gefion,175486,16.28,3.313,0.049,,,,,,,0.1308,2.724,2.367,7.73
916,175949,15.34,-0.77,516,1272,Gefion,175949,15.71,,,,,,,,,0.1119,2.711,2.408,9.98
917,176320,15.12,-0.16,516,1272,Gefion,176320,15.66,,,,,,,,,0.0905,2.77,2.519,9.17
918,176370,15.25,-0.35,516,1272,Gefion,176370,15.68,,,,,,,,,0.0867,2.752,2.514,8.71
919,176386,15.48,0.32,516,1272,Gefion,176386,15.89,,,,,,,,,0.1492,2.815,2.395,9.67
920,176722,16.05,-0.25,516,1272,Gefion,176722,16.38,,,,,,,,,0.1532,2.752,2.331,7.66
921,177346,15.13,-0.4,516,1272,Gefion,177346,15.55,,,,,,,,,0.1091,2.748,2.448,10.33
922,177427,15.3,-0.52,516,1272,Gefion,177427,15.74,,,,,,,,,0.0869,2.735,2.497,10.58
923,177503,15.49,-0.6,516,1272,Gefion,177503,15.75,,,,,,,,,0.1334,2.725,2.361,9.68
924,177616,15.38,-0.31,516,1272,Gefion,177616,15.66,,,,,,,,,0.0867,2.754,2.516,8.2
925,179144,15.13,-0.44,516,1272,Gefion,179144,15.65,2.496,0.215,,,,,,,0.1269,2.748,2.399,8.04
926,179654,16.06,-0.43,516,1272,Gefion,179654,16.16,,,,,,,,,0.0934,2.727,2.472,8.88
927,180004,15.72,-0.66,516,1272,Gefion,180004,16.09,,,,,,,,,0.1083,2.711,2.417,10.1
928,180060,15.22,-0.33,516,1272,Gefion,180060,15.81,5.284,0.053,,,,,,,0.1042,2.756,2.469,10.49
929,180073,15.48,0.27,516,1272,Gefion,180073,15.72,,,,,,,,,0.0954,2.809,2.541,7.66
930,180087,15.1,-0.26,516,1272,Gefion,180087,15.46,,,,,,,,,0.0891,2.765,2.519,8.03
931,181084,15.51,-0.59,516,1272,Gefion,181084,15.91,,,,,,,,,0.1285,2.726,2.375,9.93
932,181134,15.29,-0.35,516,1272,Gefion,181134,15.79,,,,,,,,,0.1156,2.756,2.437,9.85
933,181543,15.56,-0.47,516,1272,Gefion,181543,16.09,,,,,,,,,0.0988,2.735,2.465,8.68
934,182133,15.64,-0.25,516,1272,Gefion,182133,15.79,,,,,,,,,0.0883,2.759,2.515,9.52
935,182489,14.66,-0.28,516,1272,Gefion,182489,15.24,,,,,,,,,0.1363,2.765,2.388,8.76
936,183444,15.37,0.11,516,1272,Gefion,183444,15.95,,,,,,,,,0.0982,2.793,2.519,9.92
937,183532,15.07,-0.76,516,1272,Gefion,183532,15.42,,,5.08,,,,,,0.0906,2.72,2.474,9.88
938,183542,16.39,-0.15,516,1272,Gefion,183542,16.46,,,,,,,,,0.145,2.76,2.36,8.55
939,184710,16.12,-0.06,516,1272,Gefion,184710,16.28,,,,,,,,,0.1363,2.78,2.402,8.98
940,185518,15.39,-0.22,516,1272,Gefion,185518,15.74,,,,,,,,,0.0923,2.762,2.507,7.62
941,185896,15.17,-0.62,516,1272,Gefion,185896,15.54,,,,,,,,,0.1283,2.729,2.379,8.23
942,185902,15.51,-0.44,516,1272,Gefion,185902,15.92,,,,,,,,,0.1297,2.737,2.382,9.65
943,186144,15.32,-0.56,516,1272,Gefion,186144,15.96,,,,,,,,,0.1353,2.731,2.361,10.01
944,186261,15.34,0.31,516,1272,Gefion,186261,15.79,,,,,,,,,0.1018,2.814,2.528,7.94
945,186916,15.41,0.17,516,1272,Gefion,186916,15.8,,,,,,,,,0.102,2.804,2.518,9.34
946,187641,16.21,-0.27,516,1272,Gefion,187641,16.3,,,,,,,,,0.135,2.744,2.374,9.59
947,188491,15.92,-0.05,516,1272,Gefion,188491,16.18,,,,,,,,,0.1384,2.777,2.393,10.08
948,188814,15.53,0.04,516,1272,Gefion,188814,15.83,,,,,,,,,0.0933,2.788,2.528,8.12
949,189404,15.95,0.09,516,1272,Gefion,189404,16.16,,,,,,,,,0.0856,2.798,2.558,8.92
950,190102,15.86,-0.11,516,1272,Gefion,190102,16.26,,,,,,,,,0.1517,2.769,2.349,8.5
951,190249,15.91,-0.32,516,1272,Gefion,190249,16.12,,,,,,,,,0.1483,2.743,2.336,9.77
952,190299,15.5,-0.07,516,1272,Gefion,190299,15.72,,,,,,,,,0.1483,2.777,2.365,10.3
953,190414,16.23,-0.14,516,1272,Gefion,190414,16.3,,,,,,,,,0.1549,2.763,2.335,9.02
954,190421,15.24,0.23,516,1272,Gefion,190421,15.74,,,,,,,,,0.1552,2.804,2.369,8.01
955,190680,14.87,-0.77,516,1272,Gefion,190680,15.35,2.552,0.271,,,,,,,0.1088,2.727,2.43,8.74
956,190683,15.21,-0.26,516,1272,Gefion,190683,15.59,,,,,,,,,0.0955,2.761,2.498,8.94
957,191343,15.14,0.09,516,1272,Gefion,191343,15.54,,,,,,,,,0.1451,2.789,2.384,8.26
958,191862,15.32,-0.43,516,1272,Gefion,191862,15.7,,,,,,,,,0.1428,2.745,2.354,8.04
959,192758,15.13,-0.76,516,1272,Gefion,192758,15.52,2.455,0.222,,,,,,,0.1016,2.72,2.444,8.33
960,192791,15.3,-0.67,516,1272,Gefion,192791,15.61,,,,,,,,,0.1274,2.723,2.376,9.69
961,192796,15.35,-0.5,516,1272,Gefion,192796,15.54,2.539,0.19,5.0301,,,,,,0.1306,2.739,2.381,8.45
962,193010,15.48,0.27,516,1272,Gefion,193010,15.72,,,,,,,,,0.1117,2.813,2.498,10.22
963,193575,15.18,-0.34,516,1272,Gefion,193575,15.58,2.451,0.268,,,,,,,0.0898,2.755,2.507,10.08
964,193645,15.41,0.15,516,1272,Gefion,193645,15.79,,,,,,,,,0.0882,2.799,2.553,8.84
965,193725,15.53,-0.47,516,1272,Gefion,193725,15.83,2.173,0.196,,,,,,,0.1038,2.735,2.451,9.97
966,195078,15.26,-0.57,516,1272,Gefion,195078,15.64,,,,,,,,,0.1121,2.732,2.426,8.84
967,195394,15.12,-0.17,516,1272,Gefion,195394,15.66,,,,,,,,,0.1136,2.768,2.454,8.64
968,195397,15.2,-0.21,516,1272,Gefion,195397,15.7,,,,,,,,,0.1308,2.764,2.402,9.13
969,195463,15.41,-0.56,516,1272,Gefion,195463,15.77,,,,,,,,,0.1187,2.729,2.405,9.95
970,195485,15.22,-0.17,516,1272,Gefion,195485,15.64,,,,,,,,,0.0987,2.768,2.494,10.1
971,195506,14.91,0.23,516,1272,Gefion,195506,15.43,,,,,,,,,0.1405,2.799,2.406,10.23
972,195519,15.7,-0.4,516,1272,Gefion,195519,16.0,,,,,,,,,0.085,2.74,2.507,8.74
973,195544,15.18,0.08,516,1272,Gefion,195544,15.65,,,,,,,,,0.144,2.79,2.388,9.38
974,195595,14.89,0.04,516,1272,Gefion,195595,15.42,,,,,,,,,0.144,2.786,2.385,7.88
975,196526,15.23,-0.4,516,1272,Gefion,196526,15.69,,,,,,,,,0.133,2.748,2.383,8.04
976,196529,16.12,-0.41,516,1272,Gefion,196529,16.27,,,,,,,,,0.1385,2.729,2.351,8.24
977,196628,15.6,-0.09,516,1272,Gefion,196628,16.16,,,,,,,,,0.1455,2.775,2.372,8.26
978,196671,16.34,0.09,516,1272,Gefion,196671,16.29,,,,,,,,,0.0873,2.797,2.553,8.81
979,196785,15.77,-0.12,516,1272,Gefion,196785,15.96,,,,,,,,,0.1355,2.771,2.396,8.36
980,196877,15.06,0.03,516,1272,Gefion,196877,15.37,2.869,0.196,,,,,,,0.1095,2.788,2.482,7.87
981,197158,15.18,0.0,516,1272,Gefion,197158,15.55,,,,,,,,,0.1332,2.786,2.415,9.92
982,198567,15.88,-0.27,516,1272,Gefion,198567,16.15,,,,,,,,,0.1495,2.753,2.342,8.18
983,199270,15.86,-0.22,516,1272,Gefion,199270,16.18,,,,,,,,,0.1116,2.758,2.45,9.97
984,199310,15.32,-0.29,516,1272,Gefion,199310,15.63,,,,,,,,,0.1158,2.755,2.436,10.66
985,199415,15.5,0.08,516,1272,Gefion,199415,15.68,,,,,,,,,0.1084,2.793,2.491,9.63
986,200275,15.4,-0.33,516,1272,Gefion,200275,15.75,4.425,0.053,,,,,,,0.1433,2.754,2.359,8.87
987,200548,15.34,-0.22,516,1272,Gefion,200548,15.62,2.49,0.197,,,,,,,0.0962,2.763,2.497,9.11
988,201228,15.89,0.17,516,1272,Gefion,201228,16.02,,,,,,,,,0.1392,2.806,2.416,10.45
989,201526,15.21,-0.77,516,1272,Gefion,201526,15.63,,,,,,,,,0.135,2.717,2.35,8.94
990,201595,15.37,-0.28,516,1272,Gefion,201595,15.76,,,,,,,,,0.1419,2.759,2.367,8.09
991,201660,16.42,0.09,516,1272,Gefion,201660,16.35,,,,,,,,,0.0914,2.797,2.541,8.19
992,201703,15.19,-0.07,516,1272,Gefion,201703,15.63,,,,,,,,,0.1322,2.779,2.412,8.5
993,202802,15.71,-0.34,516,1272,Gefion,202802,15.93,4.19,0.048,,,,,,,0.1516,2.747,2.331,8.68
994,202994,15.8,-0.18,516,1272,Gefion,202994,16.22,,,,,,,,,0.0986,2.763,2.491,10.19
995,203174,15.13,-0.56,516,1272,Gefion,203174,15.66,,,,,,,,,0.1173,2.737,2.416,7.9
996,203668,15.61,-0.39,516,1272,Gefion,203668,15.95,,,,,,,,,0.1244,2.743,2.402,8.22
997,203801,15.06,0.1,516,1272,Gefion,203801,15.58,,,,,,,,,0.1422,2.792,2.395,8.23
998,204037,15.44,-0.49,516,1272,Gefion,204037,15.75,,,,,,,,,0.1335,2.736,2.371,8.13
999,204816,16.31,0.12,516,1272,Gefion,204816,16.68,,,,,,,,,0.1398,2.803,2.411,8.54
1000,206054,15.48,-0.05,516,1272,Gefion,206054,15.8,,,,,,,,,0.1147,2.779,2.461,8.1
1001,206090,15.57,-0.28,516,1272,Gefion,206090,16.02,,,,,,,,,0.1537,2.754,2.331,9.92
1002,206152,15.07,-0.22,516,1272,Gefion,206152,15.45,2.535,0.251,,,,,,,0.1486,2.766,2.354,7.97
1003,206411,15.6,-0.18,516,1272,Gefion,206411,16.0,4.639,0.047,,,,,,,0.1552,2.766,2.337,8.59
1004,206580,15.58,-0.46,516,1272,Gefion,206580,15.91,,,,,,,,,0.1385,2.736,2.357,10.34
1005,206768,15.22,-0.12,516,1272,Gefion,206768,15.67,,,,,,,,,0.0982,2.772,2.5,9.32
1006,207278,15.64,0.19,516,1272,Gefion,207278,15.89,,,,,,,,,0.1043,2.806,2.513,10.14
1007,207600,15.55,-0.41,516,1272,Gefion,207600,15.88,,,,,,,,,0.0915,2.74,2.489,8.39
1008,208413,16.08,0.02,516,1272,Gefion,208413,16.41,,,,,,,,,0.1179,2.785,2.457,9.23
1009,209276,15.87,-0.47,516,1272,Gefion,209276,16.14,,,,,,,,,0.0853,2.726,2.494,9.51
1010,209835,15.54,-0.07,516,1272,Gefion,209835,15.9,,,,,,,,,0.1158,2.776,2.454,10.19
1011,210086,15.76,0.11,516,1272,Gefion,210086,16.11,,,,,,,,,0.1474,2.795,2.383,8.74
1012,210292,15.12,-0.37,516,1272,Gefion,210292,15.53,,,,,,,,,0.094,2.753,2.494,8.12
1013,210349,15.82,-0.32,516,1272,Gefion,210349,15.93,,,,,,,,,0.1033,2.745,2.461,7.94
1014,210442,15.98,-0.46,516,1272,Gefion,210442,16.15,,,,,,,,,0.0863,2.725,2.489,8.15
1015,210840,15.9,-0.22,516,1272,Gefion,210840,16.15,,,,,,,,,0.132,2.756,2.392,10.38
1016,211310,15.45,-0.05,516,1272,Gefion,211310,15.98,,,,,,,,,0.1525,2.78,2.356,8.39
1017,211753,15.9,-0.45,516,1272,Gefion,211753,16.32,,,,,,,,,0.1042,2.728,2.443,8.79
1018,211797,15.19,-0.02,516,1272,Gefion,211797,15.65,,,,,,,,,0.0874,2.781,2.538,9.34
1019,212521,15.95,-0.31,516,1272,Gefion,212521,15.99,,,,,,,,,0.1145,2.744,2.43,9.04
1020,212560,15.98,-0.23,516,1272,Gefion,212560,16.35,,,,,,,,,0.1073,2.754,2.459,8.88
1021,212685,15.8,0.13,516,1272,Gefion,212685,16.21,,,,,,,,,0.1124,2.797,2.483,9.65
1022,212761,15.75,-0.24,516,1272,Gefion,212761,16.03,,,,,,,,,0.0965,2.755,2.489,8.52
1023,212825,15.97,-0.1,516,1272,Gefion,212825,16.42,,,,,,,,,0.099,2.77,2.496,8.12
1024,213305,15.63,0.04,516,1272,Gefion,213305,16.0,,,,,,,,,0.1553,2.788,2.355,8.3
1025,213329,15.77,-0.16,516,1272,Gefion,213329,16.22,,,,,,,,,0.1472,2.766,2.359,8.8
1026,213654,16.37,-0.22,516,1272,Gefion,213654,16.71,,,,,,,,,0.1308,2.75,2.39,8.91
1027,214002,15.21,-0.06,516,1272,Gefion,214002,15.67,,,,,,,,,0.1023,2.777,2.493,9.99
1028,214005,15.32,-0.23,516,1272,Gefion,214005,15.69,,,,,,,,,0.0951,2.761,2.499,9.48
1029,214025,15.9,-0.52,516,1272,Gefion,214025,16.28,,,,,,,,,0.1338,2.72,2.356,9.26
1030,214040,15.82,0.06,516,1272,Gefion,214040,16.06,,,,,,,,,0.0994,2.79,2.513,10.09
1031,214415,16.25,-0.33,516,1272,Gefion,214415,16.39,,,,,,,,,0.0884,2.741,2.498,8.55
1032,214592,16.07,-0.25,516,1272,Gefion,214592,16.29,,,,,,,,,0.1547,2.75,2.325,9.38
1033,214599,16.76,-0.33,516,1272,Gefion,214599,16.81,,,,,,,,,0.1333,2.726,2.363,9.52
1034,214701,15.51,0.29,516,1272,Gefion,214701,15.76,,,,,,,,,0.091,2.814,2.558,9.44
1035,214762,16.28,-0.1,516,1272,Gefion,214762,16.29,,,,,,,,,0.1084,2.768,2.468,10.16
1036,215527,15.53,-0.45,516,1272,Gefion,215527,15.99,,,,,,,,,0.1518,2.736,2.321,8.5
1037,215970,15.21,0.05,516,1272,Gefion,215970,15.71,2.212,0.25,,,,,,,0.1518,2.791,2.368,10.41
1038,216502,15.72,-0.18,516,1272,Gefion,216502,16.16,,,,,,,,,0.0863,2.762,2.524,9.32
1039,216688,16.07,0.08,516,1272,Gefion,216688,16.27,,,,,,,,,0.1022,2.792,2.507,9.75
1040,216797,16.34,-0.39,516,1272,Gefion,216797,16.68,,,,,,,,,0.0964,2.726,2.463,8.59
1041,216890,15.81,0.19,516,1272,Gefion,216890,15.92,,,,,,,,,0.0934,2.805,2.543,7.63
1042,216899,16.38,-0.41,516,1272,Gefion,216899,16.4,,,,,,,,,0.1501,2.724,2.315,10.28
1043,217224,15.49,-0.14,516,1272,Gefion,217224,15.77,,,,,,,,,0.1121,2.768,2.457,10.72
1044,217769,15.88,-0.47,516,1272,Gefion,217769,16.05,,,,,,,,,0.1322,2.726,2.366,8.53
1045,217770,15.53,-0.45,516,1272,Gefion,217770,15.84,,,,,,,,,0.1546,2.737,2.314,10.4
1046,218280,15.76,0.18,516,1272,Gefion,218280,15.94,,,,,,,,,0.1508,2.808,2.384,9.24
1047,218334,15.54,-0.12,516,1272,Gefion,218334,15.95,,,,,,,,,0.0952,2.77,2.506,8.34
1048,218729,15.35,-0.09,516,1272,Gefion,218729,15.6,,,,,,,,,0.0938,2.776,2.516,8.75
1049,219079,15.79,-0.33,516,1272,Gefion,219079,16.06,,,,,,,,,0.0878,2.746,2.505,9.37
1050,219388,15.24,-0.56,516,1272,Gefion,219388,15.86,,,,,,,,,0.1286,2.733,2.382,8.49
1051,220605,15.92,0.0,516,1272,Gefion,220605,16.28,,,,,,,,,0.1551,2.782,2.35,9.34
1052,220607,15.33,0.27,516,1272,Gefion,220607,15.85,,,,,,,,,0.1322,2.812,2.44,8.24
1053,221140,15.83,-0.07,516,1272,Gefion,221140,16.24,,,,,,,,,0.1376,2.775,2.394,7.87
1054,221246,15.84,-0.19,516,1272,Gefion,221246,16.19,,,,,,,,,0.1486,2.761,2.351,8.62
1055,221293,15.77,-0.52,516,1272,Gefion,221293,16.15,,,,,,,,,0.1152,2.724,2.41,9.27
1056,221312,16.0,-0.25,516,1272,Gefion,221312,16.17,,,,,,,,,0.1515,2.75,2.333,8.97
1057,221314,15.53,-0.69,516,1272,Gefion,221314,15.87,,,,,,,,,0.1354,2.711,2.344,10.24
1058,221638,15.7,-0.54,516,1272,Gefion,221638,15.84,,,,,,,,,0.0847,2.724,2.493,8.7
1059,221749,15.78,-0.16,516,1272,Gefion,221749,15.95,,,,,,,,,0.0881,2.766,2.522,9.12
1060,222327,15.63,-0.57,516,1272,Gefion,222327,15.95,,,,,,,,,0.15,2.721,2.313,8.48
1061,222356,15.3,-0.62,516,1272,Gefion,222356,15.64,,,,,,,,,0.1313,2.726,2.368,9.28
1062,222816,16.17,-0.43,516,1272,Gefion,222816,16.36,,,,,,,,,0.0959,2.725,2.464,9.52
1063,223285,15.99,0.16,516,1272,Gefion,223285,16.23,,,,,,,,,0.116,2.809,2.483,8.52
1064,223774,15.47,0.27,516,1272,Gefion,223774,15.87,,,,,,,,,0.1468,2.813,2.4,9.9
1065,224420,16.62,0.04,516,1272,Gefion,224420,16.74,,,,,,,,,0.098,2.79,2.516,9.2
1066,224861,15.94,0.03,516,1272,Gefion,224861,15.98,,,,,,,,,0.0855,2.788,2.55,9.77
1067,225033,15.48,0.12,516,1272,Gefion,225033,15.72,,,,,,,,,0.1524,2.794,2.368,10.29
1068,225078,15.6,-0.31,516,1272,Gefion,225078,15.9,,,,,,,,,0.091,2.751,2.5,10.08
1069,225566,15.96,-0.52,516,1272,Gefion,225566,16.28,,,,,,,,,0.1225,2.717,2.384,8.36
1070,226012,15.37,-0.72,516,1272,Gefion,226012,16.07,4.084,0.073,,,,,,,0.1068,2.716,2.426,8.86
1071,226057,15.51,-0.17,516,1272,Gefion,226057,15.98,,,,,,,,,0.0953,2.767,2.504,9.58
1072,226752,15.26,-0.52,516,1272,Gefion,226752,15.73,,,,,,,,,0.1204,2.735,2.406,10.62
1073,226768,15.52,-0.19,516,1272,Gefion,226768,15.86,,,,,,,,,0.1215,2.765,2.429,9.28
1074,226797,15.22,-0.5,516,1272,Gefion,226797,15.59,5.142,0.056,,,,,,,0.1463,2.74,2.339,7.9
1075,226801,15.7,0.0,516,1272,Gefion,226801,16.2,,,,,,,,,0.1469,2.784,2.375,10.44
1076,226838,15.46,-0.25,516,1272,Gefion,226838,16.02,,,6.196,,,,,,0.1402,2.76,2.373,8.14
1077,227679,16.16,0.02,516,1272,Gefion,227679,16.25,,,,,,,,,0.1443,2.785,2.383,9.81
1078,228390,14.86,0.07,516,1272,Gefion,228390,15.38,2.662,0.249,,,,,,,0.1108,2.789,2.48,10.47
1079,228611,15.9,-0.41,516,1272,Gefion,228611,16.27,,,,,,,,,0.1065,2.734,2.443,9.0
1080,228867,15.83,-0.03,516,1272,Gefion,228867,16.11,,,,,,,,,0.1048,2.781,2.489,8.44
1081,229577,15.72,-0.35,516,1272,Gefion,229577,15.97,,,,,,,,,0.1161,2.745,2.426,7.58
1082,229602,16.23,-0.1,516,1272,Gefion,229602,16.3,4.098,0.042,,,,,,,0.1491,2.77,2.357,8.93
1083,229630,15.61,0.26,516,1272,Gefion,229630,15.7,,,,,,,,,0.1078,2.809,2.506,9.97
1084,229904,15.45,-0.64,516,1272,Gefion,229904,15.78,4.975,0.045,,,,,,,0.1099,2.72,2.421,10.5
1085,230684,16.48,0.16,516,1272,Gefion,230684,16.27,,,,,,,,,0.1172,2.806,2.477,7.78
1086,230929,15.94,-0.34,516,1272,Gefion,230929,16.1,,,,,,,,,0.0936,2.743,2.486,9.87
1087,230936,15.61,-0.26,516,1272,Gefion,230936,15.93,,,,,,,,,0.1483,2.758,2.349,8.28
1088,232911,15.48,-0.23,516,1272,Gefion,232911,15.75,2.164,0.238,,,,,,,0.1078,2.762,2.465,8.58
1089,233289,15.39,-0.14,516,1272,Gefion,233289,15.93,,,,,,,,,0.1014,2.771,2.49,10.14
1090,233455,15.76,-0.17,516,1272,Gefion,233455,16.11,,,,,,,,,0.1106,2.765,2.459,9.09
1091,233567,15.95,0.24,516,1272,Gefion,233567,16.19,,,,,,,,,0.1469,2.813,2.4,8.78
1092,233658,15.16,-0.19,516,1272,Gefion,233658,15.43,,,,,,,,,0.147,2.768,2.361,9.96
1093,233721,15.5,-0.02,516,1272,Gefion,233721,15.77,,,,,,,,,0.0894,2.781,2.532,8.42
1094,233758,16.35,-0.22,516,1272,Gefion,233758,16.38,,,,,,,,,0.1101,2.752,2.449,8.97
1095,234852,15.33,-0.46,516,1272,Gefion,234852,15.67,4.981,0.049,,,,,,,0.1185,2.74,2.415,9.72
1096,235172,15.6,-0.48,516,1272,Gefion,235172,15.77,,,,,,,,,0.1074,2.735,2.441,9.82
1097,235182,16.31,0.06,516,1272,Gefion,235182,16.42,,,,,,,,,0.1239,2.795,2.448,8.79
1098,235271,16.18,-0.45,516,1272,Gefion,235271,16.35,3.826,0.044,,,,,,,0.0923,2.722,2.471,7.87
1099,235862,15.95,-0.52,516,1272,Gefion,235862,16.05,,,,,,,,,0.1167,2.719,2.402,10.4
1100,236008,16.01,-0.2,516,1272,Gefion,236008,16.17,3.774,0.045,,,,,,,0.1062,2.758,2.465,8.38
1101,237059,15.56,0.04,516,1272,Gefion,237059,15.94,,,,,,,,,0.1505,2.789,2.369,9.83
1102,237938,16.46,-0.25,516,1272,Gefion,237938,16.46,,,,,,,,,0.1311,2.745,2.385,8.7
1103,238015,16.87,-0.24,516,1272,Gefion,238015,16.88,,,,,,,,,0.1468,2.738,2.336,8.28
1104,238226,15.38,0.09,516,1272,Gefion,238226,15.8,,,,,,,,,0.1286,2.794,2.435,9.53
1105,238243,15.54,-0.54,516,1272,Gefion,238243,15.94,3.769,0.072,,,,,,,0.1441,2.729,2.335,9.37
1106,238289,15.97,0.05,516,1272,Gefion,238289,16.2,,,,,,,,,0.1065,2.79,2.493,8.1
1107,238696,16.04,-0.17,516,1272,Gefion,238696,16.28,,,,,,,,,0.0859,2.761,2.524,9.53
1108,238697,15.51,0.07,516,1272,Gefion,238697,15.8,,,,,,,,,0.1224,2.791,2.45,8.39
1109,239387,16.03,-0.48,516,1272,Gefion,239387,16.54,,,,,,,,,0.1363,2.723,2.351,8.83
1110,239463,15.28,0.12,516,1272,Gefion,239463,15.64,2.593,0.218,,,,,,,0.1038,2.796,2.506,10.2
1111,239665,16.21,-0.11,516,1272,Gefion,239665,16.14,,,,,,,,,0.0918,2.768,2.514,10.1
1112,239677,15.83,-0.28,516,1272,Gefion,239677,15.97,,,,,,,,,0.1188,2.75,2.424,10.53
1113,240199,15.38,-0.46,516,1272,Gefion,240199,15.7,2.458,0.202,,,,,,,0.1049,2.739,2.452,8.24
1114,240370,16.02,-0.28,516,1272,Gefion,240370,16.26,,,,,,,,,0.134,2.75,2.381,9.61
1115,240611,15.27,-0.5,516,1272,Gefion,240611,15.75,,,,,,,,,0.1366,2.739,2.365,10.26
1116,240681,15.74,-0.22,516,1272,Gefion,240681,15.97,,,,,,,,,0.1075,2.759,2.462,10.28
1117,241066,15.62,-0.59,516,1272,Gefion,241066,15.98,4.552,0.049,,,,,,,0.144,2.721,2.329,9.74
1118,241345,16.14,-0.21,516,1272,Gefion,241345,16.34,,,,,,,,,0.1512,2.754,2.338,10.35
1119,241427,16.45,-0.18,516,1272,Gefion,241427,16.37,,,,,,,,,0.115,2.756,2.44,10.39
1120,241652,16.18,0.2,516,1272,Gefion,241652,16.52,,,,,,,,,0.0964,2.809,2.538,9.29
1121,242939,15.61,-0.33,516,1272,Gefion,242939,16.02,3.212,0.099,,,,,,,0.126,2.748,2.402,8.24
1122,243401,15.69,-0.14,516,1272,Gefion,243401,15.81,,,,,,,,,0.0966,2.768,2.501,10.33
1123,243569,15.44,-0.19,516,1272,Gefion,243569,16.02,2.286,0.195,,,,,,,0.1316,2.766,2.402,8.61
1124,244467,15.69,-0.47,516,1272,Gefion,244467,16.03,,,,,,,,,0.1359,2.732,2.361,8.48
1125,244879,15.57,0.08,516,1272,Gefion,244879,15.96,,,,,,,,,0.1259,2.794,2.442,8.86
1126,245281,15.46,-0.49,516,1272,Gefion,245281,15.87,,,,,,,,,0.1012,2.735,2.458,8.1
1127,245391,15.91,0.21,516,1272,Gefion,245391,16.05,,,,,,,,,0.0882,2.807,2.56,8.29
1128,246627,16.25,-0.29,516,1272,Gefion,246627,16.3,,,,,,,,,0.1229,2.744,2.407,10.67
1129,246710,15.92,-0.2,516,1272,Gefion,246710,16.23,,,,,,,,,0.131,2.76,2.398,9.7
1130,247146,15.92,-0.15,516,1272,Gefion,247146,16.49,3.011,0.078,,,,,,,0.1483,2.766,2.356,9.25
1131,247987,15.67,-0.54,516,1272,Gefion,247987,15.95,,,,,,,,,0.0974,2.725,2.46,9.68
1132,248005,15.32,-0.34,516,1272,Gefion,248005,15.78,,,,,,,,,0.0857,2.752,2.516,8.34
1133,248787,16.89,-0.17,516,1272,Gefion,248787,16.66,,,,,,,,,0.1379,2.75,2.371,9.18
1134,249937,16.01,-0.35,516,1272,Gefion,249937,16.46,,,,,,,,,0.1324,2.742,2.379,8.91
1135,251494,16.23,0.17,516,1272,Gefion,251494,16.51,,,,,,,,,0.0845,2.808,2.571,8.61
1136,252031,15.71,0.15,516,1272,Gefion,252031,15.99,,,,,,,,,0.1264,2.802,2.448,8.18
1137,252328,15.91,-0.55,516,1272,Gefion,252328,16.31,,,,,,,,,0.1332,2.717,2.355,9.72
1138,252379,15.7,-0.51,516,1272,Gefion,252379,16.23,,,,,,,,,0.136,2.729,2.358,8.26
1139,252536,15.82,-0.37,516,1272,Gefion,252536,16.3,,,,,,,,,0.122,2.742,2.407,9.33
1140,252602,15.43,-0.5,516,1272,Gefion,252602,15.77,6.025,0.028,7.01,,,,,,0.1494,2.734,2.326,9.36
1141,252615,15.23,0.13,516,1272,Gefion,252615,15.76,,,,,,,,,0.1326,2.795,2.424,8.25
1142,253231,15.68,-0.42,516,1272,Gefion,253231,15.99,,,,,,,,,0.1437,2.738,2.344,8.14
1143,253296,15.66,-0.08,516,1272,Gefion,253296,16.1,,,,,,,,,0.0834,2.776,2.544,7.72
1144,253313,15.91,-0.23,516,1272,Gefion,253313,16.17,,,,,,,,,0.0994,2.758,2.484,9.64
1145,253335,15.6,-0.4,516,1272,Gefion,253335,15.95,,,,,,,,,0.1465,2.741,2.339,8.11
1146,254884,15.51,-0.18,516,1272,Gefion,254884,15.99,,,,,,,,,0.1244,2.77,2.425,8.15
1147,254956,15.55,-0.02,516,1272,Gefion,254956,15.76,,,,,,,,,0.107,2.784,2.487,8.0
1148,254994,15.58,-0.31,516,1272,Gefion,254994,15.82,,,,,,,,,0.0975,2.757,2.488,9.17
1149,256410,15.75,0.25,516,1272,Gefion,256410,15.88,,,,,,,,,0.1044,2.814,2.52,9.69
1150,257061,15.4,-0.52,516,1272,Gefion,257061,15.73,,,,,,,,,0.0945,2.735,2.477,7.71
1151,257136,15.64,-0.02,516,1272,Gefion,257136,16.07,,,,,,,,,0.0871,2.782,2.54,8.44
1152,257268,16.07,0.16,516,1272,Gefion,257268,16.38,,,,,,,,,0.1505,2.805,2.383,8.93
1153,257514,15.77,0.24,516,1272,Gefion,257514,16.01,,,,,,,,,0.097,2.811,2.538,7.89
1154,258450,16.16,0.08,516,1272,Gefion,258450,16.48,,,,,,,,,0.1535,2.795,2.366,8.88
1155,258456,15.71,-0.21,516,1272,Gefion,258456,16.07,,,,,,,,,0.1099,2.76,2.457,10.05
1156,258464,15.86,0.12,516,1272,Gefion,258464,15.99,,,,,,,,,0.1228,2.799,2.456,9.56
1157,258545,16.02,-0.36,516,1272,Gefion,258545,16.24,,,,,,,,,0.1472,2.738,2.335,8.51
1158,258555,16.38,0.0,516,1272,Gefion,258555,16.76,,,,,,,,,0.1103,2.784,2.477,10.25
1159,258663,15.48,0.18,516,1272,Gefion,258663,15.71,,,,,,,,,0.0978,2.803,2.529,9.43
1160,259199,16.1,-0.11,516,1272,Gefion,259199,16.42,,,,,,,,,0.0879,2.768,2.525,8.17
1161,259832,15.97,-0.32,516,1272,Gefion,259832,16.21,,,,,,,,,0.1128,2.743,2.434,8.17
1162,260062,15.32,-0.16,516,1272,Gefion,260062,15.84,,,,,,,,,0.1261,2.772,2.422,10.56
1163,260072,16.15,0.02,516,1272,Gefion,260072,16.37,,,,,,,,,0.147,2.791,2.38,7.85
1164,260089,15.64,0.0,516,1272,Gefion,260089,15.9,,,,,,,,,0.1108,2.788,2.479,10.47
1165,260839,16.06,-0.14,516,1272,Gefion,260839,16.4,,,,,,,,,0.1535,2.77,2.344,10.04
1166,260963,16.04,-0.48,516,1272,Gefion,260963,16.18,,,,,,,,,0.1119,2.721,2.416,8.33
1167,261120,16.51,-0.41,516,1272,Gefion,261120,16.4,,,,,,,,,0.1211,2.717,2.388,8.5
1168,261369,16.03,-0.44,516,1272,Gefion,261369,16.36,,,,,,,,,0.0964,2.727,2.464,7.57
1169,261706,16.05,0.05,516,1272,Gefion,261706,16.32,,,,,,,,,0.1407,2.789,2.397,7.52
1170,261807,15.93,0.05,516,1272,Gefion,261807,16.21,,,,,,,,,0.1133,2.789,2.473,9.79
1171,262731,16.12,-0.08,516,1272,Gefion,262731,16.3,,,,,,,,,0.0845,2.776,2.542,9.78
1172,262740,15.66,-0.32,516,1272,Gefion,262740,16.08,,,,,,,,,0.1411,2.75,2.362,10.5
1173,262802,16.43,-0.36,516,1272,Gefion,262802,16.74,,,,,,,,,0.0866,2.728,2.492,9.97
1174,262824,16.19,0.08,516,1272,Gefion,262824,16.43,,,,,,,,,0.1062,2.796,2.499,9.83
1175,263686,15.94,-0.03,516,1272,Gefion,263686,16.41,,,,,,,,,0.094,2.782,2.52,10.15
1176,263696,16.2,0.17,516,1272,Gefion,263696,16.31,,,,,,,,,0.0919,2.809,2.551,10.07
1177,264734,15.52,-0.38,516,1272,Gefion,264734,15.88,,,,,,,,,0.0893,2.745,2.5,10.07
1178,265391,15.77,0.23,516,1272,Gefion,265391,16.06,,,,,,,,,0.1244,2.81,2.46,8.11
1179,265892,15.97,0.17,516,1272,Gefion,265892,16.04,,,,,,,,,0.1227,2.804,2.46,7.93
1180,266748,16.09,0.15,516,1272,Gefion,266748,16.2,,,,,,,,,0.113,2.803,2.487,8.17
1181,267438,16.14,-0.37,516,1272,Gefion,267438,16.5,,,14.383,,,,,,0.1552,2.734,2.309,9.61
1182,267459,15.8,-0.09,516,1272,Gefion,267459,16.17,,,,,,,,,0.0907,2.772,2.521,9.17
1183,267499,15.75,0.2,516,1272,Gefion,267499,16.03,,,,,,,,,0.098,2.807,2.532,9.86
1184,267501,15.75,-0.12,516,1272,Gefion,267501,16.17,,,,,,,,,0.121,2.77,2.435,8.98
1185,267767,16.06,-0.13,516,1272,Gefion,267767,16.33,,,,,,,,,0.1435,2.766,2.369,9.3
1186,268485,15.98,-0.26,516,1272,Gefion,268485,16.29,,,,,,,,,0.1112,2.752,2.446,10.04
1187,268573,16.22,-0.28,516,1272,Gefion,268573,16.28,,,,,,,,,0.1264,2.746,2.399,9.31
1188,269062,16.45,0.0,516,1272,Gefion,269062,16.59,,,,,,,,,0.0986,2.783,2.509,9.57
1189,269234,15.79,-0.6,516,1272,Gefion,269234,15.83,,,,,,,,,0.1341,2.715,2.351,9.08
1190,269235,15.73,0.07,516,1272,Gefion,269235,15.93,,,,,,,,,0.1153,2.791,2.469,8.32
1191,270233,15.32,-0.28,516,1272,Gefion,270233,15.95,,,,,,,,,0.1441,2.758,2.36,8.08
1192,270343,15.89,0.0,516,1272,Gefion,270343,16.31,,,,,,,,,0.0998,2.786,2.508,7.54
1193,270484,15.7,-0.04,516,1272,Gefion,270484,16.21,,,,,,,,,0.0883,2.779,2.533,9.14
1194,271136,16.45,0.14,516,1272,Gefion,271136,16.6,,,,,,,,,0.1488,2.804,2.387,8.3
1195,271705,16.08,-0.24,516,1272,Gefion,271705,16.3,,,,,,,,,0.1392,2.754,2.37,8.72
1196,271890,15.86,-0.57,516,1272,Gefion,271890,16.1,,,,,,,,,0.1286,2.717,2.368,10.01
1197,272889,16.53,-0.12,516,1272,Gefion,272889,16.72,,,,,,,,,0.1507,2.764,2.348,9.79
1198,272911,16.24,-0.28,516,1272,Gefion,272911,16.38,,,,,,,,,0.0923,2.744,2.491,9.69
1199,272935,15.66,0.0,516,1272,Gefion,272935,16.07,,,,,,,,,0.1252,2.781,2.433,9.89
1200,272957,15.71,-0.15,516,1272,Gefion,272957,16.14,4.169,0.049,,,,,,,0.0968,2.768,2.5,10.46
1201,272964,16.08,-0.42,516,1272,Gefion,272964,16.18,,,,,,,,,0.1528,2.728,2.312,8.08
1202,272996,15.89,-0.14,516,1272,Gefion,272996,16.23,,,,,,,,,0.1012,2.769,2.488,9.2
1203,273972,16.37,0.1,516,1272,Gefion,273972,16.54,,,,,,,,,0.0964,2.8,2.53,8.79
1204,275133,15.52,0.29,516,1272,Gefion,275133,15.9,,,,,,,,,0.1504,2.813,2.39,9.97
1205,275146,16.12,-0.45,516,1272,Gefion,275146,16.56,3.356,0.052,,,,,,,0.1171,2.724,2.405,8.59
1206,275463,15.98,0.11,516,1272,Gefion,275463,16.17,,,,,,,,,0.1013,2.797,2.514,9.78
1207,275574,15.69,-0.12,516,1272,Gefion,275574,15.82,,,,,,,,,0.128,2.772,2.418,8.62
1208,275872,16.41,-0.28,516,1272,Gefion,275872,16.82,,,,,,,,,0.1457,2.741,2.342,8.99
1209,276134,15.84,-0.44,516,1272,Gefion,276134,16.23,,,,,,,,,0.1017,2.732,2.454,9.9
1210,276580,15.72,0.07,516,1272,Gefion,276580,16.04,,,,,,,,,0.1098,2.794,2.487,9.06
1211,276813,15.54,-0.39,516,1272,Gefion,276813,15.99,,,,,,,,,0.1406,2.742,2.357,8.59
1212,276954,15.9,-0.27,516,1272,Gefion,276954,16.25,,,,,,,,,0.1257,2.751,2.406,9.48
1213,277511,15.68,0.06,516,1272,Gefion,277511,15.97,,,,,,,,,0.1553,2.789,2.356,10.24
1214,277683,15.84,-0.29,516,1272,Gefion,277683,16.04,,,,,,,,,0.0852,2.75,2.515,10.17
1215,277697,16.85,0.0,516,1272,Gefion,277697,16.83,,,,,,,,,0.1013,2.781,2.499,8.23
1216,278274,15.59,-0.02,516,1272,Gefion,278274,15.83,,,,,,,,,0.0918,2.781,2.525,9.53
1217,278531,15.68,0.19,516,1272,Gefion,278531,15.93,,,,,,,,,0.0933,2.803,2.542,8.22
1218,278563,15.79,0.18,516,1272,Gefion,278563,16.21,,,,,,,,,0.0949,2.804,2.538,10.18
1219,279169,16.9,0.02,516,1272,Gefion,279169,16.97,,,,,,,,,0.1489,2.786,2.371,8.95
1220,279335,15.95,0.22,516,1272,Gefion,279335,16.11,,,,,,,,,0.0903,2.811,2.557,9.87
1221,280386,15.41,0.24,516,1272,Gefion,280386,15.81,,,,,,,,,0.1544,2.808,2.375,8.12
1222,280605,15.93,-0.12,516,1272,Gefion,280605,16.27,,,,,,,,,0.1112,2.771,2.462,10.18
1223,281189,16.51,-0.15,516,1272,Gefion,281189,16.58,,,,,,,,,0.123,2.76,2.42,8.27
1224,281512,15.52,-0.04,516,1272,Gefion,281512,15.88,,,,,,,,,0.1312,2.782,2.417,10.11
1225,281646,16.22,0.04,516,1272,Gefion,281646,16.29,,,,,,,,,0.1268,2.789,2.436,9.58
1226,281940,16.2,-0.13,516,1272,Gefion,281940,16.32,,,,,,,,,0.1141,2.767,2.451,8.72
1227,282189,15.74,-0.46,516,1272,Gefion,282189,16.11,,,,,,,,,0.15,2.732,2.322,8.34
1228,282277,15.9,-0.13,516,1272,Gefion,282277,16.25,,,,,,,,,0.1457,2.768,2.365,8.48
1229,282312,15.41,-0.53,516,1272,Gefion,282312,15.89,,,,,,,,,0.1403,2.732,2.348,8.14
1230,282429,15.7,-0.42,516,1272,Gefion,282429,16.1,,,,,,,,,0.1255,2.738,2.394,8.2
1231,282562,15.82,0.0,516,1272,Gefion,282562,16.06,,,,,,,,,0.0991,2.783,2.508,10.34
1232,282704,16.24,-0.09,516,1272,Gefion,282704,16.25,,,,,,,,,0.0949,2.77,2.507,10.15
1233,282769,16.27,-0.15,516,1272,Gefion,282769,16.43,,,,,,,,,0.1197,2.763,2.433,8.94
1234,283454,15.94,0.22,516,1272,Gefion,283454,15.96,,,,,,,,,0.1058,2.811,2.514,10.35
1235,283617,15.78,-0.38,516,1272,Gefion,283617,16.3,,,,,,,,,0.0959,2.741,2.478,8.98
1236,284052,15.57,-0.51,516,1272,Gefion,284052,16.04,,,,,,,,,0.1049,2.73,2.444,8.36
1237,284193,15.98,0.0,516,1272,Gefion,284193,16.31,,,,,,,,,0.1232,2.783,2.44,9.52
1238,284291,16.68,-0.28,516,1272,Gefion,284291,16.63,,,,,,,,,0.1419,2.736,2.348,10.22
1239,285098,16.27,-0.25,516,1272,Gefion,285098,16.52,,,,,,,,,0.1315,2.748,2.387,9.19
1240,285883,15.66,0.28,516,1272,Gefion,285883,15.91,,,,,,,,,0.1517,2.813,2.386,7.96
1241,286862,16.64,-0.22,516,1272,Gefion,286862,16.77,,,,,,,,,0.0862,2.746,2.51,8.68
1242,286920,15.36,-0.45,516,1272,Gefion,286920,15.98,,,,,,,,,0.1422,2.741,2.351,8.58
1243,286921,15.94,-0.47,516,1272,Gefion,286921,16.31,,,,,,,,,0.0955,2.726,2.465,7.98
1244,287179,16.06,-0.2,516,1272,Gefion,287179,16.46,,,,,,,,,0.1401,2.758,2.371,8.8
1245,287365,16.19,-0.37,516,1272,Gefion,287365,16.56,,,,,,,,,0.1135,2.732,2.422,8.91
1246,287961,16.07,-0.21,516,1272,Gefion,287961,16.25,,,,,,,,,0.1375,2.757,2.378,9.38
1247,288300,15.53,0.28,516,1272,Gefion,288300,15.85,,,,,,,,,0.1113,2.811,2.499,8.17
1248,288489,16.11,-0.07,516,1272,Gefion,288489,16.36,,,,,,,,,0.0998,2.774,2.497,9.65
1249,289305,16.22,-0.04,516,1272,Gefion,289305,16.33,,,,,,,,,0.1013,2.778,2.496,9.81
1250,289484,15.51,0.07,516,1272,Gefion,289484,16.03,,,338.887,,,,,,0.1212,2.792,2.454,8.17
1251,289958,15.62,-0.26,516,1272,Gefion,289958,16.15,,,,,,,,,0.125,2.759,2.414,8.15
1252,290773,15.45,-0.52,516,1272,Gefion,290773,15.99,,,,,,,,,0.0891,2.732,2.488,7.98
1253,290857,16.12,-0.44,516,1272,Gefion,290857,16.31,,,,,,,,,0.0926,2.723,2.471,7.99
1254,291678,16.24,0.08,516,1272,Gefion,291678,16.27,,,,,,,,,0.096,2.794,2.526,9.68
1255,292275,15.61,0.06,516,1272,Gefion,292275,15.96,,,,,,,,,0.124,2.788,2.442,9.95
1256,292422,16.39,-0.02,516,1272,Gefion,292422,16.43,,,,,,,,,0.1221,2.78,2.44,9.37
1257,293497,15.74,-0.27,516,1272,Gefion,293497,16.1,,,,,,,,,0.1425,2.753,2.36,9.18
1258,293967,15.87,-0.29,516,1272,Gefion,293967,16.26,,,,,,,,,0.1173,2.747,2.425,8.72
1259,294334,15.87,-0.31,516,1272,Gefion,294334,16.17,,,5.24,,,,,,0.1058,2.745,2.454,7.86
1260,294351,15.69,-0.52,516,1272,Gefion,294351,16.27,,,,,,,,,0.1545,2.726,2.305,7.82
1261,294920,16.09,0.1,516,1272,Gefion,294920,16.3,,,,,,,,,0.1307,2.801,2.435,8.6
1262,295281,15.46,0.27,516,1272,Gefion,295281,15.9,,,,,,,,,0.0933,2.81,2.548,9.97
1263,296857,15.95,-0.09,516,1272,Gefion,296857,16.08,,,,,,,,,0.1059,2.772,2.479,7.89
1264,296889,16.17,0.07,516,1272,Gefion,296889,16.18,,,,,,,,,0.0991,2.793,2.516,8.21
1265,298180,15.92,0.08,516,1272,Gefion,298180,16.3,,,,,,,,,0.1539,2.794,2.364,9.25
1266,298198,15.51,-0.43,516,1272,Gefion,298198,15.94,,,,,,,,,0.1499,2.74,2.329,9.17
1267,298209,16.6,0.04,516,1272,Gefion,298209,16.75,,,,,,,,,0.0999,2.79,2.511,9.44
1268,298260,15.51,-0.35,516,1272,Gefion,298260,15.97,,,,,,,,,0.1452,2.748,2.349,7.81
1269,298655,15.83,-0.09,516,1272,Gefion,298655,16.21,,,,,,,,,0.0841,2.773,2.539,8.59
1270,298679,16.62,-0.17,516,1272,Gefion,298679,16.97,,,,,,,,,0.1352,2.754,2.381,8.55
1271,299144,16.73,0.03,516,1272,Gefion,299144,16.69,,,,,,,,,0.1195,2.79,2.456,8.28
1272,299176,15.93,0.22,516,1272,Gefion,299176,16.1,,,,,,,,,0.1218,2.812,2.469,8.69
1273,299193,16.28,-0.15,516,1272,Gefion,299193,16.44,,,,,,,,,0.1399,2.76,2.374,8.49
1274,299775,15.94,0.24,516,1272,Gefion,299775,16.2,,,,,,,,,0.1464,2.812,2.401,9.13
1275,300690,15.86,0.09,516,1272,Gefion,300690,16.16,,,,,,,,,0.0867,2.795,2.552,7.73
1276,300762,16.17,-0.29,516,1272,Gefion,300762,16.46,,,,,,,,,0.1477,2.744,2.339,9.92
1277,300791,16.09,-0.42,516,1272,Gefion,300791,16.21,,,,,,,,,0.0967,2.728,2.464,10.2
1278,300822,15.55,0.19,516,1272,Gefion,300822,15.82,,,,,,,,,0.1155,2.8,2.477,10.38
1279,301200,16.21,-0.31,516,1272,Gefion,301200,16.44,,,,,,,,,0.1225,2.739,2.404,8.6
1280,301340,15.77,-0.58,516,1272,Gefion,301340,16.29,,,,,,,,,0.1162,2.716,2.4,8.08
1281,301740,16.22,-0.13,516,1272,Gefion,301740,16.35,,,,,,,,,0.109,2.766,2.464,10.14
1282,301743,15.95,-0.04,516,1272,Gefion,301743,16.11,3.016,0.093,,,,,,,0.1453,2.778,2.375,10.15
1283,301845,16.64,-0.02,516,1272,Gefion,301845,16.67,,,,,,,,,0.1542,2.779,2.351,8.87
1284,302666,15.81,-0.48,516,1272,Gefion,302666,16.15,,,,,,,,,0.1544,2.728,2.307,9.42
1285,302724,16.58,-0.3,516,1272,Gefion,302724,16.74,,,,,,,,,0.103,2.733,2.452,9.6
1286,303148,15.89,0.26,516,1272,Gefion,303148,16.12,,,,,,,,,0.1255,2.815,2.462,8.12
1287,304234,15.51,-0.63,516,1272,Gefion,304234,15.91,,,,,,,,,0.0885,2.72,2.48,8.03
1288,304281,16.32,0.09,516,1272,Gefion,304281,16.4,,,,,,,,,0.1217,2.795,2.454,8.75
1289,304286,16.04,-0.18,516,1272,Gefion,304286,16.18,,,,,,,,,0.1384,2.76,2.378,9.82
1290,305248,16.04,-0.56,516,1272,Gefion,305248,16.4,,,,,,,,,0.135,2.71,2.344,8.52
1291,305275,16.13,-0.37,516,1272,Gefion,305275,16.38,,,,,,,,,0.1082,2.734,2.438,10.01
1292,305303,16.85,-0.14,516,1272,Gefion,305303,16.84,,,,,,,,,0.0915,2.756,2.504,8.73
1293,305348,16.01,0.18,516,1272,Gefion,305348,16.34,,,,,,,,,0.1353,2.807,2.427,8.72
1294,305354,16.07,-0.28,516,1272,Gefion,305354,16.42,4.195,0.03,,,,,,,0.1339,2.745,2.378,9.89
1295,305898,16.35,-0.04,516,1272,Gefion,305898,16.54,,,,,,,,,0.0894,2.778,2.529,8.64
1296,305991,16.57,-0.03,516,1272,Gefion,305991,16.66,,,,,,,,,0.101,2.778,2.497,9.72
1297,307307,15.95,0.06,516,1272,Gefion,307307,16.19,,,,,,,,,0.1358,2.792,2.413,8.8
1298,307516,15.52,-0.24,516,1272,Gefion,307516,16.1,,,,,,,,,0.0942,2.76,2.5,8.03
1299,308324,15.74,-0.25,516,1272,Gefion,308324,16.07,,,,,,,,,0.0984,2.755,2.484,8.01
1300,308876,17.08,-0.14,516,1272,Gefion,308876,17.07,,,,,,,,,0.0973,2.754,2.486,8.97
1301,308958,16.0,-0.24,516,1272,Gefion,308958,16.33,,,,,,,,,0.0945,2.754,2.494,9.58
1302,309034,16.32,-0.07,516,1272,Gefion,309034,16.51,,,,,,,,,0.1422,2.772,2.378,10.13
1303,309541,16.57,0.0,516,1272,Gefion,309541,16.78,,,,,,,,,0.1025,2.783,2.498,9.7
1304,309609,15.86,-0.14,516,1272,Gefion,309609,16.28,,,,,,,,,0.1003,2.766,2.489,10.43
1305,309992,16.56,-0.18,516,1272,Gefion,309992,16.73,,,,,,,,,0.097,2.754,2.487,9.81
1306,310070,15.7,0.05,516,1272,Gefion,310070,15.9,2.133,0.186,,,,,,,0.1305,2.788,2.424,9.57
1307,310581,16.18,0.06,516,1272,Gefion,310581,16.29,,,,,,,,,0.1445,2.791,2.388,10.25
1308,311091,16.04,0.14,516,1272,Gefion,311091,16.31,,,,,,,,,0.1209,2.8,2.461,8.85
1309,311111,15.59,-0.07,516,1272,Gefion,311111,15.94,,,,,,,,,0.0933,2.777,2.518,10.23
1310,312300,16.18,-0.03,516,1272,Gefion,312300,16.48,,,,,,,,,0.1161,2.778,2.456,9.19
1311,312395,15.96,0.22,516,1272,Gefion,312395,16.23,,,,,,,,,0.1048,2.809,2.515,10.0
1312,313263,15.79,0.04,516,1272,Gefion,313263,16.07,,,,,,,,,0.1357,2.788,2.409,10.08
1313,313555,15.96,-0.2,516,1272,Gefion,313555,16.39,,,,,,,,,0.0961,2.76,2.495,10.28
1314,313560,16.31,-0.2,516,1272,Gefion,313560,16.57,,,,,,,,,0.1494,2.755,2.344,9.71
1315,313587,16.16,0.22,516,1272,Gefion,313587,16.25,,,,,,,,,0.0892,2.813,2.562,9.95
1316,314263,15.97,-0.32,516,1272,Gefion,314263,16.13,,,,,,,,,0.1441,2.745,2.349,10.29
1317,314332,17.01,-0.05,516,1272,Gefion,314332,16.95,,,,,,,,,0.1293,2.777,2.418,8.53
1318,315614,16.18,-0.32,516,1272,Gefion,315614,16.31,,,,,,,,,0.1144,2.744,2.43,10.08
1319,316104,16.22,-0.14,516,1272,Gefion,316104,16.23,,,,,,,,,0.0973,2.766,2.497,8.21
1320,316312,16.66,0.09,516,1272,Gefion,316312,16.8,,,,,,,,,0.1483,2.8,2.385,9.32
1321,316438,15.6,0.08,516,1272,Gefion,316438,15.86,,,,,,,,,0.1153,2.796,2.473,8.13
1322,316622,16.01,-0.44,516,1272,Gefion,316622,16.2,,,,,,,,,0.0974,2.729,2.463,8.0
1323,317168,15.97,-0.27,516,1272,Gefion,317168,16.37,,,,,,,,,0.1137,2.75,2.437,8.15
1324,317666,16.86,0.0,516,1272,Gefion,317666,16.76,,,,,,,,,0.1043,2.79,2.499,9.24
1325,318158,15.9,-0.16,516,1272,Gefion,318158,16.1,,,,,,,,,0.1315,2.763,2.4,8.9
1326,318571,15.96,0.14,516,1272,Gefion,318571,16.34,,,,,,,,,0.1023,2.8,2.514,8.87
1327,318747,16.3,-0.37,516,1272,Gefion,318747,16.25,,,,,,,,,0.1081,2.73,2.435,9.14
1328,318854,16.7,-0.39,516,1272,Gefion,318854,16.82,,,,,,,,,0.0985,2.715,2.447,9.24
1329,318928,16.05,-0.19,516,1272,Gefion,318928,16.18,,,,,,,,,0.111,2.76,2.454,9.3
1330,318949,16.14,-0.27,516,1272,Gefion,318949,16.32,,,,,,,,,0.1051,2.747,2.458,8.69
1331,318986,16.45,-0.08,516,1272,Gefion,318986,16.45,,,3.92,,,,,,0.1446,2.772,2.372,8.8
1332,319446,16.29,0.14,516,1272,Gefion,319446,16.38,,,,,,,,,0.1108,2.802,2.492,8.49
1333,319629,16.18,-0.21,516,1272,Gefion,319629,16.51,,,,,,,,,0.1533,2.755,2.333,10.25
1334,319922,16.25,-0.27,516,1272,Gefion,319922,16.33,,,,,,,,,0.0848,2.747,2.514,8.0
1335,319949,16.8,-0.17,516,1272,Gefion,319949,16.83,,,,,,,,,0.1098,2.752,2.45,8.21
1336,320683,16.41,0.08,516,1272,Gefion,320683,16.52,,,,,,,,,0.0945,2.796,2.532,9.34
1337,320849,16.63,0.07,516,1272,Gefion,320849,16.76,,,,,,,,,0.0909,2.797,2.543,9.86
1338,321018,16.98,0.1,516,1272,Gefion,321018,16.99,,,,,,,,,0.1466,2.805,2.394,9.37
1339,321026,16.58,-0.31,516,1272,Gefion,321026,16.66,,,,,,,,,0.092,2.731,2.48,9.59
1340,321937,16.81,-0.23,516,1272,Gefion,321937,16.97,,,,,,,,,0.1167,2.742,2.422,9.63
1341,321974,15.8,-0.58,516,1272,Gefion,321974,16.1,,,15.473,,,,,,0.0959,2.716,2.456,8.06
1342,322132,16.36,-0.13,516,1272,Gefion,322132,16.32,,,,,,,,,0.1159,2.769,2.448,8.21
1343,322505,16.28,-0.06,516,1272,Gefion,322505,16.45,,,,,,,,,0.1406,2.774,2.384,8.8
1344,322728,16.24,-0.31,516,1272,Gefion,322728,16.65,,,,,,,,,0.1419,2.739,2.35,9.03
1345,322927,16.56,-0.05,516,1272,Gefion,322927,16.7,,,,,,,,,0.1259,2.775,2.426,8.39
1346,323161,15.74,-0.17,516,1272,Gefion,323161,15.91,,,,,,,,,0.1106,2.766,2.46,10.06
1347,323181,16.67,0.05,516,1272,Gefion,323181,16.61,,,,,,,,,0.0898,2.795,2.544,10.26
1348,323963,16.57,-0.39,516,1272,Gefion,323963,16.56,,,,,,,,,0.0882,2.719,2.479,9.54
1349,323972,16.11,-0.24,516,1272,Gefion,323972,16.3,,,,,,,,,0.1109,2.752,2.447,9.21
1350,324014,16.63,-0.25,516,1272,Gefion,324014,16.84,,,,,,,,,0.0969,2.741,2.475,9.07
1351,324649,16.07,-0.11,516,1272,Gefion,324649,16.14,,,,,,,,,0.0864,2.77,2.531,8.38
1352,325286,16.33,0.11,516,1272,Gefion,325286,16.64,,,,,,,,,0.1535,2.8,2.371,9.99
1353,325288,16.34,0.02,516,1272,Gefion,325288,16.38,,,,,,,,,0.1442,2.787,2.385,10.48
1354,325549,16.43,-0.25,516,1272,Gefion,325549,16.41,,,,,,,,,0.0876,2.743,2.503,9.98
1355,326365,16.02,0.02,516,1272,Gefion,326365,16.36,,,,,,,,,0.1402,2.785,2.395,8.17
1356,326469,16.22,-0.13,516,1272,Gefion,326469,16.51,,,,,,,,,0.0895,2.765,2.518,9.83
1357,326481,15.39,0.27,516,1272,Gefion,326481,15.74,,,,,,,,,0.0873,2.809,2.564,9.98
1358,327015,16.3,-0.38,516,1272,Gefion,327015,16.54,3.527,0.043,,,,,,,0.1489,2.728,2.322,9.44
1359,327232,16.2,-0.43,516,1272,Gefion,327232,16.45,,,,,,,,,0.1467,2.724,2.324,8.7
1360,329068,16.22,-0.03,516,1272,Gefion,329068,16.39,,,,,,,,,0.0982,2.779,2.506,9.52
1361,330121,16.12,0.1,516,1272,Gefion,330121,16.17,,,,,,,,,0.1111,2.795,2.485,10.09
1362,330148,15.89,0.22,516,1272,Gefion,330148,16.15,,,,,,,,,0.1081,2.809,2.506,10.22
1363,331028,16.86,0.0,516,1272,Gefion,331028,16.98,,,,,,,,,0.1105,2.784,2.476,8.0
1364,331456,16.11,0.13,516,1272,Gefion,331456,16.17,,,,,,,,,0.1505,2.799,2.378,9.78
1365,331622,16.15,-0.17,516,1272,Gefion,331622,16.5,,,,,,,,,0.0891,2.76,2.514,8.82
1366,331803,15.41,-0.32,516,1272,Gefion,331803,15.97,,,,,,,,,0.1548,2.751,2.325,8.29
1367,332206,16.23,-0.33,516,1272,Gefion,332206,16.52,,,,,,,,,0.143,2.739,2.347,9.37
1368,332372,16.65,-0.23,516,1272,Gefion,332372,16.48,,,,,,,,,0.1211,2.745,2.412,8.37
1369,332674,16.48,-0.05,516,1272,Gefion,332674,16.67,,,,,,,,,0.1268,2.776,2.424,7.9
1370,332750,15.65,-0.3,516,1272,Gefion,332750,16.14,2.082,0.235,,,,,,,0.1518,2.752,2.334,10.35
1371,332850,16.6,0.14,516,1272,Gefion,332850,16.84,,,,,,,,,0.1172,2.807,2.478,8.44
1372,332972,15.8,-0.49,516,1272,Gefion,332972,15.87,,,,,,,,,0.0922,2.727,2.476,10.19
1373,333690,16.05,-0.43,516,1272,Gefion,333690,16.24,,,,,,,,,0.1069,2.728,2.436,8.15
1374,333956,16.65,0.16,516,1272,Gefion,333956,16.84,,,,,,,,,0.1499,2.812,2.391,7.93
1375,334320,16.34,0.18,516,1272,Gefion,334320,16.74,,,,,,,,,0.1529,2.808,2.378,8.65
1376,334332,16.64,-0.06,516,1272,Gefion,334332,16.79,,,,,,,,,0.1304,2.775,2.413,8.11
1377,334408,16.15,-0.32,516,1272,Gefion,334408,16.35,,,,,,,,,0.1024,2.739,2.459,9.6
1378,334748,15.49,-0.61,516,1272,Gefion,334748,15.98,,,,,,,,,0.1508,2.723,2.313,7.89
1379,334823,16.27,-0.27,516,1272,Gefion,334823,16.36,,,,,,,,,0.1096,2.745,2.444,10.13
1380,334915,15.86,0.25,516,1272,Gefion,334915,16.12,,,,,,,,,0.1503,2.815,2.392,8.75
1381,335976,16.24,0.1,516,1272,Gefion,335976,16.18,,,,,,,,,0.1087,2.797,2.493,8.19
1382,336341,15.69,-0.03,516,1272,Gefion,336341,15.97,,,,,,,,,0.151,2.78,2.36,9.62
1383,336368,15.98,0.25,516,1272,Gefion,336368,16.16,,,,,,,,,0.1286,2.811,2.45,8.38
1384,336696,16.48,-0.17,516,1272,Gefion,336696,16.56,,,,,,,,,0.1462,2.759,2.355,9.84
1385,336874,15.78,-0.19,516,1272,Gefion,336874,16.29,,,,,,,,,0.0885,2.761,2.517,10.09
1386,336886,16.64,-0.39,516,1272,Gefion,336886,16.44,3.364,0.068,,,,,,,0.108,2.717,2.424,9.31
1387,336893,15.78,0.13,516,1272,Gefion,336893,16.0,,,,,,,,,0.0898,2.798,2.547,9.71
1388,337017,16.29,0.17,516,1272,Gefion,337017,16.37,,,,,,,,,0.1098,2.81,2.501,8.22
1389,337097,16.04,0.19,516,1272,Gefion,337097,16.21,,,,,,,,,0.1544,2.81,2.376,10.45
1390,337212,15.88,-0.48,516,1272,Gefion,337212,16.2,,,,,,,,,0.1332,2.727,2.364,9.83
1391,338043,16.26,-0.36,516,1272,Gefion,338043,16.4,,,,,,,,,0.1146,2.732,2.419,10.07
1392,338092,16.75,0.11,516,1272,Gefion,338092,16.73,,,,,,,,,0.1427,2.804,2.403,8.73
1393,338690,16.46,-0.4,516,1272,Gefion,338690,16.54,,,,,,,,,0.1242,2.722,2.384,9.92
1394,338756,16.16,-0.32,516,1272,Gefion,338756,16.48,,,,,,,,,0.1368,2.742,2.366,9.37
1395,338823,15.92,-0.41,516,1272,Gefion,338823,16.19,,,,,,,,,0.1336,2.734,2.369,8.26
1396,340344,16.83,-0.23,516,1272,Gefion,340344,16.86,,,,,,,,,0.1524,2.741,2.323,8.8
1397,340421,16.54,0.04,516,1272,Gefion,340421,16.61,3.772,0.034,,,,,,,0.1002,2.789,2.509,9.4
1398,340519,15.83,0.09,516,1272,Gefion,340519,15.97,,,,,,,,,0.0973,2.793,2.521,8.91
1399,340532,16.11,-0.39,516,1272,Gefion,340532,16.28,,,,,,,,,0.1513,2.731,2.318,9.21
1400,342505,16.61,-0.33,516,1272,Gefion,342505,16.8,,,,,,,,,0.1363,2.729,2.357,9.75
1401,342554,16.29,-0.07,516,1272,Gefion,342554,16.38,,,,,,,,,0.1012,2.772,2.492,8.96
1402,342645,15.88,-0.46,516,1272,Gefion,342645,16.17,,,,,,,,,0.1454,2.729,2.332,9.76
1403,342689,16.86,-0.29,516,1272,Gefion,342689,16.99,,,,,,,,,0.1273,2.729,2.381,7.96
1404,342926,15.97,-0.27,516,1272,Gefion,342926,16.38,,,,,,,,,0.1275,2.753,2.402,9.35
1405,343454,16.19,0.14,516,1272,Gefion,343454,16.02,,,,,,,,,0.1088,2.804,2.499,10.31
1406,343662,15.93,-0.37,516,1272,Gefion,343662,16.28,3.759,0.066,,,,,,,0.1023,2.738,2.458,8.66
1407,343891,17.12,-0.12,516,1272,Gefion,343891,17.18,,,,,,,,,0.1119,2.758,2.449,9.28
1408,343913,16.07,-0.07,516,1272,Gefion,343913,16.06,,,,,,,,,0.1149,2.774,2.455,10.26
1409,344461,16.02,-0.2,516,1272,Gefion,344461,16.37,,,8.35,,,,,,0.1109,2.759,2.453,7.8
1410,344465,16.68,-0.29,516,1272,Gefion,344465,16.79,,,,,,,,,0.1009,2.733,2.458,10.5
1411,344974,15.84,-0.54,516,1272,Gefion,344974,16.25,,,,,,,,,0.0896,2.721,2.477,9.83
1412,345906,16.27,-0.18,516,1272,Gefion,345906,16.55,,,,,,,,,0.14,2.758,2.372,9.07
1413,346403,16.73,0.11,516,1272,Gefion,346403,16.54,,,,,,,,,0.1039,2.805,2.514,8.01
1414,346810,16.35,0.15,516,1272,Gefion,346810,16.39,,,,,,,,,0.1144,2.808,2.486,10.41
1415,347290,16.1,-0.14,516,1272,Gefion,347290,16.15,,,,,,,,,0.1112,2.766,2.459,8.09
1416,347871,16.46,-0.16,516,1272,Gefion,347871,16.71,,,,,,,,,0.1506,2.759,2.344,10.52
1417,348115,16.4,-0.11,516,1272,Gefion,348115,16.72,,,,,,,,,0.147,2.768,2.361,9.17
1418,348216,15.47,0.27,516,1272,Gefion,348216,15.78,,,,,,,,,0.1327,2.812,2.439,7.86
1419,348366,16.43,-0.02,516,1272,Gefion,348366,16.41,,,,,,,,,0.1062,2.781,2.486,9.15
1420,348782,16.83,-0.14,516,1272,Gefion,348782,16.91,,,,,,,,,0.1494,2.759,2.347,8.71
1421,349070,15.66,-0.07,516,1272,Gefion,349070,15.89,,,,,,,,,0.0846,2.778,2.543,8.85
1422,349323,16.63,-0.26,516,1272,Gefion,349323,16.94,,,,,,,,,0.1375,2.739,2.363,9.72
1423,349359,16.04,0.21,516,1272,Gefion,349359,16.31,,,,,,,,,0.1119,2.809,2.495,9.38
1424,350394,16.64,-0.3,516,1272,Gefion,350394,16.68,,,,,,,,,0.0938,2.731,2.475,9.88
1425,350913,16.34,-0.02,516,1272,Gefion,350913,16.52,,,,,,,,,0.1473,2.782,2.372,10.29
1426,352339,16.97,0.08,516,1272,Gefion,352339,17.08,,,,,,,,,0.114,2.798,2.479,9.11
1427,353154,16.42,0.17,516,1272,Gefion,353154,16.48,,,,,,,,,0.1101,2.809,2.499,9.63
1428,354472,16.5,-0.07,516,1272,Gefion,354472,16.63,,,,,,,,,0.1174,2.77,2.445,8.55
1429,354659,16.79,-0.27,516,1272,Gefion,354659,16.59,,,,,,,,,0.127,2.734,2.387,10.01
1430,355086,17.11,-0.24,516,1272,Gefion,355086,17.23,2.343,0.046,,,,,,,0.1204,2.733,2.404,9.84
1431,355585,16.31,-0.08,516,1272,Gefion,355585,16.56,,,,,,,,,0.1515,2.772,2.352,10.37
1432,356671,15.92,-0.35,516,1272,Gefion,356671,16.1,3.825,0.076,,,,,,,0.0991,2.741,2.469,8.08
1433,357473,16.25,-0.24,516,1272,Gefion,357473,16.31,,,,,,,,,0.0877,2.748,2.507,9.97
1434,358609,16.94,-0.21,516,1272,Gefion,358609,17.11,,,,,,,,,0.1017,2.742,2.463,9.57
1435,358673,16.09,-0.35,516,1272,Gefion,358673,16.33,,,,,,,,,0.1013,2.742,2.464,9.15
1436,358714,15.97,0.1,516,1272,Gefion,358714,16.21,,,,,,,,,0.136,2.795,2.415,9.29
1437,358730,16.6,0.13,516,1272,Gefion,358730,16.75,,,,,,,,,0.1267,2.803,2.448,8.29
1438,358755,16.18,-0.13,516,1272,Gefion,358755,16.41,,,,,,,,,0.0999,2.765,2.489,10.2
1439,359621,16.64,-0.26,516,1272,Gefion,359621,16.58,,,,,,,,,0.1049,2.739,2.452,9.62
1440,360008,16.35,-0.36,516,1272,Gefion,360008,16.83,,,,,,,,,0.1208,2.73,2.4,8.51
1441,361389,16.41,-0.26,516,1272,Gefion,361389,16.66,,,,,,,,,0.1126,2.745,2.436,9.37
1442,361810,16.44,-0.13,516,1272,Gefion,361810,16.52,,,,,,,,,0.1233,2.762,2.421,8.41
1443,361864,16.38,0.03,516,1272,Gefion,361864,16.61,,,,,,,,,0.0939,2.788,2.526,9.44
1444,361868,17.08,0.1,516,1272,Gefion,361868,17.25,,,,,,,,,0.0889,2.805,2.555,8.98
1445,362742,16.9,-0.05,516,1272,Gefion,362742,16.9,,,,,,,,,0.1241,2.772,2.428,9.99
1446,362832,15.82,0.07,516,1272,Gefion,362832,16.13,,,,,,,,,0.1099,2.792,2.485,10.19
1447,362952,15.85,0.0,516,1272,Gefion,362952,16.11,,,,,,,,,0.1008,2.781,2.501,8.21
1448,363961,17.11,-0.11,516,1272,Gefion,363961,17.2,,,,,,,,,0.1514,2.762,2.344,8.14
1449,364889,16.4,-0.32,516,1272,Gefion,364889,16.41,,,,,,,,,0.1246,2.737,2.396,9.45
1450,365594,16.45,-0.06,516,1272,Gefion,365594,16.55,,,,,,,,,0.0849,2.777,2.541,8.09
1451,365976,16.03,-0.25,516,1272,Gefion,365976,16.23,,,,,,,,,0.0915,2.754,2.502,9.89
1452,366948,16.97,-0.11,516,1272,Gefion,366948,17.11,,,,,,,,,0.1303,2.766,2.405,9.62
1453,367203,16.85,-0.22,516,1272,Gefion,367203,16.94,,,,,,,,,0.0932,2.742,2.487,8.04
1454,367667,15.94,0.17,516,1272,Gefion,367667,16.06,,,,,,,,,0.088,2.806,2.559,8.23
1455,368026,16.55,-0.08,516,1272,Gefion,368026,16.71,,,,,,,,,0.0846,2.771,2.537,8.3
1456,368058,16.29,-0.2,516,1272,Gefion,368058,16.53,,,,,,,,,0.1002,2.755,2.479,10.03
1457,368591,16.02,-0.33,516,1272,Gefion,368591,16.2,,,,,,,,,0.1388,2.74,2.36,8.34
1458,368634,15.73,0.14,516,1272,Gefion,368634,16.02,,,,,,,,,0.1374,2.8,2.415,7.74
1459,368740,16.41,-0.44,516,1272,Gefion,368740,16.56,,,,,,,,,0.1051,2.717,2.431,10.39
1460,369608,16.93,0.09,516,1272,Gefion,369608,16.94,,,,,,,,,0.1206,2.801,2.463,8.33
1461,369760,15.96,0.15,516,1272,Gefion,369760,16.08,,,,,,,,,0.084,2.804,2.568,8.11
1462,369902,16.03,-0.23,516,1272,Gefion,369902,16.16,,,,,,,,,0.0994,2.753,2.48,8.28
1463,370740,16.8,-0.25,516,1272,Gefion,370740,16.85,,,,,,,,,0.1417,2.737,2.349,8.77
1464,370835,15.98,0.18,516,1272,Gefion,370835,16.21,,,,,,,,,0.1413,2.807,2.411,8.88
1465,371214,16.07,0.16,516,1272,Gefion,371214,16.24,,,,,,,,,0.1317,2.804,2.435,8.57
1466,371783,16.32,0.04,516,1272,Gefion,371783,16.54,,,,,,,,,0.1217,2.79,2.45,10.43
1467,372426,16.76,-0.24,516,1272,Gefion,372426,16.78,,,,,,,,,0.1112,2.739,2.435,8.86
1468,373288,16.37,0.0,516,1272,Gefion,373288,16.43,,,,,,,,,0.1535,2.781,2.354,9.93
1469,374166,15.68,-0.1,516,1272,Gefion,374166,15.91,,,,,,,,,0.1505,2.771,2.354,10.23
1470,374524,16.71,-0.41,516,1272,Gefion,374524,16.76,,,,,,,,,0.0889,2.713,2.472,10.15
1471,374560,17.38,-0.03,516,1272,Gefion,374560,17.31,,,,,,,,,0.0965,2.777,2.509,8.74
1472,374571,16.24,-0.02,516,1272,Gefion,374571,16.44,,,,,,,,,0.15,2.78,2.363,8.64
1473,374606,16.66,0.0,516,1272,Gefion,374606,16.66,,,,,,,,,0.1312,2.782,2.417,9.13
1474,375338,16.26,0.0,516,1272,Gefion,375338,16.37,,,,,,,,,0.1432,2.783,2.385,8.11
1475,375340,16.55,-0.06,516,1272,Gefion,375340,16.75,2.814,0.061,,,,,,,0.0967,2.774,2.506,8.87
1476,375847,16.57,0.0,516,1272,Gefion,375847,16.75,,,,,,,,,0.128,2.785,2.429,9.47
1477,376301,16.58,0.06,516,1272,Gefion,376301,16.66,,,,,,,,,0.0853,2.793,2.554,9.8
1478,376430,16.42,-0.24,516,1272,Gefion,376430,16.54,,,,,,,,,0.1166,2.746,2.425,9.36
1479,376559,16.66,-0.31,516,1272,Gefion,376559,16.67,,,,,,,,,0.1301,2.731,2.376,8.95
1480,376722,16.54,0.0,516,1272,Gefion,376722,16.6,,,,,,,,,0.0897,2.787,2.537,8.5
1481,376743,16.25,-0.31,516,1272,Gefion,376743,16.39,,,,,,,,,0.1554,2.739,2.313,8.69
1482,377412,16.26,-0.48,516,1272,Gefion,377412,16.48,,,,,,,,,0.091,2.715,2.468,9.57
1483,377415,16.33,-0.4,516,1272,Gefion,377415,16.36,,,,,,,,,0.1411,2.725,2.34,7.67
1484,377466,16.02,0.13,516,1272,Gefion,377466,16.21,,,,,,,,,0.1095,2.802,2.495,7.94
1485,377882,16.25,0.06,516,1272,Gefion,377882,16.39,,,,,,,,,0.0931,2.794,2.534,9.02
1486,378891,16.21,-0.15,516,1272,Gefion,378891,16.51,,,,,,,,,0.1422,2.762,2.369,8.83
1487,379014,15.95,-0.22,516,1272,Gefion,379014,16.22,,,,,,,,,0.0988,2.756,2.483,10.52
1488,379654,16.45,-0.35,516,1272,Gefion,379654,16.52,,,,,,,,,0.131,2.728,2.37,9.88
1489,379765,16.79,-0.04,516,1272,Gefion,379765,16.96,2.123,0.098,,,,,,,0.0967,2.777,2.509,9.26
1490,379774,16.11,0.18,516,1272,Gefion,379774,16.22,,,,,,,,,0.0875,2.809,2.564,8.57
1491,379900,17.04,-0.28,516,1272,Gefion,379900,16.99,,,,,,,,,0.1098,2.726,2.427,9.96
1492,380011,16.29,0.05,516,1272,Gefion,380011,16.43,,,,,,,,,0.1443,2.79,2.387,9.29
1493,380086,16.64,-0.29,516,1272,Gefion,380086,16.73,,,,,,,,,0.1452,2.733,2.337,9.54
1494,380148,16.03,-0.37,516,1272,Gefion,380148,16.32,,,,,,,,,0.0886,2.737,2.494,9.33
1495,380902,16.62,-0.34,516,1272,Gefion,380902,16.67,3.195,0.03,,,,,,,0.0892,2.726,2.483,10.12
1496,380947,16.16,-0.21,516,1272,Gefion,380947,16.38,,,,,,,,,0.1386,2.757,2.375,10.16
1497,381440,16.2,-0.18,516,1272,Gefion,381440,16.41,,,,,,,,,0.1352,2.758,2.385,8.77
1498,381514,16.26,-0.28,516,1272,Gefion,2006 SM381,18.4,,,,,,,,,0.1346,2.807,2.429,10.37
1499,381537,16.41,-0.03,516,1272,Gefion,381537,16.6,,,,,,,,,0.1421,2.781,2.386,8.43
1500,381922,16.65,0.1,516,1272,Gefion,381922,16.7,,,,,,,,,0.1192,2.803,2.469,8.56
1501,382145,16.2,-0.19,516,1272,Gefion,382145,16.35,,,,,,,,,0.1126,2.758,2.448,10.42
1502,382216,16.68,-0.24,516,1272,Gefion,382216,16.75,,,,,,,,,0.108,2.741,2.445,7.94
1503,382326,16.17,-0.05,516,1272,Gefion,382326,16.4,,,,,,,,,0.152,2.775,2.354,9.05
1504,382371,16.55,-0.21,516,1272,Gefion,382371,16.51,,,,,,,,,0.1178,2.75,2.426,8.87
1505,382807,16.14,0.11,516,1272,Gefion,382807,16.29,,,,,,,,,0.1526,2.801,2.373,9.7
1506,382973,16.22,-0.25,516,1272,Gefion,382973,16.46,,,,,,,,,0.0959,2.749,2.485,10.13
1507,383322,16.07,-0.35,516,1272,Gefion,383322,16.32,,,,,,,,,0.0924,2.738,2.485,9.97
1508,383931,17.01,-0.08,516,1272,Gefion,383931,17.06,,,,,,,,,0.1274,2.769,2.416,8.2
1509,383957,16.56,-0.37,516,1272,Gefion,383957,16.72,2.942,0.043,,,,,,,0.1222,2.723,2.391,8.88
1510,384002,16.45,-0.22,516,1272,Gefion,384002,16.54,3.233,0.042,,,,,,,0.1127,2.749,2.439,10.0
1511,384010,16.22,-0.16,516,1272,Gefion,384010,16.37,,,,,,,,,0.0932,2.761,2.504,7.96
1512,384581,16.03,0.18,516,1272,Gefion,384581,16.14,,,,,,,,,0.1082,2.808,2.504,10.22
1513,385157,16.17,-0.3,516,1272,Gefion,385157,16.21,,,,,,,,,0.0862,2.744,2.507,8.76
1514,385456,16.79,-0.32,516,1272,Gefion,385456,16.79,,,,,,,,,0.0909,2.726,2.478,8.94
1515,385485,16.54,0.15,516,1272,Gefion,385485,16.62,,,,,,,,,0.1323,2.81,2.438,9.73
1516,386746,17.22,-0.06,516,1272,Gefion,386746,17.18,2.363,0.029,,,,,,,0.1055,2.769,2.477,8.05
1517,387964,16.07,0.08,516,1272,Gefion,387964,16.24,,,,,,,,,0.0902,2.795,2.543,9.21
1518,388578,16.67,-0.28,516,1272,Gefion,388578,16.67,,,,,,,,,0.1328,2.736,2.373,9.54
1519,388643,16.4,0.18,516,1272,Gefion,388643,16.56,,,,,,,,,0.1226,2.813,2.468,9.18
1520,388661,16.23,-0.14,516,1272,Gefion,388661,16.61,,,,,,,,,0.1535,2.764,2.34,9.25
1521,388746,16.55,0.14,516,1272,Gefion,388746,16.8,,,,,,,,,0.1252,2.808,2.457,10.07
1522,388936,17.46,-0.19,516,1272,Gefion,388936,17.42,,,,,,,,,0.115,2.737,2.422,8.2
1523,389682,16.49,-0.29,516,1272,Gefion,389682,16.57,,,,,,,,,0.1173,2.737,2.416,8.52
1524,389772,16.84,-0.05,516,1272,Gefion,389772,16.95,,,,,,,,,0.1392,2.774,2.388,8.57
1525,389881,16.97,-0.28,516,1272,Gefion,389881,16.97,,,,,,,,,0.1305,2.729,2.373,9.03
1526,390408,17.2,-0.19,516,1272,Gefion,390408,17.23,,,,,,,,,0.099,2.742,2.47,7.74
1527,390917,17.1,-0.33,516,1272,Gefion,390917,17.21,,,,,,,,,0.0916,2.713,2.464,8.57
1528,390941,16.26,-0.08,516,1272,Gefion,390941,16.37,,,,,,,,,0.1491,2.772,2.358,9.73
1529,391509,16.94,0.0,516,1272,Gefion,391509,17.12,,,,,,,,,0.1331,2.784,2.413,8.29
1530,392009,16.51,-0.07,516,1272,Gefion,392009,16.6,,,,,,,,,0.0909,2.771,2.519,9.29
1531,392101,16.82,0.07,516,1272,Gefion,392101,16.85,,,,,,,,,0.1186,2.796,2.464,8.77
1532,392591,16.91,-0.28,516,1272,Gefion,392591,16.96,2.812,0.056,,,,,,,0.1067,2.729,2.437,8.79
